[2m11:21:38[22m [36m[1m[vite][22m[39m [90m[2m(client)[22m[39m Re-optimizing dependencies because lockfile has changed

  [32m[1mVITE[22m v8.2.2[39m  [2mready in [0m[1m733[22m[2m[0m ms[22m

  [32m➜[39m  [1mLocal[22m:   [36mhttp://localhost:[1m5173[22m/[39m
[2m  [32m➜[39m  [1mNetwork[22m[2m: use [22m[1m--host[22m[2m to expose[22m
[2m11:21:40[22m [36m[1m[vite][22m[39m [90m[2m(client)[22m[39m [optimizer] scanning dependencies...
[2m11:21:42[22m [36m[1m[vite][22m[39m [90m[2m(client)[22m[39m [optimizer] bundling dependencies...
[2m11:22:17[22m [36m[1m[vite][22m[39m [90m[2m(client)[22m[39m [32mhmr update [39m[2m/src/index.css[22m
[2m11:22:53[22m [36m[1m[vite][22m[39m [90m[2m(client)[22m[39m [32mhmr update [39m[2m/src/index.css[22m
[2m11:23:13[22m [36m[1m[vite][22m[39m [90m[2m(client)[22m[39m [32mhmr update [39m[2m/src/index.css, /src/main.tsx, /src/App.tsx, /src/components/layout/SplitViewContext.tsx, /src/components/layout/RequestsAppsMenu.tsx, /src/components/layout/PaneErrorBoundary.tsx, /src/components/ui-shared/LanguageSwitcher.tsx, /src/components/ui-shared/Loader.tsx, /src/components/layout/MainLayout.tsx, /src/pages/crm/components/ReminderToasts.tsx, /src/components/ui-shared/TableKit.tsx, /src/pages/project/ProjectDetail.tsx, /src/pages/project/features/components/detail/ProjectDetailHeader.tsx and 19 more[22m
[2m11:23:13[22m [36m[1m[vite][22m[39m [90m[2m(client)[22m[39m [32mhmr update [39m[2m/src/index.css, /src/main.tsx, /src/App.tsx, /src/components/layout/SplitViewContext.tsx, /src/components/layout/RequestsAppsMenu.tsx, /src/components/layout/PaneErrorBoundary.tsx, /src/components/ui-shared/LanguageSwitcher.tsx, /src/components/ui-shared/Loader.tsx, /src/components/layout/MainLayout.tsx, /src/pages/crm/components/ReminderToasts.tsx, /src/components/ui-shared/TableKit.tsx, /src/pages/project/ProjectDetail.tsx, /src/pages/project/features/components/detail/ProjectDetailHeader.tsx and 19 more[22m
[2m11:23:13[22m [36m[1m[vite][22m[39m [90m[2m(client)[22m[39m [32mhmr update [39m[2m/src/index.css, /src/main.tsx, /src/App.tsx, /src/components/layout/SplitViewContext.tsx, /src/components/layout/RequestsAppsMenu.tsx, /src/components/layout/PaneErrorBoundary.tsx, /src/components/ui-shared/LanguageSwitcher.tsx, /src/components/ui-shared/Loader.tsx, /src/components/layout/MainLayout.tsx, /src/pages/crm/components/ReminderToasts.tsx, /src/components/ui-shared/TableKit.tsx, /src/pages/project/ProjectDetail.tsx, /src/pages/project/features/components/detail/ProjectDetailHeader.tsx and 19 more[22m
[2m11:23:19[22m [36m[1m[vite][22m[39m [90m[2m(client)[22m[39m [33mhmr invalidate [39m[2m/src/main.tsx[22m Could not Fast Refresh ("true" export is incompatible). Learn more at https://github.com/vitejs/vite-plugin-react/tree/main/packages/plugin-react#consistent-components-exports
[2m11:23:19[22m [36m[1m[vite][22m[39m [90m[2m(client)[22m[39m [32mpage reload [39m[2msrc/main.tsx[22m
[2m11:23:19[22m [36m[1m[vite][22m[39m [90m[2m(client)[22m[39m [33mhmr invalidate [39m[2m/src/components/layout/SplitViewContext.tsx[22m Could not Fast Refresh ("SPLITABLE_ROUTES" export is incompatible). Learn more at https://github.com/vitejs/vite-plugin-react/tree/main/packages/plugin-react#consistent-components-exports
[2m11:23:19[22m [36m[1m[vite][22m[39m [90m[2m(client)[22m[39m [32mhmr update [39m[2m/src/components/layout/MainLayout.tsx, /src/components/layout/SplitViewToggle.tsx, /src/components/layout/PrimaryPane.tsx, /src/components/layout/SecondaryPane.tsx[22m
[2m11:23:19[22m [36m[1m[vite][22m[39m [90m[2m(client)[22m[39m [33mhmr invalidate [39m[2m/src/pages/project/features/components/detail/ProjectSectionRenderer.tsx[22m Could not Fast Refresh ("renderProjectSection" export is incompatible). Learn more at https://github.com/vitejs/vite-plugin-react/tree/main/packages/plugin-react#consistent-components-exports
[2m11:23:19[22m [36m[1m[vite][22m[39m [90m[2m(client)[22m[39m [32mhmr update [39m[2m/src/pages/project/ProjectDetail.tsx[22m
[2m11:23:19[22m [31m[1m[vite][22m[39m [31m[2m(client)[22m[39m [2m[console.error] [22mYou are calling ReactDOMClient.createRoot() on a container that has already been passed to createRoot() before. Instead, call root.render() on the existing root instead if you want to update it.
[2m11:23:22[22m [31m[1m[vite][22m[39m [31m[2m(client)[22m[39m [31m[Unhandled error] [1mError[22m: Usesplitview Must Be Used Within Splitviewprovid
[39m > useSplitView src/components/layout/SplitViewContext.tsx:126:20
    124 |  export const useSplitView = () => {
    125 |      const ctx = useContext(SplitViewContext);
    126 |      if (!ctx) throw new Error(t('auto.usesplitview_must_be_used_within_splitviewprovid'));
        |                      ^
    127 |      return ctx;
    128 |  };
 > SplitViewToggle src/components/layout/SplitViewToggle.tsx?t=1787905393977:17:47
 > Object.react_stack_bottom_frame node_modules/react-dom/cjs/react-dom-client.development.js:25904:19
 > renderWithHooks node_modules/react-dom/cjs/react-dom-client.development.js:7662:21
 > updateFunctionComponent node_modules/react-dom/cjs/react-dom-client.development.js:10166:18
 > beginWork node_modules/react-dom/cjs/react-dom-client.development.js:11778:17
 > runWithFiberInDEV node_modules/react-dom/cjs/react-dom-client.development.js:871:29
 > performUnitOfWork node_modules/react-dom/cjs/react-dom-client.development.js:17641:21
 > workLoopSync node_modules/react-dom/cjs/react-dom-client.development.js:17469:40
 > renderRootSync node_modules/react-dom/cjs/react-dom-client.development.js:17450:10

[2m11:23:22[22m [33m[1m[vite][22m[39m [33m[2m(client)[22m[39m [2m[console.warn] [22mAn error occurred in the <SplitViewToggle> component.

Consider adding an error boundary to your tree to customize error handling behavior.
Visit https://react.dev/link/error-boundaries to learn more about error boundaries.

[2m11:23:22[22m [31m[1m[vite][22m[39m [31m[2m(client)[22m[39m [31m[Unhandled error] [1mError[22m: Usesplitview Must Be Used Within Splitviewprovid
[39m > useSplitView src/components/layout/SplitViewContext.tsx:126:20
    124 |  export const useSplitView = () => {
    125 |      const ctx = useContext(SplitViewContext);
    126 |      if (!ctx) throw new Error(t('auto.usesplitview_must_be_used_within_splitviewprovid'));
        |                      ^
    127 |      return ctx;
    128 |  };
 > SplitViewToggle src/components/layout/SplitViewToggle.tsx?t=1787905393977:17:47
 > Object.react_stack_bottom_frame node_modules/react-dom/cjs/react-dom-client.development.js:25904:19
 > renderWithHooks node_modules/react-dom/cjs/react-dom-client.development.js:7662:21
 > updateFunctionComponent node_modules/react-dom/cjs/react-dom-client.development.js:10166:18
 > beginWork node_modules/react-dom/cjs/react-dom-client.development.js:11778:17
 > runWithFiberInDEV node_modules/react-dom/cjs/react-dom-client.development.js:871:29
 > performUnitOfWork node_modules/react-dom/cjs/react-dom-client.development.js:17641:21
 > workLoopSync node_modules/react-dom/cjs/react-dom-client.development.js:17469:40
 > renderRootSync node_modules/react-dom/cjs/react-dom-client.development.js:17450:10

[2m11:23:22[22m [33m[1m[vite][22m[39m [33m[2m(client)[22m[39m [2m[console.warn] [22mAn error occurred in the <SplitViewToggle> component.

Consider adding an error boundary to your tree to customize error handling behavior.
Visit https://react.dev/link/error-boundaries to learn more about error boundaries.

[2m11:23:22[22m [36m[1m[vite][22m[39m [90m[2m(client)[22m[39m [33mhmr invalidate [39m[2m/src/main.tsx[22m Could not Fast Refresh ("true" export is incompatible). Learn more at https://github.com/vitejs/vite-plugin-react/tree/main/packages/plugin-react#consistent-components-exports
[2m11:23:22[22m [36m[1m[vite][22m[39m [90m[2m(client)[22m[39m [32mpage reload [39m[2msrc/main.tsx[22m
[2m11:23:22[22m [31m[1m[vite][22m[39m [31m[2m(client)[22m[39m [2m[console.error] [22mYou are calling ReactDOMClient.createRoot() on a container that has already been passed to createRoot() before. Instead, call root.render() on the existing root instead if you want to update it.
[2m11:23:22[22m [31m[1m[vite][22m[39m [31m[2m(client)[22m[39m [2m[console.error] [22mYou are calling ReactDOMClient.createRoot() on a container that has already been passed to createRoot() before. Instead, call root.render() on the existing root instead if you want to update it.
[2m11:23:23[22m [31m[1m[vite][22m[39m [31m[2m(client)[22m[39m [31m[Unhandled error] [1mError[22m: Usesplitview Must Be Used Within Splitviewprovid
[39m > useSplitView src/components/layout/SplitViewContext.tsx:126:20
    124 |  export const useSplitView = () => {
    125 |      const ctx = useContext(SplitViewContext);
    126 |      if (!ctx) throw new Error(t('auto.usesplitview_must_be_used_within_splitviewprovid'));
        |                      ^
    127 |      return ctx;
    128 |  };
 > SplitViewToggle src/components/layout/SplitViewToggle.tsx?t=1787905393977:17:47
 > Object.react_stack_bottom_frame node_modules/react-dom/cjs/react-dom-client.development.js:25904:19
 > renderWithHooks node_modules/react-dom/cjs/react-dom-client.development.js:7662:21
 > updateFunctionComponent node_modules/react-dom/cjs/react-dom-client.development.js:10166:18
 > beginWork node_modules/react-dom/cjs/react-dom-client.development.js:11778:17
 > runWithFiberInDEV node_modules/react-dom/cjs/react-dom-client.development.js:871:29
 > performUnitOfWork node_modules/react-dom/cjs/react-dom-client.development.js:17641:21
 > workLoopSync node_modules/react-dom/cjs/react-dom-client.development.js:17469:40
 > renderRootSync node_modules/react-dom/cjs/react-dom-client.development.js:17450:10

[2m11:23:23[22m [33m[1m[vite][22m[39m [33m[2m(client)[22m[39m [2m[console.warn] [22mAn error occurred in the <SplitViewToggle> component.

Consider adding an error boundary to your tree to customize error handling behavior.
Visit https://react.dev/link/error-boundaries to learn more about error boundaries.

[2m11:23:23[22m [31m[1m[vite][22m[39m [31m[2m(client)[22m[39m [31m[Unhandled error] [1mError[22m: Usesplitview Must Be Used Within Splitviewprovid
[39m > useSplitView src/components/layout/SplitViewContext.tsx:126:20
    124 |  export const useSplitView = () => {
    125 |      const ctx = useContext(SplitViewContext);
    126 |      if (!ctx) throw new Error(t('auto.usesplitview_must_be_used_within_splitviewprovid'));
        |                      ^
    127 |      return ctx;
    128 |  };
 > SplitViewToggle src/components/layout/SplitViewToggle.tsx?t=1787905393977:17:47
 > Object.react_stack_bottom_frame node_modules/react-dom/cjs/react-dom-client.development.js:25904:19
 > renderWithHooks node_modules/react-dom/cjs/react-dom-client.development.js:7662:21
 > updateFunctionComponent node_modules/react-dom/cjs/react-dom-client.development.js:10166:18
 > beginWork node_modules/react-dom/cjs/react-dom-client.development.js:11778:17
 > runWithFiberInDEV node_modules/react-dom/cjs/react-dom-client.development.js:871:29
 > performUnitOfWork node_modules/react-dom/cjs/react-dom-client.development.js:17641:21
 > workLoopSync node_modules/react-dom/cjs/react-dom-client.development.js:17469:40
 > renderRootSync node_modules/react-dom/cjs/react-dom-client.development.js:17450:10

[2m11:23:23[22m [33m[1m[vite][22m[39m [33m[2m(client)[22m[39m [2m[console.warn] [22mAn error occurred in the <SplitViewToggle> component.

Consider adding an error boundary to your tree to customize error handling behavior.
Visit https://react.dev/link/error-boundaries to learn more about error boundaries.

[2m11:23:23[22m [31m[1m[vite][22m[39m [31m[2m(client)[22m[39m [31m[Unhandled error] [1mError[22m: Usesplitview Must Be Used Within Splitviewprovid
[39m > useSplitView src/components/layout/SplitViewContext.tsx:126:20
    124 |  export const useSplitView = () => {
    125 |      const ctx = useContext(SplitViewContext);
    126 |      if (!ctx) throw new Error(t('auto.usesplitview_must_be_used_within_splitviewprovid'));
        |                      ^
    127 |      return ctx;
    128 |  };
 > SplitViewToggle src/components/layout/SplitViewToggle.tsx?t=1787905393977:17:47
 > Object.react_stack_bottom_frame node_modules/react-dom/cjs/react-dom-client.development.js:25904:19
 > renderWithHooks node_modules/react-dom/cjs/react-dom-client.development.js:7662:21
 > updateFunctionComponent node_modules/react-dom/cjs/react-dom-client.development.js:10166:18
 > beginWork node_modules/react-dom/cjs/react-dom-client.development.js:11778:17
 > runWithFiberInDEV node_modules/react-dom/cjs/react-dom-client.development.js:871:29
 > performUnitOfWork node_modules/react-dom/cjs/react-dom-client.development.js:17641:21
 > workLoopSync node_modules/react-dom/cjs/react-dom-client.development.js:17469:40
 > renderRootSync node_modules/react-dom/cjs/react-dom-client.development.js:17450:10

[2m11:23:23[22m [33m[1m[vite][22m[39m [33m[2m(client)[22m[39m [2m[console.warn] [22mAn error occurred in the <SplitViewToggle> component.

Consider adding an error boundary to your tree to customize error handling behavior.
Visit https://react.dev/link/error-boundaries to learn more about error boundaries.

[2m11:23:23[22m [31m[1m[vite][22m[39m [31m[2m(client)[22m[39m [31m[Unhandled error] [1mError[22m: Usesplitview Must Be Used Within Splitviewprovid
[39m > useSplitView src/components/layout/SplitViewContext.tsx:126:20
    124 |  export const useSplitView = () => {
    125 |      const ctx = useContext(SplitViewContext);
    126 |      if (!ctx) throw new Error(t('auto.usesplitview_must_be_used_within_splitviewprovid'));
        |                      ^
    127 |      return ctx;
    128 |  };
 > SplitViewToggle src/components/layout/SplitViewToggle.tsx?t=1787905393977:17:47
 > Object.react_stack_bottom_frame node_modules/react-dom/cjs/react-dom-client.development.js:25904:19
 > renderWithHooks node_modules/react-dom/cjs/react-dom-client.development.js:7662:21
 > updateFunctionComponent node_modules/react-dom/cjs/react-dom-client.development.js:10166:18
 > beginWork node_modules/react-dom/cjs/react-dom-client.development.js:11778:17
 > runWithFiberInDEV node_modules/react-dom/cjs/react-dom-client.development.js:871:29
 > performUnitOfWork node_modules/react-dom/cjs/react-dom-client.development.js:17641:21
 > workLoopSync node_modules/react-dom/cjs/react-dom-client.development.js:17469:40
 > renderRootSync node_modules/react-dom/cjs/react-dom-client.development.js:17450:10

[2m11:23:23[22m [33m[1m[vite][22m[39m [33m[2m(client)[22m[39m [2m[console.warn] [22mAn error occurred in the <SplitViewToggle> component.

Consider adding an error boundary to your tree to customize error handling behavior.
Visit https://react.dev/link/error-boundaries to learn more about error boundaries.

[2m11:23:26[22m [31m[1m[vite][22m[39m [31mhttp proxy error: /api/v1/personnel/leaves/counts[39m
AggregateError [ECONNREFUSED]: 
    at internalConnectMultiple (node:net:1142:49)
    at afterConnectMultiple (node:net:1723:7)
[2m11:23:26[22m [31m[1m[vite][22m[39m [31mhttp proxy error: /api/v1/mail/messages/stats[39m
AggregateError [ECONNREFUSED]: 
    at internalConnectMultiple (node:net:1142:49)
    at afterConnectMultiple (node:net:1723:7)
[2m11:23:26[22m [31m[1m[vite][22m[39m [31mhttp proxy error: /api/v1/enquiries/stats[39m
AggregateError [ECONNREFUSED]: 
    at internalConnectMultiple (node:net:1142:49)
    at afterConnectMultiple (node:net:1723:7)
[2m11:23:32[22m [36m[1m[vite][22m[39m [90m[2m(client)[22m[39m [32mhmr update [39m[2m/src/index.css, /src/components/layout/MainLayout.tsx, /src/routes/montageRoutes.tsx, /src/pages/Home.tsx[22m
[2m11:23:35[22m [36m[1m[vite][22m[39m [90m[2m(client)[22m[39m [33mhmr invalidate [39m[2m/src/routes/montageRoutes.tsx[22m Could not Fast Refresh ("renderMontageRoutes" export is incompatible). Learn more at https://github.com/vitejs/vite-plugin-react/tree/main/packages/plugin-react#consistent-components-exports
[2m11:23:35[22m [36m[1m[vite][22m[39m [90m[2m(client)[22m[39m [32mhmr update [39m[2m/src/routes/AppRouter.tsx, /src/routes/appPageRoutes.tsx[22m
[2m11:23:36[22m [36m[1m[vite][22m[39m [90m[2m(client)[22m[39m [33mhmr invalidate [39m[2m/src/routes/appPageRoutes.tsx[22m Could not Fast Refresh ("renderAppPageRoutes" export is incompatible). Learn more at https://github.com/vitejs/vite-plugin-react/tree/main/packages/plugin-react#consistent-components-exports
[2m11:23:36[22m [36m[1m[vite][22m[39m [90m[2m(client)[22m[39m [32mhmr update [39m[2m/src/routes/AppRouter.tsx[22m
[2m11:29:20[22m [36m[1m[vite][22m[39m [90m[2m(client)[22m[39m [32mhmr update [39m[2m/src/index.css, /src/pages/project/features/components/detail/tabs/overview/SalesPdfButton.tsx, /src/pages/sales/TenderDetail.tsx[22m
[2m11:29:35[22m [36m[1m[vite][22m[39m [90m[2m(client)[22m[39m [32mhmr update [39m[2m/src/index.css, /src/pages/project/features/components/detail/tabs/overview/SalesPdfButton.tsx, /src/pages/sales/TenderDetail.tsx[22m
[2m11:29:55[22m [36m[1m[vite][22m[39m [90m[2m(client)[22m[39m [32mhmr update [39m[2m/src/index.css, /src/pages/project/features/components/detail/tabs/overview/SalesPdfButton.tsx, /src/pages/sales/TenderDetail.tsx[22m
[2m11:30:09[22m [36m[1m[vite][22m[39m [90m[2m(client)[22m[39m [32mhmr update [39m[2m/src/index.css, /src/pages/project/features/components/detail/tabs/overview/SalesPdfButton.tsx, /src/pages/sales/TenderDetail.tsx[22m
[2m11:30:21[22m [36m[1m[vite][22m[39m [90m[2m(client)[22m[39m [32mhmr update [39m[2m/src/index.css, /src/pages/project/features/components/detail/tabs/overview/SalesPdfButton.tsx[22m
[2m11:30:47[22m [36m[1m[vite][22m[39m [90m[2m(client)[22m[39m [32mhmr update [39m[2m/src/index.css[22m
[2m11:31:02[22m [36m[1m[vite][22m[39m [90m[2m(client)[22m[39m [32mhmr update [39m[2m/src/index.css, /src/main.tsx, /src/App.tsx, /src/components/layout/SplitViewContext.tsx, /src/components/layout/RequestsAppsMenu.tsx, /src/components/layout/PaneErrorBoundary.tsx, /src/components/ui-shared/LanguageSwitcher.tsx, /src/components/ui-shared/Loader.tsx, /src/components/layout/MainLayout.tsx, /src/pages/crm/components/ReminderToasts.tsx, /src/components/ui-shared/TableKit.tsx, /src/pages/project/ProjectDetail.tsx, /src/pages/project/features/components/detail/ProjectDetailHeader.tsx and 108 more[22m
[2m11:31:02[22m [36m[1m[vite][22m[39m [90m[2m(client)[22m[39m [32mhmr update [39m[2m/src/index.css, /src/main.tsx, /src/App.tsx, /src/components/layout/SplitViewContext.tsx, /src/components/layout/RequestsAppsMenu.tsx, /src/components/layout/PaneErrorBoundary.tsx, /src/components/ui-shared/LanguageSwitcher.tsx, /src/components/ui-shared/Loader.tsx, /src/components/layout/MainLayout.tsx, /src/pages/crm/components/ReminderToasts.tsx, /src/components/ui-shared/TableKit.tsx, /src/pages/project/ProjectDetail.tsx, /src/pages/project/features/components/detail/ProjectDetailHeader.tsx and 108 more[22m
[2m11:31:02[22m [36m[1m[vite][22m[39m [90m[2m(client)[22m[39m [32mhmr update [39m[2m/src/index.css, /src/main.tsx, /src/App.tsx, /src/components/layout/SplitViewContext.tsx, /src/components/layout/RequestsAppsMenu.tsx, /src/components/layout/PaneErrorBoundary.tsx, /src/components/ui-shared/LanguageSwitcher.tsx, /src/components/ui-shared/Loader.tsx, /src/components/layout/MainLayout.tsx, /src/pages/crm/components/ReminderToasts.tsx, /src/components/ui-shared/TableKit.tsx, /src/pages/project/ProjectDetail.tsx, /src/pages/project/features/components/detail/ProjectDetailHeader.tsx and 108 more[22m
[2m11:31:08[22m [36m[1m[vite][22m[39m [90m[2m(client)[22m[39m [33mhmr invalidate [39m[2m/src/main.tsx[22m Could not Fast Refresh ("true" export is incompatible). Learn more at https://github.com/vitejs/vite-plugin-react/tree/main/packages/plugin-react#consistent-components-exports
[2m11:31:08[22m [36m[1m[vite][22m[39m [90m[2m(client)[22m[39m [32mpage reload [39m[2msrc/main.tsx[22m
[2m11:31:08[22m [36m[1m[vite][22m[39m [90m[2m(client)[22m[39m [33mhmr invalidate [39m[2m/src/components/layout/SplitViewContext.tsx[22m Could not Fast Refresh ("SPLITABLE_ROUTES" export is incompatible). Learn more at https://github.com/vitejs/vite-plugin-react/tree/main/packages/plugin-react#consistent-components-exports
[2m11:31:08[22m [36m[1m[vite][22m[39m [90m[2m(client)[22m[39m [32mhmr update [39m[2m/src/components/layout/MainLayout.tsx, /src/components/layout/SplitViewToggle.tsx, /src/components/layout/PrimaryPane.tsx, /src/components/layout/SecondaryPane.tsx[22m
[2m11:31:08[22m [36m[1m[vite][22m[39m [90m[2m(client)[22m[39m [33mhmr invalidate [39m[2m/src/pages/project/features/components/detail/ProjectSectionRenderer.tsx[22m Could not Fast Refresh ("renderProjectSection" export is incompatible). Learn more at https://github.com/vitejs/vite-plugin-react/tree/main/packages/plugin-react#consistent-components-exports
[2m11:31:08[22m [36m[1m[vite][22m[39m [90m[2m(client)[22m[39m [32mhmr update [39m[2m/src/pages/project/ProjectDetail.tsx[22m
[2m11:31:08[22m [36m[1m[vite][22m[39m [90m[2m(client)[22m[39m [33mhmr invalidate [39m[2m/src/pages/calendar/components/DayPlanRows.tsx[22m Could not Fast Refresh ("appendDay" export is incompatible). Learn more at https://github.com/vitejs/vite-plugin-react/tree/main/packages/plugin-react#consistent-components-exports
[2m11:31:08[22m [36m[1m[vite][22m[39m [90m[2m(client)[22m[39m [32mhmr update [39m[2m/src/pages/calendar/CalendarPage.tsx, /src/pages/calendar/components/CreatePopup.tsx, /src/pages/calendar/components/AppointmentDaysPane.tsx[22m
[2m11:31:08[22m [36m[1m[vite][22m[39m [90m[2m(client)[22m[39m [33mhmr invalidate [39m[2m/src/pages/maintenance/MaintenanceShared.tsx[22m Could not Fast Refresh ("STATUS_VARIANT" export is incompatible). Learn more at https://github.com/vitejs/vite-plugin-react/tree/main/packages/plugin-react#consistent-components-exports
[2m11:31:08[22m [36m[1m[vite][22m[39m [90m[2m(client)[22m[39m [32mhmr update [39m[2m/src/pages/calendar/CalendarPage.tsx[22m
[2m11:31:08[22m [36m[1m[vite][22m[39m [90m[2m(client)[22m[39m [33mhmr invalidate [39m[2m/src/components/ui-shared/AppointmentDocuments.tsx[22m Could not Fast Refresh ("acceptableFiles" export is incompatible). Learn more at https://github.com/vitejs/vite-plugin-react/tree/main/packages/plugin-react#consistent-components-exports
[2m11:31:08[22m [36m[1m[vite][22m[39m [90m[2m(client)[22m[39m [32mhmr update [39m[2m/src/pages/calendar/components/DetailPopup.tsx, /src/pages/calendar/components/CreatePopup.tsx, /src/pages/calendar/components/AppointmentDaysPane.tsx[22m
[2m11:31:09[22m [31m[1m[vite][22m[39m [31m[2m(client)[22m[39m [31m[Unhandled error] [1mError[22m: Usesplitview Must Be Used Within Splitviewprovid
[39m > useSplitView src/components/layout/SplitViewContext.tsx:126:20
    124 |  export const useSplitView = () => {
    125 |      const ctx = useContext(SplitViewContext);
    126 |      if (!ctx) throw new Error(t('auto.usesplitview_must_be_used_within_splitviewprovid'));
        |                      ^
    127 |      return ctx;
    128 |  };
 > MainLayoutInner src/components/layout/MainLayout.tsx:589:98
 > Object.react_stack_bottom_frame node_modules/react-dom/cjs/react-dom-client.development.js:25904:19
 > renderWithHooks node_modules/react-dom/cjs/react-dom-client.development.js:7662:21
 > updateFunctionComponent node_modules/react-dom/cjs/react-dom-client.development.js:10166:18
 > beginWork node_modules/react-dom/cjs/react-dom-client.development.js:11778:17
 > runWithFiberInDEV node_modules/react-dom/cjs/react-dom-client.development.js:871:29
 > performUnitOfWork node_modules/react-dom/cjs/react-dom-client.development.js:17641:21
 > workLoopSync node_modules/react-dom/cjs/react-dom-client.development.js:17469:40
 > renderRootSync node_modules/react-dom/cjs/react-dom-client.development.js:17450:10

[2m11:31:09[22m [33m[1m[vite][22m[39m [33m[2m(client)[22m[39m [2m[console.warn] [22mAn error occurred in the <MainLayoutInner> component.

Consider adding an error boundary to your tree to customize error handling behavior.
Visit https://react.dev/link/error-boundaries to learn more about error boundaries.

[2m11:31:09[22m [36m[1m[vite][22m[39m [90m[2m(client)[22m[39m [33mhmr invalidate [39m[2m/src/main.tsx[22m Could not Fast Refresh ("true" export is incompatible). Learn more at https://github.com/vitejs/vite-plugin-react/tree/main/packages/plugin-react#consistent-components-exports
[2m11:31:09[22m [36m[1m[vite][22m[39m [90m[2m(client)[22m[39m [32mpage reload [39m[2msrc/main.tsx[22m
[2m11:31:09[22m [36m[1m[vite][22m[39m [90m[2m(client)[22m[39m [33mhmr invalidate [39m[2m/src/pages/project/features/components/detail/ProjectSectionRenderer.tsx[22m Could not Fast Refresh ("renderProjectSection" export is incompatible). Learn more at https://github.com/vitejs/vite-plugin-react/tree/main/packages/plugin-react#consistent-components-exports
[2m11:31:09[22m [36m[1m[vite][22m[39m [90m[2m(client)[22m[39m [32mhmr update [39m[2m/src/pages/project/ProjectDetail.tsx[22m
[2m11:31:09[22m [36m[1m[vite][22m[39m [90m[2m(client)[22m[39m [33mhmr invalidate [39m[2m/src/main.tsx[22m Could not Fast Refresh ("true" export is incompatible). Learn more at https://github.com/vitejs/vite-plugin-react/tree/main/packages/plugin-react#consistent-components-exports
[2m11:31:09[22m [36m[1m[vite][22m[39m [90m[2m(client)[22m[39m [32mpage reload [39m[2msrc/main.tsx[22m
[2m11:31:09[22m [31m[1m[vite][22m[39m [31m[2m(client)[22m[39m [31m[Unhandled error] [1mError[22m: Usesplitview Must Be Used Within Splitviewprovid
[39m > useSplitView src/components/layout/SplitViewContext.tsx:126:20
    124 |  export const useSplitView = () => {
    125 |      const ctx = useContext(SplitViewContext);
    126 |      if (!ctx) throw new Error(t('auto.usesplitview_must_be_used_within_splitviewprovid'));
        |                      ^
    127 |      return ctx;
    128 |  };
 > MainLayoutInner src/components/layout/MainLayout.tsx:589:98
 > Object.react_stack_bottom_frame node_modules/react-dom/cjs/react-dom-client.development.js:25904:19
 > renderWithHooks node_modules/react-dom/cjs/react-dom-client.development.js:7662:21
 > updateFunctionComponent node_modules/react-dom/cjs/react-dom-client.development.js:10166:18
 > beginWork node_modules/react-dom/cjs/react-dom-client.development.js:11778:17
 > runWithFiberInDEV node_modules/react-dom/cjs/react-dom-client.development.js:871:29
 > performUnitOfWork node_modules/react-dom/cjs/react-dom-client.development.js:17641:21
 > workLoopSync node_modules/react-dom/cjs/react-dom-client.development.js:17469:40
 > renderRootSync node_modules/react-dom/cjs/react-dom-client.development.js:17450:10

[2m11:31:09[22m [33m[1m[vite][22m[39m [33m[2m(client)[22m[39m [2m[console.warn] [22mAn error occurred in the <MainLayoutInner> component.

Consider adding an error boundary to your tree to customize error handling behavior.
Visit https://react.dev/link/error-boundaries to learn more about error boundaries.

[2m11:32:53[22m [36m[1m[vite][22m[39m [90m[2m(client)[22m[39m [32mhmr update [39m[2m/src/index.css[22m
[2m11:33:08[22m [36m[1m[vite][22m[39m [90m[2m(client)[22m[39m [32mhmr update [39m[2m/src/index.css, /src/components/layout/RequestsAppsMenu.tsx[22m
[2m11:33:19[22m [36m[1m[vite][22m[39m [90m[2m(client)[22m[39m [32mhmr update [39m[2m/src/index.css, /src/components/layout/RequestsAppsMenu.tsx[22m
[2m11:36:54[22m [36m[1m[vite][22m[39m [90m[2m(client)[22m[39m [32mhmr update [39m[2m/src/index.css, /src/main.tsx, /src/App.tsx, /src/components/layout/SplitViewContext.tsx, /src/components/layout/RequestsAppsMenu.tsx, /src/components/layout/PaneErrorBoundary.tsx, /src/components/ui-shared/LanguageSwitcher.tsx, /src/components/ui-shared/Loader.tsx, /src/components/layout/MainLayout.tsx, /src/pages/crm/components/ReminderToasts.tsx, /src/components/ui-shared/TableKit.tsx, /src/pages/project/ProjectDetail.tsx, /src/pages/project/features/components/detail/ProjectDetailHeader.tsx and 125 more[22m
[2m11:36:54[22m [36m[1m[vite][22m[39m [90m[2m(client)[22m[39m [32mhmr update [39m[2m/src/index.css, /src/main.tsx, /src/App.tsx, /src/components/layout/SplitViewContext.tsx, /src/components/layout/RequestsAppsMenu.tsx, /src/components/layout/PaneErrorBoundary.tsx, /src/components/ui-shared/LanguageSwitcher.tsx, /src/components/ui-shared/Loader.tsx, /src/components/layout/MainLayout.tsx, /src/pages/crm/components/ReminderToasts.tsx, /src/components/ui-shared/TableKit.tsx, /src/pages/project/ProjectDetail.tsx, /src/pages/project/features/components/detail/ProjectDetailHeader.tsx and 125 more[22m
[2m11:36:56[22m [36m[1m[vite][22m[39m [90m[2m(client)[22m[39m [32mhmr update [39m[2m/src/index.css, /src/main.tsx, /src/App.tsx, /src/components/layout/SplitViewContext.tsx, /src/components/layout/RequestsAppsMenu.tsx, /src/components/layout/PaneErrorBoundary.tsx, /src/components/ui-shared/LanguageSwitcher.tsx, /src/components/ui-shared/Loader.tsx, /src/components/layout/MainLayout.tsx, /src/pages/crm/components/ReminderToasts.tsx, /src/components/ui-shared/TableKit.tsx, /src/pages/project/ProjectDetail.tsx, /src/pages/project/features/components/detail/ProjectDetailHeader.tsx and 125 more[22m
[2m11:36:57[22m [36m[1m[vite][22m[39m [90m[2m(client)[22m[39m [33mhmr invalidate [39m[2m/src/main.tsx[22m Could not Fast Refresh ("true" export is incompatible). Learn more at https://github.com/vitejs/vite-plugin-react/tree/main/packages/plugin-react#consistent-components-exports
[2m11:36:57[22m [36m[1m[vite][22m[39m [90m[2m(client)[22m[39m [32mpage reload [39m[2msrc/main.tsx[22m
[2m11:36:57[22m [36m[1m[vite][22m[39m [90m[2m(client)[22m[39m [33mhmr invalidate [39m[2m/src/components/layout/SplitViewContext.tsx[22m Could not Fast Refresh ("SPLITABLE_ROUTES" export is incompatible). Learn more at https://github.com/vitejs/vite-plugin-react/tree/main/packages/plugin-react#consistent-components-exports
[2m11:36:57[22m [36m[1m[vite][22m[39m [90m[2m(client)[22m[39m [32mhmr update [39m[2m/src/components/layout/MainLayout.tsx, /src/components/layout/SplitViewToggle.tsx, /src/components/layout/PrimaryPane.tsx, /src/components/layout/SecondaryPane.tsx[22m
[2m11:36:57[22m [31m[1m[vite][22m[39m [31m[2m(client)[22m[39m [2m[console.error] [22mYou are calling ReactDOMClient.createRoot() on a container that has already been passed to createRoot() before. Instead, call root.render() on the existing root instead if you want to update it.
[2m11:36:59[22m [31m[1m[vite][22m[39m [31m[2m(client)[22m[39m [31m[Unhandled error] [1mError[22m: Usesplitview Must Be Used Within Splitviewprovid
[39m > useSplitView src/components/layout/SplitViewContext.tsx:126:20
    124 |  export const useSplitView = () => {
    125 |      const ctx = useContext(SplitViewContext);
    126 |      if (!ctx) throw new Error(t('auto.usesplitview_must_be_used_within_splitviewprovid'));
        |                      ^
    127 |      return ctx;
    128 |  };
 > SplitViewToggle src/components/layout/SplitViewToggle.tsx?t=1787906214323:17:47
 > Object.react_stack_bottom_frame node_modules/react-dom/cjs/react-dom-client.development.js:25904:19
 > renderWithHooks node_modules/react-dom/cjs/react-dom-client.development.js:7662:21
 > updateFunctionComponent node_modules/react-dom/cjs/react-dom-client.development.js:10166:18
 > beginWork node_modules/react-dom/cjs/react-dom-client.development.js:11778:17
 > runWithFiberInDEV node_modules/react-dom/cjs/react-dom-client.development.js:871:29
 > performUnitOfWork node_modules/react-dom/cjs/react-dom-client.development.js:17641:21
 > workLoopSync node_modules/react-dom/cjs/react-dom-client.development.js:17469:40
 > renderRootSync node_modules/react-dom/cjs/react-dom-client.development.js:17450:10

[2m11:36:59[22m [33m[1m[vite][22m[39m [33m[2m(client)[22m[39m [2m[console.warn] [22mAn error occurred in the <SplitViewToggle> component.

Consider adding an error boundary to your tree to customize error handling behavior.
Visit https://react.dev/link/error-boundaries to learn more about error boundaries.

[2m11:36:59[22m [31m[1m[vite][22m[39m [31m[2m(client)[22m[39m [31m[Unhandled error] [1mError[22m: Usesplitview Must Be Used Within Splitviewprovid
[39m > useSplitView src/components/layout/SplitViewContext.tsx:126:20
    124 |  export const useSplitView = () => {
    125 |      const ctx = useContext(SplitViewContext);
    126 |      if (!ctx) throw new Error(t('auto.usesplitview_must_be_used_within_splitviewprovid'));
        |                      ^
    127 |      return ctx;
    128 |  };
 > SplitViewToggle src/components/layout/SplitViewToggle.tsx?t=1787906214323:17:47
 > Object.react_stack_bottom_frame node_modules/react-dom/cjs/react-dom-client.development.js:25904:19
 > renderWithHooks node_modules/react-dom/cjs/react-dom-client.development.js:7662:21
 > updateFunctionComponent node_modules/react-dom/cjs/react-dom-client.development.js:10166:18
 > beginWork node_modules/react-dom/cjs/react-dom-client.development.js:11778:17
 > runWithFiberInDEV node_modules/react-dom/cjs/react-dom-client.development.js:871:29
 > performUnitOfWork node_modules/react-dom/cjs/react-dom-client.development.js:17641:21
 > workLoopSync node_modules/react-dom/cjs/react-dom-client.development.js:17469:40
 > renderRootSync node_modules/react-dom/cjs/react-dom-client.development.js:17450:10

[2m11:36:59[22m [33m[1m[vite][22m[39m [33m[2m(client)[22m[39m [2m[console.warn] [22mAn error occurred in the <SplitViewToggle> component.

Consider adding an error boundary to your tree to customize error handling behavior.
Visit https://react.dev/link/error-boundaries to learn more about error boundaries.

[2m11:37:00[22m [31m[1m[vite][22m[39m [31m[2m(client)[22m[39m [2m[console.error] [22mYou are calling ReactDOMClient.createRoot() on a container that has already been passed to createRoot() before. Instead, call root.render() on the existing root instead if you want to update it.
[2m11:37:00[22m [31m[1m[vite][22m[39m [31m[2m(client)[22m[39m [2m[console.error] [22mYou are calling ReactDOMClient.createRoot() on a container that has already been passed to createRoot() before. Instead, call root.render() on the existing root instead if you want to update it.
[2m11:37:00[22m [36m[1m[vite][22m[39m [90m[2m(client)[22m[39m [33mhmr invalidate [39m[2m/src/main.tsx[22m Could not Fast Refresh ("true" export is incompatible). Learn more at https://github.com/vitejs/vite-plugin-react/tree/main/packages/plugin-react#consistent-components-exports
[2m11:37:00[22m [36m[1m[vite][22m[39m [90m[2m(client)[22m[39m [32mpage reload [39m[2msrc/main.tsx[22m
[2m11:37:00[22m [31m[1m[vite][22m[39m [31m[2m(client)[22m[39m [31m[Unhandled error] [1mError[22m: Usesplitview Must Be Used Within Splitviewprovid
[39m > useSplitView src/components/layout/SplitViewContext.tsx:126:20
    124 |  export const useSplitView = () => {
    125 |      const ctx = useContext(SplitViewContext);
    126 |      if (!ctx) throw new Error(t('auto.usesplitview_must_be_used_within_splitviewprovid'));
        |                      ^
    127 |      return ctx;
    128 |  };
 > SplitViewToggle src/components/layout/SplitViewToggle.tsx?t=1787906214323:17:47
 > Object.react_stack_bottom_frame node_modules/react-dom/cjs/react-dom-client.development.js:25904:19
 > renderWithHooks node_modules/react-dom/cjs/react-dom-client.development.js:7662:21
 > updateFunctionComponent node_modules/react-dom/cjs/react-dom-client.development.js:10166:18
 > beginWork node_modules/react-dom/cjs/react-dom-client.development.js:11778:17
 > runWithFiberInDEV node_modules/react-dom/cjs/react-dom-client.development.js:871:29
 > performUnitOfWork node_modules/react-dom/cjs/react-dom-client.development.js:17641:21
 > workLoopSync node_modules/react-dom/cjs/react-dom-client.development.js:17469:40
 > renderRootSync node_modules/react-dom/cjs/react-dom-client.development.js:17450:10

[2m11:37:00[22m [33m[1m[vite][22m[39m [33m[2m(client)[22m[39m [2m[console.warn] [22mAn error occurred in the <SplitViewToggle> component.

Consider adding an error boundary to your tree to customize error handling behavior.
Visit https://react.dev/link/error-boundaries to learn more about error boundaries.

[2m11:37:00[22m [31m[1m[vite][22m[39m [31m[2m(client)[22m[39m [31m[Unhandled error] [1mError[22m: Usesplitview Must Be Used Within Splitviewprovid
[39m > useSplitView src/components/layout/SplitViewContext.tsx:126:20
    124 |  export const useSplitView = () => {
    125 |      const ctx = useContext(SplitViewContext);
    126 |      if (!ctx) throw new Error(t('auto.usesplitview_must_be_used_within_splitviewprovid'));
        |                      ^
    127 |      return ctx;
    128 |  };
 > SplitViewToggle src/components/layout/SplitViewToggle.tsx?t=1787906214323:17:47
 > Object.react_stack_bottom_frame node_modules/react-dom/cjs/react-dom-client.development.js:25904:19
 > renderWithHooks node_modules/react-dom/cjs/react-dom-client.development.js:7662:21
 > updateFunctionComponent node_modules/react-dom/cjs/react-dom-client.development.js:10166:18
 > beginWork node_modules/react-dom/cjs/react-dom-client.development.js:11778:17
 > runWithFiberInDEV node_modules/react-dom/cjs/react-dom-client.development.js:871:29
 > performUnitOfWork node_modules/react-dom/cjs/react-dom-client.development.js:17641:21
 > workLoopSync node_modules/react-dom/cjs/react-dom-client.development.js:17469:40
 > renderRootSync node_modules/react-dom/cjs/react-dom-client.development.js:17450:10

[2m11:37:00[22m [33m[1m[vite][22m[39m [33m[2m(client)[22m[39m [2m[console.warn] [22mAn error occurred in the <SplitViewToggle> component.

Consider adding an error boundary to your tree to customize error handling behavior.
Visit https://react.dev/link/error-boundaries to learn more about error boundaries.

[2m11:37:00[22m [31m[1m[vite][22m[39m [31m[2m(client)[22m[39m [31m[Unhandled error] [1mError[22m: Usesplitview Must Be Used Within Splitviewprovid
[39m > useSplitView src/components/layout/SplitViewContext.tsx:126:20
    124 |  export const useSplitView = () => {
    125 |      const ctx = useContext(SplitViewContext);
    126 |      if (!ctx) throw new Error(t('auto.usesplitview_must_be_used_within_splitviewprovid'));
        |                      ^
    127 |      return ctx;
    128 |  };
 > SplitViewToggle src/components/layout/SplitViewToggle.tsx?t=1787906214323:17:47
 > Object.react_stack_bottom_frame node_modules/react-dom/cjs/react-dom-client.development.js:25904:19
 > renderWithHooks node_modules/react-dom/cjs/react-dom-client.development.js:7662:21
 > updateFunctionComponent node_modules/react-dom/cjs/react-dom-client.development.js:10166:18
 > beginWork node_modules/react-dom/cjs/react-dom-client.development.js:11778:17
 > runWithFiberInDEV node_modules/react-dom/cjs/react-dom-client.development.js:871:29
 > performUnitOfWork node_modules/react-dom/cjs/react-dom-client.development.js:17641:21
 > workLoopSync node_modules/react-dom/cjs/react-dom-client.development.js:17469:40
 > renderRootSync node_modules/react-dom/cjs/react-dom-client.development.js:17450:10

[2m11:37:00[22m [33m[1m[vite][22m[39m [33m[2m(client)[22m[39m [2m[console.warn] [22mAn error occurred in the <SplitViewToggle> component.

Consider adding an error boundary to your tree to customize error handling behavior.
Visit https://react.dev/link/error-boundaries to learn more about error boundaries.

[2m11:37:00[22m [31m[1m[vite][22m[39m [31m[2m(client)[22m[39m [31m[Unhandled error] [1mError[22m: Usesplitview Must Be Used Within Splitviewprovid
[39m > useSplitView src/components/layout/SplitViewContext.tsx:126:20
    124 |  export const useSplitView = () => {
    125 |      const ctx = useContext(SplitViewContext);
    126 |      if (!ctx) throw new Error(t('auto.usesplitview_must_be_used_within_splitviewprovid'));
        |                      ^
    127 |      return ctx;
    128 |  };
 > SplitViewToggle src/components/layout/SplitViewToggle.tsx?t=1787906214323:17:47
 > Object.react_stack_bottom_frame node_modules/react-dom/cjs/react-dom-client.development.js:25904:19
 > renderWithHooks node_modules/react-dom/cjs/react-dom-client.development.js:7662:21
 > updateFunctionComponent node_modules/react-dom/cjs/react-dom-client.development.js:10166:18
 > beginWork node_modules/react-dom/cjs/react-dom-client.development.js:11778:17
 > runWithFiberInDEV node_modules/react-dom/cjs/react-dom-client.development.js:871:29
 > performUnitOfWork node_modules/react-dom/cjs/react-dom-client.development.js:17641:21
 > workLoopSync node_modules/react-dom/cjs/react-dom-client.development.js:17469:40
 > renderRootSync node_modules/react-dom/cjs/react-dom-client.development.js:17450:10

[2m11:37:00[22m [33m[1m[vite][22m[39m [33m[2m(client)[22m[39m [2m[console.warn] [22mAn error occurred in the <SplitViewToggle> component.

Consider adding an error boundary to your tree to customize error handling behavior.
Visit https://react.dev/link/error-boundaries to learn more about error boundaries.

[2m11:37:00[22m [31m[1m[vite][22m[39m [31m[2m(client)[22m[39m [31m[Unhandled error] [1mError[22m: Usesplitview Must Be Used Within Splitviewprovid
[39m > useSplitView src/components/layout/SplitViewContext.tsx:126:20
    124 |  export const useSplitView = () => {
    125 |      const ctx = useContext(SplitViewContext);
    126 |      if (!ctx) throw new Error(t('auto.usesplitview_must_be_used_within_splitviewprovid'));
        |                      ^
    127 |      return ctx;
    128 |  };
 > SplitViewToggle src/components/layout/SplitViewToggle.tsx?t=1787906214323:17:47
 > Object.react_stack_bottom_frame node_modules/react-dom/cjs/react-dom-client.development.js:25904:19
 > renderWithHooks node_modules/react-dom/cjs/react-dom-client.development.js:7662:21
 > updateFunctionComponent node_modules/react-dom/cjs/react-dom-client.development.js:10166:18
 > beginWork node_modules/react-dom/cjs/react-dom-client.development.js:11778:17
 > runWithFiberInDEV node_modules/react-dom/cjs/react-dom-client.development.js:871:29
 > performUnitOfWork node_modules/react-dom/cjs/react-dom-client.development.js:17641:21
 > workLoopSync node_modules/react-dom/cjs/react-dom-client.development.js:17469:40
 > renderRootSync node_modules/react-dom/cjs/react-dom-client.development.js:17450:10

[2m11:37:00[22m [33m[1m[vite][22m[39m [33m[2m(client)[22m[39m [2m[console.warn] [22mAn error occurred in the <SplitViewToggle> component.

Consider adding an error boundary to your tree to customize error handling behavior.
Visit https://react.dev/link/error-boundaries to learn more about error boundaries.

[2m11:37:42[22m [36m[1m[vite][22m[39m [90m[2m(client)[22m[39m [32mhmr update [39m[2m/src/index.css, /src/main.tsx, /src/App.tsx, /src/components/layout/SplitViewContext.tsx, /src/components/layout/RequestsAppsMenu.tsx, /src/components/layout/PaneErrorBoundary.tsx, /src/components/ui-shared/LanguageSwitcher.tsx, /src/components/ui-shared/Loader.tsx, /src/components/layout/MainLayout.tsx, /src/pages/crm/components/ReminderToasts.tsx, /src/components/ui-shared/TableKit.tsx, /src/pages/project/ProjectDetail.tsx, /src/pages/project/features/components/detail/ProjectDetailHeader.tsx and 135 more[22m
[2m11:37:42[22m [36m[1m[vite][22m[39m [90m[2m(client)[22m[39m [32mhmr update [39m[2m/src/index.css, /src/main.tsx, /src/App.tsx, /src/components/layout/SplitViewContext.tsx, /src/components/layout/RequestsAppsMenu.tsx, /src/components/layout/PaneErrorBoundary.tsx, /src/components/ui-shared/LanguageSwitcher.tsx, /src/components/ui-shared/Loader.tsx, /src/components/layout/MainLayout.tsx, /src/pages/crm/components/ReminderToasts.tsx, /src/components/ui-shared/TableKit.tsx, /src/pages/project/ProjectDetail.tsx, /src/pages/project/features/components/detail/ProjectDetailHeader.tsx and 135 more[22m
[2m11:37:45[22m [36m[1m[vite][22m[39m [90m[2m(client)[22m[39m [32mhmr update [39m[2m/src/index.css, /src/main.tsx, /src/App.tsx, /src/components/layout/SplitViewContext.tsx, /src/components/layout/RequestsAppsMenu.tsx, /src/components/layout/PaneErrorBoundary.tsx, /src/components/ui-shared/LanguageSwitcher.tsx, /src/components/ui-shared/Loader.tsx, /src/components/layout/MainLayout.tsx, /src/pages/crm/components/ReminderToasts.tsx, /src/components/ui-shared/TableKit.tsx, /src/pages/project/ProjectDetail.tsx, /src/pages/project/features/components/detail/ProjectDetailHeader.tsx and 135 more[22m
[2m11:37:45[22m [36m[1m[vite][22m[39m [90m[2m(client)[22m[39m [33mhmr invalidate [39m[2m/src/main.tsx[22m Could not Fast Refresh ("true" export is incompatible). Learn more at https://github.com/vitejs/vite-plugin-react/tree/main/packages/plugin-react#consistent-components-exports
[2m11:37:45[22m [36m[1m[vite][22m[39m [90m[2m(client)[22m[39m [32mpage reload [39m[2msrc/main.tsx[22m
[2m11:37:45[22m [36m[1m[vite][22m[39m [90m[2m(client)[22m[39m [33mhmr invalidate [39m[2m/src/components/layout/SplitViewContext.tsx[22m Could not Fast Refresh ("SPLITABLE_ROUTES" export is incompatible). Learn more at https://github.com/vitejs/vite-plugin-react/tree/main/packages/plugin-react#consistent-components-exports
[2m11:37:45[22m [36m[1m[vite][22m[39m [90m[2m(client)[22m[39m [32mhmr update [39m[2m/src/components/layout/MainLayout.tsx, /src/components/layout/SplitViewToggle.tsx, /src/components/layout/PrimaryPane.tsx, /src/components/layout/SecondaryPane.tsx[22m
[2m11:37:45[22m [36m[1m[vite][22m[39m [90m[2m(client)[22m[39m [33mhmr invalidate [39m[2m/src/pages/project/features/components/detail/ProjectSectionRenderer.tsx[22m Could not Fast Refresh ("renderProjectSection" export is incompatible). Learn more at https://github.com/vitejs/vite-plugin-react/tree/main/packages/plugin-react#consistent-components-exports
[2m11:37:45[22m [36m[1m[vite][22m[39m [90m[2m(client)[22m[39m [32mhmr update [39m[2m/src/pages/project/ProjectDetail.tsx[22m
[2m11:37:45[22m [36m[1m[vite][22m[39m [90m[2m(client)[22m[39m [33mhmr invalidate [39m[2m/src/pages/calendar/components/DayPlanRows.tsx[22m Could not Fast Refresh ("appendDay" export is incompatible). Learn more at https://github.com/vitejs/vite-plugin-react/tree/main/packages/plugin-react#consistent-components-exports
[2m11:37:45[22m [36m[1m[vite][22m[39m [90m[2m(client)[22m[39m [32mhmr update [39m[2m/src/pages/calendar/CalendarPage.tsx, /src/pages/calendar/components/CreatePopup.tsx, /src/pages/calendar/components/AppointmentDaysPane.tsx[22m
[2m11:37:45[22m [36m[1m[vite][22m[39m [90m[2m(client)[22m[39m [33mhmr invalidate [39m[2m/src/pages/maintenance/MaintenanceShared.tsx[22m Could not Fast Refresh ("STATUS_VARIANT" export is incompatible). Learn more at https://github.com/vitejs/vite-plugin-react/tree/main/packages/plugin-react#consistent-components-exports
[2m11:37:45[22m [36m[1m[vite][22m[39m [90m[2m(client)[22m[39m [32mhmr update [39m[2m/src/pages/calendar/CalendarPage.tsx, /src/pages/crm/TasksPage.tsx[22m
[2m11:37:45[22m [36m[1m[vite][22m[39m [90m[2m(client)[22m[39m [33mhmr invalidate [39m[2m/src/components/ui-shared/AppointmentDocuments.tsx[22m Could not Fast Refresh ("acceptableFiles" export is incompatible). Learn more at https://github.com/vitejs/vite-plugin-react/tree/main/packages/plugin-react#consistent-components-exports
[2m11:37:45[22m [36m[1m[vite][22m[39m [90m[2m(client)[22m[39m [32mhmr update [39m[2m/src/pages/calendar/components/DetailPopup.tsx, /src/pages/calendar/components/CreatePopup.tsx, /src/pages/calendar/components/AppointmentDaysPane.tsx[22m
[2m11:37:45[22m [31m[1m[vite][22m[39m [31m[2m(client)[22m[39m [2m[console.error] [22mYou are calling ReactDOMClient.createRoot() on a container that has already been passed to createRoot() before. Instead, call root.render() on the existing root instead if you want to update it.
[2m11:37:48[22m [31m[1m[vite][22m[39m [31m[2m(client)[22m[39m [31m[Unhandled error] [1mNotFoundError[22m: Failed to execute 'removeChild' on 'Node': The node to be removed is not a child of this node.
[39m > removeChildFromContainer node_modules/react-dom/cjs/react-dom-client.development.js:22213:8
 > runWithFiberInDEV node_modules/react-dom/cjs/react-dom-client.development.js:871:29
 > commitDeletionEffectsOnFiber node_modules/react-dom/cjs/react-dom-client.development.js:14306:16
 > recursivelyTraverseDeletionEffects node_modules/react-dom/cjs/react-dom-client.development.js:14223:8
 > commitDeletionEffectsOnFiber node_modules/react-dom/cjs/react-dom-client.development.js:14378:10
 > recursivelyTraverseDeletionEffects node_modules/react-dom/cjs/react-dom-client.development.js:14223:8
 > commitDeletionEffectsOnFiber node_modules/react-dom/cjs/react-dom-client.development.js:14419:10
 > recursivelyTraverseDeletionEffects node_modules/react-dom/cjs/react-dom-client.development.js:14223:8
 > commitDeletionEffectsOnFiber node_modules/react-dom/cjs/react-dom-client.development.js:14378:10
 > recursivelyTraverseDeletionEffects node_modules/react-dom/cjs/react-dom-client.development.js:14223:8

[2m11:37:48[22m [33m[1m[vite][22m[39m [33m[2m(client)[22m[39m [2m[console.warn] [22mAn error occurred in the <div> component.

Consider adding an error boundary to your tree to customize error handling behavior.
Visit https://react.dev/link/error-boundaries to learn more about error boundaries.

[2m11:37:48[22m [31m[1m[vite][22m[39m [31m[2m(client)[22m[39m [31m[Unhandled error] [1mNotFoundError[22m: Failed to execute 'removeChild' on 'Node': The node to be removed is not a child of this node.
[39m > removeChildFromContainer node_modules/react-dom/cjs/react-dom-client.development.js:22213:8
 > runWithFiberInDEV node_modules/react-dom/cjs/react-dom-client.development.js:871:29
 > commitDeletionEffectsOnFiber node_modules/react-dom/cjs/react-dom-client.development.js:14306:16
 > recursivelyTraverseDeletionEffects node_modules/react-dom/cjs/react-dom-client.development.js:14223:8
 > commitDeletionEffectsOnFiber node_modules/react-dom/cjs/react-dom-client.development.js:14378:10
 > recursivelyTraverseDeletionEffects node_modules/react-dom/cjs/react-dom-client.development.js:14223:8
 > commitDeletionEffectsOnFiber node_modules/react-dom/cjs/react-dom-client.development.js:14411:10
 > recursivelyTraverseDeletionEffects node_modules/react-dom/cjs/react-dom-client.development.js:14223:8
 > commitDeletionEffectsOnFiber node_modules/react-dom/cjs/react-dom-client.development.js:14419:10
 > recursivelyTraverseDeletionEffects node_modules/react-dom/cjs/react-dom-client.development.js:14223:8

[2m11:37:48[22m [33m[1m[vite][22m[39m [33m[2m(client)[22m[39m [2m[console.warn] [22mAn error occurred in the <section> component.

Consider adding an error boundary to your tree to customize error handling behavior.
Visit https://react.dev/link/error-boundaries to learn more about error boundaries.

[2m11:37:49[22m [31m[1m[vite][22m[39m [31m[2m(client)[22m[39m [2m[console.error] [22mYou are calling ReactDOMClient.createRoot() on a container that has already been passed to createRoot() before. Instead, call root.render() on the existing root instead if you want to update it.
[2m11:37:49[22m [31m[1m[vite][22m[39m [31m[2m(client)[22m[39m [2m[console.error] [22mYou are calling ReactDOMClient.createRoot() on a container that has already been passed to createRoot() before. Instead, call root.render() on the existing root instead if you want to update it.
[2m11:37:49[22m [36m[1m[vite][22m[39m [90m[2m(client)[22m[39m [33mhmr invalidate [39m[2m/src/main.tsx[22m Could not Fast Refresh ("true" export is incompatible). Learn more at https://github.com/vitejs/vite-plugin-react/tree/main/packages/plugin-react#consistent-components-exports
[2m11:37:49[22m [36m[1m[vite][22m[39m [90m[2m(client)[22m[39m [32mpage reload [39m[2msrc/main.tsx[22m
[2m11:37:49[22m [36m[1m[vite][22m[39m [90m[2m(client)[22m[39m [33mhmr invalidate [39m[2m/src/pages/project/features/components/detail/ProjectSectionRenderer.tsx[22m Could not Fast Refresh ("renderProjectSection" export is incompatible). Learn more at https://github.com/vitejs/vite-plugin-react/tree/main/packages/plugin-react#consistent-components-exports
[2m11:37:49[22m [36m[1m[vite][22m[39m [90m[2m(client)[22m[39m [32mhmr update [39m[2m/src/pages/project/ProjectDetail.tsx[22m
[2m11:37:49[22m [31m[1m[vite][22m[39m [31m[2m(client)[22m[39m [31m[Unhandled error] [1mError[22m: Usesplitview Must Be Used Within Splitviewprovid
[39m > useSplitView src/components/layout/SplitViewContext.tsx:126:20
    124 |  export const useSplitView = () => {
    125 |      const ctx = useContext(SplitViewContext);
    126 |      if (!ctx) throw new Error(t('auto.usesplitview_must_be_used_within_splitviewprovid'));
        |                      ^
    127 |      return ctx;
    128 |  };
 > MainLayoutInner src/components/layout/MainLayout.tsx:589:98
 > Object.react_stack_bottom_frame node_modules/react-dom/cjs/react-dom-client.development.js:25904:19
 > renderWithHooks node_modules/react-dom/cjs/react-dom-client.development.js:7662:21
 > updateFunctionComponent node_modules/react-dom/cjs/react-dom-client.development.js:10166:18
 > beginWork node_modules/react-dom/cjs/react-dom-client.development.js:11778:17
 > runWithFiberInDEV node_modules/react-dom/cjs/react-dom-client.development.js:871:29
 > performUnitOfWork node_modules/react-dom/cjs/react-dom-client.development.js:17641:21
 > workLoopSync node_modules/react-dom/cjs/react-dom-client.development.js:17469:40
 > renderRootSync node_modules/react-dom/cjs/react-dom-client.development.js:17450:10

[2m11:37:49[22m [33m[1m[vite][22m[39m [33m[2m(client)[22m[39m [2m[console.warn] [22mAn error occurred in the <MainLayoutInner> component.

Consider adding an error boundary to your tree to customize error handling behavior.
Visit https://react.dev/link/error-boundaries to learn more about error boundaries.

[2m11:37:49[22m [31m[1m[vite][22m[39m [31m[2m(client)[22m[39m [31m[Unhandled error] [1mError[22m: Usesplitview Must Be Used Within Splitviewprovid
[39m > useSplitView src/components/layout/SplitViewContext.tsx:126:20
    124 |  export const useSplitView = () => {
    125 |      const ctx = useContext(SplitViewContext);
    126 |      if (!ctx) throw new Error(t('auto.usesplitview_must_be_used_within_splitviewprovid'));
        |                      ^
    127 |      return ctx;
    128 |  };
 > MainLayoutInner src/components/layout/MainLayout.tsx:589:98
 > Object.react_stack_bottom_frame node_modules/react-dom/cjs/react-dom-client.development.js:25904:19
 > renderWithHooks node_modules/react-dom/cjs/react-dom-client.development.js:7662:21
 > updateFunctionComponent node_modules/react-dom/cjs/react-dom-client.development.js:10166:18
 > beginWork node_modules/react-dom/cjs/react-dom-client.development.js:11778:17
 > runWithFiberInDEV node_modules/react-dom/cjs/react-dom-client.development.js:871:29
 > performUnitOfWork node_modules/react-dom/cjs/react-dom-client.development.js:17641:21
 > workLoopSync node_modules/react-dom/cjs/react-dom-client.development.js:17469:40
 > renderRootSync node_modules/react-dom/cjs/react-dom-client.development.js:17450:10

[2m11:37:49[22m [33m[1m[vite][22m[39m [33m[2m(client)[22m[39m [2m[console.warn] [22mAn error occurred in the <MainLayoutInner> component.

Consider adding an error boundary to your tree to customize error handling behavior.
Visit https://react.dev/link/error-boundaries to learn more about error boundaries.

[2m11:37:49[22m [31m[1m[vite][22m[39m [31m[2m(client)[22m[39m [31m[Unhandled error] [1mError[22m: Usesplitview Must Be Used Within Splitviewprovid
[39m > useSplitView src/components/layout/SplitViewContext.tsx:126:20
    124 |  export const useSplitView = () => {
    125 |      const ctx = useContext(SplitViewContext);
    126 |      if (!ctx) throw new Error(t('auto.usesplitview_must_be_used_within_splitviewprovid'));
        |                      ^
    127 |      return ctx;
    128 |  };
 > MainLayoutInner src/components/layout/MainLayout.tsx:589:98
 > Object.react_stack_bottom_frame node_modules/react-dom/cjs/react-dom-client.development.js:25904:19
 > renderWithHooks node_modules/react-dom/cjs/react-dom-client.development.js:7662:21
 > updateFunctionComponent node_modules/react-dom/cjs/react-dom-client.development.js:10166:18
 > beginWork node_modules/react-dom/cjs/react-dom-client.development.js:11778:17
 > runWithFiberInDEV node_modules/react-dom/cjs/react-dom-client.development.js:871:29
 > performUnitOfWork node_modules/react-dom/cjs/react-dom-client.development.js:17641:21
 > workLoopSync node_modules/react-dom/cjs/react-dom-client.development.js:17469:40
 > renderRootSync node_modules/react-dom/cjs/react-dom-client.development.js:17450:10

[2m11:37:49[22m [33m[1m[vite][22m[39m [33m[2m(client)[22m[39m [2m[console.warn] [22mAn error occurred in the <MainLayoutInner> component.

Consider adding an error boundary to your tree to customize error handling behavior.
Visit https://react.dev/link/error-boundaries to learn more about error boundaries.

[2m11:37:49[22m [31m[1m[vite][22m[39m [31m[2m(client)[22m[39m [31m[Unhandled error] [1mError[22m: Usesplitview Must Be Used Within Splitviewprovid
[39m > useSplitView src/components/layout/SplitViewContext.tsx:126:20
    124 |  export const useSplitView = () => {
    125 |      const ctx = useContext(SplitViewContext);
    126 |      if (!ctx) throw new Error(t('auto.usesplitview_must_be_used_within_splitviewprovid'));
        |                      ^
    127 |      return ctx;
    128 |  };
 > MainLayoutInner src/components/layout/MainLayout.tsx:589:98
 > Object.react_stack_bottom_frame node_modules/react-dom/cjs/react-dom-client.development.js:25904:19
 > renderWithHooks node_modules/react-dom/cjs/react-dom-client.development.js:7662:21
 > updateFunctionComponent node_modules/react-dom/cjs/react-dom-client.development.js:10166:18
 > beginWork node_modules/react-dom/cjs/react-dom-client.development.js:11778:17
 > runWithFiberInDEV node_modules/react-dom/cjs/react-dom-client.development.js:871:29
 > performUnitOfWork node_modules/react-dom/cjs/react-dom-client.development.js:17641:21
 > workLoopSync node_modules/react-dom/cjs/react-dom-client.development.js:17469:40
 > renderRootSync node_modules/react-dom/cjs/react-dom-client.development.js:17450:10

[2m11:37:49[22m [33m[1m[vite][22m[39m [33m[2m(client)[22m[39m [2m[console.warn] [22mAn error occurred in the <MainLayoutInner> component.

Consider adding an error boundary to your tree to customize error handling behavior.
Visit https://react.dev/link/error-boundaries to learn more about error boundaries.

[2m11:37:49[22m [31m[1m[vite][22m[39m [31m[2m(client)[22m[39m [31m[Unhandled error] [1mNotFoundError[22m: Failed to execute 'removeChild' on 'Node': The node to be removed is not a child of this node.
[39m > removeChildFromContainer node_modules/react-dom/cjs/react-dom-client.development.js:22213:8
 > runWithFiberInDEV node_modules/react-dom/cjs/react-dom-client.development.js:871:29
 > commitDeletionEffectsOnFiber node_modules/react-dom/cjs/react-dom-client.development.js:14306:16
 > recursivelyTraverseDeletionEffects node_modules/react-dom/cjs/react-dom-client.development.js:14223:8
 > commitDeletionEffectsOnFiber node_modules/react-dom/cjs/react-dom-client.development.js:14378:10
 > recursivelyTraverseDeletionEffects node_modules/react-dom/cjs/react-dom-client.development.js:14223:8
 > commitDeletionEffectsOnFiber node_modules/react-dom/cjs/react-dom-client.development.js:14378:10
 > recursivelyTraverseDeletionEffects node_modules/react-dom/cjs/react-dom-client.development.js:14223:8
 > commitDeletionEffectsOnFiber node_modules/react-dom/cjs/react-dom-client.development.js:14419:10
 > recursivelyTraverseDeletionEffects node_modules/react-dom/cjs/react-dom-client.development.js:14223:8

[2m11:37:49[22m [33m[1m[vite][22m[39m [33m[2m(client)[22m[39m [2m[console.warn] [22mAn error occurred in the <div> component.

Consider adding an error boundary to your tree to customize error handling behavior.
Visit https://react.dev/link/error-boundaries to learn more about error boundaries.

[2m11:37:49[22m [31m[1m[vite][22m[39m [31m[2m(client)[22m[39m [31m[Unhandled error] [1mNotFoundError[22m: Failed to execute 'removeChild' on 'Node': The node to be removed is not a child of this node.
[39m > removeChildFromContainer node_modules/react-dom/cjs/react-dom-client.development.js:22213:8
 > runWithFiberInDEV node_modules/react-dom/cjs/react-dom-client.development.js:871:29
 > commitDeletionEffectsOnFiber node_modules/react-dom/cjs/react-dom-client.development.js:14306:16
 > recursivelyTraverseDeletionEffects node_modules/react-dom/cjs/react-dom-client.development.js:14223:8
 > commitDeletionEffectsOnFiber node_modules/react-dom/cjs/react-dom-client.development.js:14378:10
 > recursivelyTraverseDeletionEffects node_modules/react-dom/cjs/react-dom-client.development.js:14223:8
 > commitDeletionEffectsOnFiber node_modules/react-dom/cjs/react-dom-client.development.js:14378:10
 > recursivelyTraverseDeletionEffects node_modules/react-dom/cjs/react-dom-client.development.js:14223:8
 > commitDeletionEffectsOnFiber node_modules/react-dom/cjs/react-dom-client.development.js:14419:10
 > recursivelyTraverseDeletionEffects node_modules/react-dom/cjs/react-dom-client.development.js:14223:8

[2m11:37:49[22m [33m[1m[vite][22m[39m [33m[2m(client)[22m[39m [2m[console.warn] [22mAn error occurred in the <div> component.

Consider adding an error boundary to your tree to customize error handling behavior.
Visit https://react.dev/link/error-boundaries to learn more about error boundaries.

[2m11:37:49[22m [31m[1m[vite][22m[39m [31m[2m(client)[22m[39m [31m[Unhandled error] [1mNotFoundError[22m: Failed to execute 'removeChild' on 'Node': The node to be removed is not a child of this node.
[39m > removeChildFromContainer node_modules/react-dom/cjs/react-dom-client.development.js:22213:8
 > runWithFiberInDEV node_modules/react-dom/cjs/react-dom-client.development.js:871:29
 > commitDeletionEffectsOnFiber node_modules/react-dom/cjs/react-dom-client.development.js:14306:16
 > recursivelyTraverseDeletionEffects node_modules/react-dom/cjs/react-dom-client.development.js:14223:8
 > commitDeletionEffectsOnFiber node_modules/react-dom/cjs/react-dom-client.development.js:14378:10
 > recursivelyTraverseDeletionEffects node_modules/react-dom/cjs/react-dom-client.development.js:14223:8
 > commitDeletionEffectsOnFiber node_modules/react-dom/cjs/react-dom-client.development.js:14378:10
 > recursivelyTraverseDeletionEffects node_modules/react-dom/cjs/react-dom-client.development.js:14223:8
 > commitDeletionEffectsOnFiber node_modules/react-dom/cjs/react-dom-client.development.js:14419:10
 > recursivelyTraverseDeletionEffects node_modules/react-dom/cjs/react-dom-client.development.js:14223:8

[2m11:37:49[22m [33m[1m[vite][22m[39m [33m[2m(client)[22m[39m [2m[console.warn] [22mAn error occurred in the <div> component.

Consider adding an error boundary to your tree to customize error handling behavior.
Visit https://react.dev/link/error-boundaries to learn more about error boundaries.

[2m11:37:49[22m [36m[1m[vite][22m[39m [90m[2m(client)[22m[39m [33mhmr invalidate [39m[2m/src/main.tsx[22m Could not Fast Refresh ("true" export is incompatible). Learn more at https://github.com/vitejs/vite-plugin-react/tree/main/packages/plugin-react#consistent-components-exports
[2m11:37:49[22m [36m[1m[vite][22m[39m [90m[2m(client)[22m[39m [32mpage reload [39m[2msrc/main.tsx[22m
[2m11:38:52[22m [36m[1m[vite][22m[39m [90m[2m(client)[22m[39m [32mhmr update [39m[2m/src/index.css, /src/pages/crm/CommunicationPage.tsx[22m
[2m11:39:02[22m [36m[1m[vite][22m[39m [90m[2m(client)[22m[39m [32mhmr update [39m[2m/src/index.css, /src/main.tsx, /src/App.tsx, /src/components/layout/SplitViewContext.tsx, /src/components/layout/RequestsAppsMenu.tsx, /src/components/layout/PaneErrorBoundary.tsx, /src/components/ui-shared/LanguageSwitcher.tsx, /src/components/ui-shared/Loader.tsx, /src/components/layout/MainLayout.tsx, /src/pages/crm/components/ReminderToasts.tsx, /src/components/ui-shared/TableKit.tsx, /src/pages/project/ProjectDetail.tsx, /src/pages/project/features/components/detail/ProjectDetailHeader.tsx and 136 more[22m
[2m11:39:02[22m [36m[1m[vite][22m[39m [90m[2m(client)[22m[39m [32mhmr update [39m[2m/src/index.css, /src/main.tsx, /src/App.tsx, /src/components/layout/SplitViewContext.tsx, /src/components/layout/RequestsAppsMenu.tsx, /src/components/layout/PaneErrorBoundary.tsx, /src/components/ui-shared/LanguageSwitcher.tsx, /src/components/ui-shared/Loader.tsx, /src/components/layout/MainLayout.tsx, /src/pages/crm/components/ReminderToasts.tsx, /src/components/ui-shared/TableKit.tsx, /src/pages/project/ProjectDetail.tsx, /src/pages/project/features/components/detail/ProjectDetailHeader.tsx and 136 more[22m
[2m11:39:02[22m [36m[1m[vite][22m[39m [90m[2m(client)[22m[39m [32mhmr update [39m[2m/src/index.css, /src/main.tsx, /src/App.tsx, /src/components/layout/SplitViewContext.tsx, /src/components/layout/RequestsAppsMenu.tsx, /src/components/layout/PaneErrorBoundary.tsx, /src/components/ui-shared/LanguageSwitcher.tsx, /src/components/ui-shared/Loader.tsx, /src/components/layout/MainLayout.tsx, /src/pages/crm/components/ReminderToasts.tsx, /src/components/ui-shared/TableKit.tsx, /src/pages/project/ProjectDetail.tsx, /src/pages/project/features/components/detail/ProjectDetailHeader.tsx and 136 more[22m
[2m11:39:05[22m [36m[1m[vite][22m[39m [90m[2m(client)[22m[39m [33mhmr invalidate [39m[2m/src/main.tsx[22m Could not Fast Refresh ("true" export is incompatible). Learn more at https://github.com/vitejs/vite-plugin-react/tree/main/packages/plugin-react#consistent-components-exports
[2m11:39:05[22m [36m[1m[vite][22m[39m [90m[2m(client)[22m[39m [32mpage reload [39m[2msrc/main.tsx[22m
[2m11:39:05[22m [36m[1m[vite][22m[39m [90m[2m(client)[22m[39m [33mhmr invalidate [39m[2m/src/components/layout/SplitViewContext.tsx[22m Could not Fast Refresh ("SPLITABLE_ROUTES" export is incompatible). Learn more at https://github.com/vitejs/vite-plugin-react/tree/main/packages/plugin-react#consistent-components-exports
[2m11:39:05[22m [36m[1m[vite][22m[39m [90m[2m(client)[22m[39m [32mhmr update [39m[2m/src/components/layout/MainLayout.tsx, /src/components/layout/SplitViewToggle.tsx, /src/components/layout/PrimaryPane.tsx, /src/components/layout/SecondaryPane.tsx[22m
[2m11:39:05[22m [36m[1m[vite][22m[39m [90m[2m(client)[22m[39m [33mhmr invalidate [39m[2m/src/pages/project/features/components/detail/ProjectSectionRenderer.tsx[22m Could not Fast Refresh ("renderProjectSection" export is incompatible). Learn more at https://github.com/vitejs/vite-plugin-react/tree/main/packages/plugin-react#consistent-components-exports
[2m11:39:05[22m [36m[1m[vite][22m[39m [90m[2m(client)[22m[39m [32mhmr update [39m[2m/src/pages/project/ProjectDetail.tsx[22m
[2m11:39:05[22m [36m[1m[vite][22m[39m [90m[2m(client)[22m[39m [33mhmr invalidate [39m[2m/src/pages/maintenance/MaintenanceShared.tsx[22m Could not Fast Refresh ("STATUS_VARIANT" export is incompatible). Learn more at https://github.com/vitejs/vite-plugin-react/tree/main/packages/plugin-react#consistent-components-exports
[2m11:39:05[22m [36m[1m[vite][22m[39m [90m[2m(client)[22m[39m [32mhmr update [39m[2m/src/pages/calendar/CalendarPage.tsx, /src/pages/crm/TasksPage.tsx[22m
[2m11:39:06[22m [36m[1m[vite][22m[39m [90m[2m(client)[22m[39m [33mhmr invalidate [39m[2m/src/main.tsx[22m Could not Fast Refresh ("true" export is incompatible). Learn more at https://github.com/vitejs/vite-plugin-react/tree/main/packages/plugin-react#consistent-components-exports
[2m11:39:06[22m [36m[1m[vite][22m[39m [90m[2m(client)[22m[39m [32mpage reload [39m[2msrc/main.tsx[22m
[2m11:39:06[22m [36m[1m[vite][22m[39m [90m[2m(client)[22m[39m [33mhmr invalidate [39m[2m/src/pages/project/features/components/detail/ProjectSectionRenderer.tsx[22m Could not Fast Refresh ("renderProjectSection" export is incompatible). Learn more at https://github.com/vitejs/vite-plugin-react/tree/main/packages/plugin-react#consistent-components-exports
[2m11:39:06[22m [36m[1m[vite][22m[39m [90m[2m(client)[22m[39m [32mhmr update [39m[2m/src/pages/project/ProjectDetail.tsx[22m
[2m11:39:07[22m [31m[1m[vite][22m[39m [31m[2m(client)[22m[39m [31m[Unhandled error] [1mError[22m: Usesplitview Must Be Used Within Splitviewprovid
[39m > useSplitView src/components/layout/SplitViewContext.tsx:126:20
    124 |  export const useSplitView = () => {
    125 |      const ctx = useContext(SplitViewContext);
    126 |      if (!ctx) throw new Error(t('auto.usesplitview_must_be_used_within_splitviewprovid'));
        |                      ^
    127 |      return ctx;
    128 |  };
 > MainLayoutInner src/components/layout/MainLayout.tsx:589:98
 > Object.react_stack_bottom_frame node_modules/react-dom/cjs/react-dom-client.development.js:25904:19
 > renderWithHooks node_modules/react-dom/cjs/react-dom-client.development.js:7662:21
 > updateFunctionComponent node_modules/react-dom/cjs/react-dom-client.development.js:10166:18
 > beginWork node_modules/react-dom/cjs/react-dom-client.development.js:11778:17
 > runWithFiberInDEV node_modules/react-dom/cjs/react-dom-client.development.js:871:29
 > performUnitOfWork node_modules/react-dom/cjs/react-dom-client.development.js:17641:21
 > workLoopSync node_modules/react-dom/cjs/react-dom-client.development.js:17469:40
 > renderRootSync node_modules/react-dom/cjs/react-dom-client.development.js:17450:10

[2m11:39:07[22m [33m[1m[vite][22m[39m [33m[2m(client)[22m[39m [2m[console.warn] [22mAn error occurred in the <MainLayoutInner> component.

Consider adding an error boundary to your tree to customize error handling behavior.
Visit https://react.dev/link/error-boundaries to learn more about error boundaries.

[2m11:39:07[22m [36m[1m[vite][22m[39m [90m[2m(client)[22m[39m [33mhmr invalidate [39m[2m/src/main.tsx[22m Could not Fast Refresh ("true" export is incompatible). Learn more at https://github.com/vitejs/vite-plugin-react/tree/main/packages/plugin-react#consistent-components-exports
[2m11:39:07[22m [36m[1m[vite][22m[39m [90m[2m(client)[22m[39m [32mpage reload [39m[2msrc/main.tsx[22m
[2m11:44:35[22m [36m[1m[vite][22m[39m [90m[2m(client)[22m[39m [32mhmr update [39m[2m/src/index.css, /src/pages/crm/activities/ActivitiesPage.tsx[22m
[2m11:44:35[22m [36m[1m[vite][22m[39m [90m[2m(client)[22m[39m [32mhmr update [39m[2m/src/index.css, /src/pages/crm/CommunicationPage.tsx[22m
[2m11:44:49[22m [36m[1m[vite][22m[39m [90m[2m(client)[22m[39m [32mhmr update [39m[2m/src/index.css, /src/pages/personnel/requests/RequestsPage.tsx[22m
[2m13:29:59[22m [36m[1m[vite][22m[39m [90m[2m(client)[22m[39m [32mhmr update [39m[2m/src/index.css, /src/pages/project/features/components/detail/tabs/overview/OverviewPieCharts.tsx[22m
[2m13:31:10[22m [36m[1m[vite][22m[39m [90m[2m(client)[22m[39m [32mhmr update [39m[2m/src/index.css[22m
[2m13:37:51[22m [36m[1m[vite][22m[39m [90m[2m(client)[22m[39m [32mhmr update [39m[2m/src/index.css, /src/pages/project/features/components/detail/tabs/overview/OverviewPieCharts.tsx[22m
[2m13:39:17[22m [36m[1m[vite][22m[39m [90m[2m(client)[22m[39m [32mhmr update [39m[2m/src/index.css[22m
[2m13:39:31[22m [36m[1m[vite][22m[39m [90m[2m(client)[22m[39m [32mhmr update [39m[2m/src/index.css, /src/main.tsx, /src/App.tsx, /src/components/layout/SplitViewContext.tsx, /src/components/layout/RequestsAppsMenu.tsx, /src/components/layout/PaneErrorBoundary.tsx, /src/components/ui-shared/LanguageSwitcher.tsx, /src/components/ui-shared/Loader.tsx, /src/components/layout/MainLayout.tsx, /src/pages/crm/components/ReminderToasts.tsx, /src/components/ui-shared/TableKit.tsx, /src/pages/project/ProjectDetail.tsx, /src/pages/project/features/components/detail/ProjectDetailHeader.tsx and 157 more[22m
[2m13:39:31[22m [36m[1m[vite][22m[39m [90m[2m(client)[22m[39m [32mhmr update [39m[2m/src/index.css, /src/main.tsx, /src/App.tsx, /src/components/layout/SplitViewContext.tsx, /src/components/layout/RequestsAppsMenu.tsx, /src/components/layout/PaneErrorBoundary.tsx, /src/components/ui-shared/LanguageSwitcher.tsx, /src/components/ui-shared/Loader.tsx, /src/components/layout/MainLayout.tsx, /src/pages/crm/components/ReminderToasts.tsx, /src/components/ui-shared/TableKit.tsx, /src/pages/project/ProjectDetail.tsx, /src/pages/project/features/components/detail/ProjectDetailHeader.tsx and 157 more[22m
[2m13:39:31[22m [36m[1m[vite][22m[39m [90m[2m(client)[22m[39m [32mhmr update [39m[2m/src/index.css, /src/main.tsx, /src/App.tsx, /src/components/layout/SplitViewContext.tsx, /src/components/layout/RequestsAppsMenu.tsx, /src/components/layout/PaneErrorBoundary.tsx, /src/components/ui-shared/LanguageSwitcher.tsx, /src/components/ui-shared/Loader.tsx, /src/components/layout/MainLayout.tsx, /src/pages/crm/components/ReminderToasts.tsx, /src/components/ui-shared/TableKit.tsx, /src/pages/project/ProjectDetail.tsx, /src/pages/project/features/components/detail/ProjectDetailHeader.tsx and 157 more[22m
[2m13:39:34[22m [36m[1m[vite][22m[39m [90m[2m(client)[22m[39m [33mhmr invalidate [39m[2m/src/main.tsx[22m Could not Fast Refresh ("true" export is incompatible). Learn more at https://github.com/vitejs/vite-plugin-react/tree/main/packages/plugin-react#consistent-components-exports
[2m13:39:34[22m [36m[1m[vite][22m[39m [90m[2m(client)[22m[39m [32mpage reload [39m[2msrc/main.tsx[22m
[2m13:39:34[22m [36m[1m[vite][22m[39m [90m[2m(client)[22m[39m [33mhmr invalidate [39m[2m/src/components/layout/SplitViewContext.tsx[22m Could not Fast Refresh ("SPLITABLE_ROUTES" export is incompatible). Learn more at https://github.com/vitejs/vite-plugin-react/tree/main/packages/plugin-react#consistent-components-exports
[2m13:39:34[22m [36m[1m[vite][22m[39m [90m[2m(client)[22m[39m [32mhmr update [39m[2m/src/components/layout/MainLayout.tsx, /src/components/layout/SplitViewToggle.tsx, /src/components/layout/PrimaryPane.tsx, /src/components/layout/SecondaryPane.tsx[22m
[2m13:39:34[22m [36m[1m[vite][22m[39m [90m[2m(client)[22m[39m [33mhmr invalidate [39m[2m/src/pages/project/features/components/detail/ProjectSectionRenderer.tsx[22m Could not Fast Refresh ("renderProjectSection" export is incompatible). Learn more at https://github.com/vitejs/vite-plugin-react/tree/main/packages/plugin-react#consistent-components-exports
[2m13:39:34[22m [36m[1m[vite][22m[39m [90m[2m(client)[22m[39m [32mhmr update [39m[2m/src/pages/project/ProjectDetail.tsx[22m
[2m13:39:34[22m [36m[1m[vite][22m[39m [90m[2m(client)[22m[39m [33mhmr invalidate [39m[2m/src/pages/calendar/components/DayPlanRows.tsx[22m Could not Fast Refresh ("appendDay" export is incompatible). Learn more at https://github.com/vitejs/vite-plugin-react/tree/main/packages/plugin-react#consistent-components-exports
[2m13:39:34[22m [36m[1m[vite][22m[39m [90m[2m(client)[22m[39m [32mhmr update [39m[2m/src/pages/calendar/CalendarPage.tsx, /src/pages/calendar/components/CreatePopup.tsx, /src/pages/calendar/components/AppointmentDaysPane.tsx[22m
[2m13:39:34[22m [36m[1m[vite][22m[39m [90m[2m(client)[22m[39m [33mhmr invalidate [39m[2m/src/pages/maintenance/MaintenanceShared.tsx[22m Could not Fast Refresh ("STATUS_VARIANT" export is incompatible). Learn more at https://github.com/vitejs/vite-plugin-react/tree/main/packages/plugin-react#consistent-components-exports
[2m13:39:34[22m [36m[1m[vite][22m[39m [90m[2m(client)[22m[39m [32mhmr update [39m[2m/src/pages/calendar/CalendarPage.tsx, /src/pages/crm/TasksPage.tsx[22m
[2m13:39:34[22m [36m[1m[vite][22m[39m [90m[2m(client)[22m[39m [33mhmr invalidate [39m[2m/src/components/ui-shared/AppointmentDocuments.tsx[22m Could not Fast Refresh ("acceptableFiles" export is incompatible). Learn more at https://github.com/vitejs/vite-plugin-react/tree/main/packages/plugin-react#consistent-components-exports
[2m13:39:34[22m [36m[1m[vite][22m[39m [90m[2m(client)[22m[39m [32mhmr update [39m[2m/src/pages/calendar/components/DetailPopup.tsx, /src/pages/calendar/components/CreatePopup.tsx, /src/pages/calendar/components/AppointmentDaysPane.tsx[22m
[2m13:39:34[22m [31m[1m[vite][22m[39m [31m[2m(client)[22m[39m [2m[console.error] [22mYou are calling ReactDOMClient.createRoot() on a container that has already been passed to createRoot() before. Instead, call root.render() on the existing root instead if you want to update it.
[2m13:39:36[22m [31m[1m[vite][22m[39m [31m[2m(client)[22m[39m [31m[Unhandled error] [1mError[22m: Usesplitview Must Be Used Within Splitviewprovid
[39m > useSplitView src/components/layout/SplitViewContext.tsx:126:20
    124 |  export const useSplitView = () => {
    125 |      const ctx = useContext(SplitViewContext);
    126 |      if (!ctx) throw new Error(t('auto.usesplitview_must_be_used_within_splitviewprovid'));
        |                      ^
    127 |      return ctx;
    128 |  };
 > MainLayoutInner src/components/layout/MainLayout.tsx?t=1787913571164:703:96
 > Object.react_stack_bottom_frame node_modules/react-dom/cjs/react-dom-client.development.js:25904:19
 > renderWithHooks node_modules/react-dom/cjs/react-dom-client.development.js:7662:21
 > updateFunctionComponent node_modules/react-dom/cjs/react-dom-client.development.js:10166:18
 > beginWork node_modules/react-dom/cjs/react-dom-client.development.js:11778:17
 > runWithFiberInDEV node_modules/react-dom/cjs/react-dom-client.development.js:871:29
 > performUnitOfWork node_modules/react-dom/cjs/react-dom-client.development.js:17641:21
 > workLoopSync node_modules/react-dom/cjs/react-dom-client.development.js:17469:40
 > renderRootSync node_modules/react-dom/cjs/react-dom-client.development.js:17450:10

[2m13:39:36[22m [33m[1m[vite][22m[39m [33m[2m(client)[22m[39m [2m[console.warn] [22mAn error occurred in the <MainLayoutInner> component.

Consider adding an error boundary to your tree to customize error handling behavior.
Visit https://react.dev/link/error-boundaries to learn more about error boundaries.

[2m13:39:36[22m [31m[1m[vite][22m[39m [31m[2m(client)[22m[39m [31m[Unhandled error] [1mError[22m: Usesplitview Must Be Used Within Splitviewprovid
[39m > useSplitView src/components/layout/SplitViewContext.tsx:126:20
    124 |  export const useSplitView = () => {
    125 |      const ctx = useContext(SplitViewContext);
    126 |      if (!ctx) throw new Error(t('auto.usesplitview_must_be_used_within_splitviewprovid'));
        |                      ^
    127 |      return ctx;
    128 |  };
 > MainLayoutInner src/components/layout/MainLayout.tsx?t=1787913571164:703:96
 > Object.react_stack_bottom_frame node_modules/react-dom/cjs/react-dom-client.development.js:25904:19
 > renderWithHooks node_modules/react-dom/cjs/react-dom-client.development.js:7662:21
 > updateFunctionComponent node_modules/react-dom/cjs/react-dom-client.development.js:10166:18
 > beginWork node_modules/react-dom/cjs/react-dom-client.development.js:11778:17
 > runWithFiberInDEV node_modules/react-dom/cjs/react-dom-client.development.js:871:29
 > performUnitOfWork node_modules/react-dom/cjs/react-dom-client.development.js:17641:21
 > workLoopSync node_modules/react-dom/cjs/react-dom-client.development.js:17469:40
 > renderRootSync node_modules/react-dom/cjs/react-dom-client.development.js:17450:10

[2m13:39:36[22m [33m[1m[vite][22m[39m [33m[2m(client)[22m[39m [2m[console.warn] [22mAn error occurred in the <MainLayoutInner> component.

Consider adding an error boundary to your tree to customize error handling behavior.
Visit https://react.dev/link/error-boundaries to learn more about error boundaries.

[2m13:39:37[22m [36m[1m[vite][22m[39m [90m[2m(client)[22m[39m [33mhmr invalidate [39m[2m/src/main.tsx[22m Could not Fast Refresh ("true" export is incompatible). Learn more at https://github.com/vitejs/vite-plugin-react/tree/main/packages/plugin-react#consistent-components-exports
[2m13:39:37[22m [36m[1m[vite][22m[39m [90m[2m(client)[22m[39m [32mpage reload [39m[2msrc/main.tsx[22m
[2m13:39:37[22m [36m[1m[vite][22m[39m [90m[2m(client)[22m[39m [33mhmr invalidate [39m[2m/src/pages/project/features/components/detail/ProjectSectionRenderer.tsx[22m Could not Fast Refresh ("renderProjectSection" export is incompatible). Learn more at https://github.com/vitejs/vite-plugin-react/tree/main/packages/plugin-react#consistent-components-exports
[2m13:39:37[22m [36m[1m[vite][22m[39m [90m[2m(client)[22m[39m [32mhmr update [39m[2m/src/pages/project/ProjectDetail.tsx[22m
[2m13:39:37[22m [31m[1m[vite][22m[39m [31m[2m(client)[22m[39m [2m[console.error] [22mYou are calling ReactDOMClient.createRoot() on a container that has already been passed to createRoot() before. Instead, call root.render() on the existing root instead if you want to update it.
[2m13:39:37[22m [31m[1m[vite][22m[39m [31m[2m(client)[22m[39m [2m[console.error] [22mYou are calling ReactDOMClient.createRoot() on a container that has already been passed to createRoot() before. Instead, call root.render() on the existing root instead if you want to update it.
[2m13:39:37[22m [31m[1m[vite][22m[39m [31m[2m(client)[22m[39m [31m[Unhandled error] [1mError[22m: Usesplitview Must Be Used Within Splitviewprovid
[39m > useSplitView src/components/layout/SplitViewContext.tsx:126:20
    124 |  export const useSplitView = () => {
    125 |      const ctx = useContext(SplitViewContext);
    126 |      if (!ctx) throw new Error(t('auto.usesplitview_must_be_used_within_splitviewprovid'));
        |                      ^
    127 |      return ctx;
    128 |  };
 > MainLayoutInner src/components/layout/MainLayout.tsx?t=1787913571164:703:96
 > Object.react_stack_bottom_frame node_modules/react-dom/cjs/react-dom-client.development.js:25904:19
 > renderWithHooks node_modules/react-dom/cjs/react-dom-client.development.js:7662:21
 > updateFunctionComponent node_modules/react-dom/cjs/react-dom-client.development.js:10166:18
 > beginWork node_modules/react-dom/cjs/react-dom-client.development.js:11778:17
 > runWithFiberInDEV node_modules/react-dom/cjs/react-dom-client.development.js:871:29
 > performUnitOfWork node_modules/react-dom/cjs/react-dom-client.development.js:17641:21
 > workLoopSync node_modules/react-dom/cjs/react-dom-client.development.js:17469:40
 > renderRootSync node_modules/react-dom/cjs/react-dom-client.development.js:17450:10

[2m13:39:37[22m [33m[1m[vite][22m[39m [33m[2m(client)[22m[39m [2m[console.warn] [22mAn error occurred in the <MainLayoutInner> component.

Consider adding an error boundary to your tree to customize error handling behavior.
Visit https://react.dev/link/error-boundaries to learn more about error boundaries.

[2m13:39:37[22m [31m[1m[vite][22m[39m [31m[2m(client)[22m[39m [31m[Unhandled error] [1mError[22m: Usesplitview Must Be Used Within Splitviewprovid
[39m > useSplitView src/components/layout/SplitViewContext.tsx:126:20
    124 |  export const useSplitView = () => {
    125 |      const ctx = useContext(SplitViewContext);
    126 |      if (!ctx) throw new Error(t('auto.usesplitview_must_be_used_within_splitviewprovid'));
        |                      ^
    127 |      return ctx;
    128 |  };
 > MainLayoutInner src/components/layout/MainLayout.tsx:589:98
 > Object.react_stack_bottom_frame node_modules/react-dom/cjs/react-dom-client.development.js:25904:19
 > renderWithHooks node_modules/react-dom/cjs/react-dom-client.development.js:7662:21
 > updateFunctionComponent node_modules/react-dom/cjs/react-dom-client.development.js:10166:18
 > beginWork node_modules/react-dom/cjs/react-dom-client.development.js:11778:17
 > runWithFiberInDEV node_modules/react-dom/cjs/react-dom-client.development.js:871:29
 > performUnitOfWork node_modules/react-dom/cjs/react-dom-client.development.js:17641:21
 > workLoopSync node_modules/react-dom/cjs/react-dom-client.development.js:17469:40
 > renderRootSync node_modules/react-dom/cjs/react-dom-client.development.js:17450:10

[2m13:39:37[22m [33m[1m[vite][22m[39m [33m[2m(client)[22m[39m [2m[console.warn] [22mAn error occurred in the <MainLayoutInner> component.

Consider adding an error boundary to your tree to customize error handling behavior.
Visit https://react.dev/link/error-boundaries to learn more about error boundaries.

[2m13:39:37[22m [31m[1m[vite][22m[39m [31m[2m(client)[22m[39m [31m[Unhandled error] [1mError[22m: Usesplitview Must Be Used Within Splitviewprovid
[39m > useSplitView src/components/layout/SplitViewContext.tsx:126:20
    124 |  export const useSplitView = () => {
    125 |      const ctx = useContext(SplitViewContext);
    126 |      if (!ctx) throw new Error(t('auto.usesplitview_must_be_used_within_splitviewprovid'));
        |                      ^
    127 |      return ctx;
    128 |  };
 > MainLayoutInner src/components/layout/MainLayout.tsx:589:98
 > Object.react_stack_bottom_frame node_modules/react-dom/cjs/react-dom-client.development.js:25904:19
 > renderWithHooks node_modules/react-dom/cjs/react-dom-client.development.js:7662:21
 > updateFunctionComponent node_modules/react-dom/cjs/react-dom-client.development.js:10166:18
 > beginWork node_modules/react-dom/cjs/react-dom-client.development.js:11778:17
 > runWithFiberInDEV node_modules/react-dom/cjs/react-dom-client.development.js:871:29
 > performUnitOfWork node_modules/react-dom/cjs/react-dom-client.development.js:17641:21
 > workLoopSync node_modules/react-dom/cjs/react-dom-client.development.js:17469:40
 > renderRootSync node_modules/react-dom/cjs/react-dom-client.development.js:17450:10

[2m13:39:37[22m [33m[1m[vite][22m[39m [33m[2m(client)[22m[39m [2m[console.warn] [22mAn error occurred in the <MainLayoutInner> component.

Consider adding an error boundary to your tree to customize error handling behavior.
Visit https://react.dev/link/error-boundaries to learn more about error boundaries.

[2m13:39:37[22m [31m[1m[vite][22m[39m [31m[2m(client)[22m[39m [31m[Unhandled error] [1mError[22m: Usesplitview Must Be Used Within Splitviewprovid
[39m > useSplitView src/components/layout/SplitViewContext.tsx:126:20
    124 |  export const useSplitView = () => {
    125 |      const ctx = useContext(SplitViewContext);
    126 |      if (!ctx) throw new Error(t('auto.usesplitview_must_be_used_within_splitviewprovid'));
        |                      ^
    127 |      return ctx;
    128 |  };
 > MainLayoutInner src/components/layout/MainLayout.tsx:589:98
 > Object.react_stack_bottom_frame node_modules/react-dom/cjs/react-dom-client.development.js:25904:19
 > renderWithHooks node_modules/react-dom/cjs/react-dom-client.development.js:7662:21
 > updateFunctionComponent node_modules/react-dom/cjs/react-dom-client.development.js:10166:18
 > beginWork node_modules/react-dom/cjs/react-dom-client.development.js:11778:17
 > runWithFiberInDEV node_modules/react-dom/cjs/react-dom-client.development.js:871:29
 > performUnitOfWork node_modules/react-dom/cjs/react-dom-client.development.js:17641:21
 > workLoopSync node_modules/react-dom/cjs/react-dom-client.development.js:17469:40
 > renderRootSync node_modules/react-dom/cjs/react-dom-client.development.js:17450:10

[2m13:39:37[22m [33m[1m[vite][22m[39m [33m[2m(client)[22m[39m [2m[console.warn] [22mAn error occurred in the <MainLayoutInner> component.

Consider adding an error boundary to your tree to customize error handling behavior.
Visit https://react.dev/link/error-boundaries to learn more about error boundaries.

[2m13:39:38[22m [31m[1m[vite][22m[39m [31m[2m(client)[22m[39m [31m[Unhandled error] [1mError[22m: Usesplitview Must Be Used Within Splitviewprovid
[39m > useSplitView src/components/layout/SplitViewContext.tsx:126:20
    124 |  export const useSplitView = () => {
    125 |      const ctx = useContext(SplitViewContext);
    126 |      if (!ctx) throw new Error(t('auto.usesplitview_must_be_used_within_splitviewprovid'));
        |                      ^
    127 |      return ctx;
    128 |  };
 > MainLayoutInner src/components/layout/MainLayout.tsx:589:98
 > Object.react_stack_bottom_frame node_modules/react-dom/cjs/react-dom-client.development.js:25904:19
 > renderWithHooks node_modules/react-dom/cjs/react-dom-client.development.js:7662:21
 > updateFunctionComponent node_modules/react-dom/cjs/react-dom-client.development.js:10166:18
 > beginWork node_modules/react-dom/cjs/react-dom-client.development.js:11778:17
 > runWithFiberInDEV node_modules/react-dom/cjs/react-dom-client.development.js:871:29
 > performUnitOfWork node_modules/react-dom/cjs/react-dom-client.development.js:17641:21
 > workLoopSync node_modules/react-dom/cjs/react-dom-client.development.js:17469:40
 > renderRootSync node_modules/react-dom/cjs/react-dom-client.development.js:17450:10

[2m13:39:38[22m [33m[1m[vite][22m[39m [33m[2m(client)[22m[39m [2m[console.warn] [22mAn error occurred in the <MainLayoutInner> component.

Consider adding an error boundary to your tree to customize error handling behavior.
Visit https://react.dev/link/error-boundaries to learn more about error boundaries.

[2m13:39:38[22m [36m[1m[vite][22m[39m [90m[2m(client)[22m[39m [33mhmr invalidate [39m[2m/src/main.tsx[22m Could not Fast Refresh ("true" export is incompatible). Learn more at https://github.com/vitejs/vite-plugin-react/tree/main/packages/plugin-react#consistent-components-exports
[2m13:39:38[22m [36m[1m[vite][22m[39m [90m[2m(client)[22m[39m [32mpage reload [39m[2msrc/main.tsx[22m
[2m13:45:16[22m [36m[1m[vite][22m[39m [90m[2m(client)[22m[39m [32mhmr update [39m[2m/src/index.css, /src/pages/project/features/components/detail/tabs/overview/OverviewPieCharts.tsx[22m
[2m13:45:41[22m [36m[1m[vite][22m[39m [90m[2m(client)[22m[39m [32mhmr update [39m[2m/src/index.css, /src/pages/project/features/components/detail/tabs/overview/OverviewPieCharts.tsx[22m
[2m13:45:46[22m [36m[1m[vite][22m[39m [90m[2m(client)[22m[39m [32mhmr update [39m[2m/src/index.css, /src/pages/project/features/components/detail/tabs/overview/OverviewPieCharts.tsx[22m
[2m13:45:51[22m [36m[1m[vite][22m[39m [90m[2m(client)[22m[39m [32mhmr update [39m[2m/src/index.css, /src/pages/project/features/components/detail/tabs/overview/OverviewPieCharts.tsx[22m
[2m13:45:56[22m [36m[1m[vite][22m[39m [90m[2m(client)[22m[39m [32mhmr update [39m[2m/src/index.css, /src/pages/project/features/components/detail/tabs/overview/OverviewPieCharts.tsx[22m
[2m13:46:13[22m [36m[1m[vite][22m[39m [90m[2m(client)[22m[39m [32mhmr update [39m[2m/src/index.css, /src/pages/project/features/components/detail/tabs/overview/OverviewPieCharts.tsx[22m
[2m13:47:43[22m [36m[1m[vite][22m[39m [90m[2m(client)[22m[39m [32mhmr update [39m[2m/src/index.css[22m
[2m13:52:15[22m [36m[1m[vite][22m[39m [90m[2m(client)[22m[39m [32mhmr update [39m[2m/src/index.css[22m
[2m13:53:01[22m [36m[1m[vite][22m[39m [90m[2m(client)[22m[39m [32mhmr update [39m[2m/src/index.css[22m
[2m14:35:24[22m [36m[1m[vite][22m[39m [90m[2m(client)[22m[39m [32mhmr update [39m[2m/src/index.css, /src/components/layout/MainLayout.tsx[22m
[2m14:35:28[22m [31m[1m[vite][22m[39m [31m[2m(client)[22m[39m [31m[Unhandled error] [1mReferenceError[22m: TenantSwitcher is not defined
[39m > MainLayoutInner src/components/layout/MainLayout.tsx:1219:48
    1217 |                              farbige Kürzel der aktiven Firma; Name, Kategorie
    1218 |                              und die Wahl selbst stehen im KOPF des Menüs, das
    1219 |                              es öffnet (TenantSwitcher.tsx). */}
         |                                                  ^
    1220 |                          {tenants.length > 0 && <TenantSwitcher className="mr-1 hidden sm:block" />}
    1221 |  
 > Object.react_stack_bottom_frame node_modules/react-dom/cjs/react-dom-client.development.js:25904:19
 > renderWithHooks node_modules/react-dom/cjs/react-dom-client.development.js:7662:21
 > updateFunctionComponent node_modules/react-dom/cjs/react-dom-client.development.js:10166:18
 > beginWork node_modules/react-dom/cjs/react-dom-client.development.js:11778:17
 > runWithFiberInDEV node_modules/react-dom/cjs/react-dom-client.development.js:871:29
 > performUnitOfWork node_modules/react-dom/cjs/react-dom-client.development.js:17641:21
 > workLoopSync node_modules/react-dom/cjs/react-dom-client.development.js:17469:40
 > renderRootSync node_modules/react-dom/cjs/react-dom-client.development.js:17450:10
 > performWorkOnRoot node_modules/react-dom/cjs/react-dom-client.development.js:16583:34

[2m14:35:28[22m [33m[1m[vite][22m[39m [33m[2m(client)[22m[39m [2m[console.warn] [22mAn error occurred in the <MainLayoutInner> component.

Consider adding an error boundary to your tree to customize error handling behavior.
Visit https://react.dev/link/error-boundaries to learn more about error boundaries.

[2m14:35:28[22m [36m[1m[vite][22m[39m [90m[2m(client)[22m[39m [32mhmr update [39m[2m/src/index.css, /src/components/layout/MainLayout.tsx[22m
[2m14:35:34[22m [36m[1m[vite][22m[39m [90m[2m(client)[22m[39m [32mhmr update [39m[2m/src/index.css, /src/components/layout/MainLayout.tsx[22m
[2m14:35:47[22m [36m[1m[vite][22m[39m [90m[2m(client)[22m[39m [32mhmr update [39m[2m/src/index.css, /src/components/layout/RequestsAppsMenu.tsx[22m
[2m14:36:06[22m [36m[1m[vite][22m[39m [90m[2m(client)[22m[39m [32mhmr update [39m[2m/src/index.css, /src/main.tsx, /src/App.tsx, /src/components/layout/SplitViewContext.tsx, /src/components/layout/RequestsAppsMenu.tsx, /src/components/layout/PaneErrorBoundary.tsx, /src/components/ui-shared/LanguageSwitcher.tsx, /src/components/ui-shared/Loader.tsx, /src/components/layout/MainLayout.tsx, /src/pages/crm/components/ReminderToasts.tsx, /src/components/ui-shared/TableKit.tsx, /src/pages/project/ProjectDetail.tsx, /src/pages/project/features/components/detail/ProjectDetailHeader.tsx and 176 more[22m
[2m14:36:06[22m [36m[1m[vite][22m[39m [90m[2m(client)[22m[39m [32mhmr update [39m[2m/src/index.css, /src/main.tsx, /src/App.tsx, /src/components/layout/SplitViewContext.tsx, /src/components/layout/RequestsAppsMenu.tsx, /src/components/layout/PaneErrorBoundary.tsx, /src/components/ui-shared/LanguageSwitcher.tsx, /src/components/ui-shared/Loader.tsx, /src/components/layout/MainLayout.tsx, /src/pages/crm/components/ReminderToasts.tsx, /src/components/ui-shared/TableKit.tsx, /src/pages/project/ProjectDetail.tsx, /src/pages/project/features/components/detail/ProjectDetailHeader.tsx and 176 more[22m
[2m14:36:06[22m [36m[1m[vite][22m[39m [90m[2m(client)[22m[39m [32mhmr update [39m[2m/src/index.css, /src/main.tsx, /src/App.tsx, /src/components/layout/SplitViewContext.tsx, /src/components/layout/RequestsAppsMenu.tsx, /src/components/layout/PaneErrorBoundary.tsx, /src/components/ui-shared/LanguageSwitcher.tsx, /src/components/ui-shared/Loader.tsx, /src/components/layout/MainLayout.tsx, /src/pages/crm/components/ReminderToasts.tsx, /src/components/ui-shared/TableKit.tsx, /src/pages/project/ProjectDetail.tsx, /src/pages/project/features/components/detail/ProjectDetailHeader.tsx and 176 more[22m
[2m14:36:08[22m [36m[1m[vite][22m[39m [90m[2m(client)[22m[39m [33mhmr invalidate [39m[2m/src/main.tsx[22m Could not Fast Refresh ("true" export is incompatible). Learn more at https://github.com/vitejs/vite-plugin-react/tree/main/packages/plugin-react#consistent-components-exports
[2m14:36:08[22m [36m[1m[vite][22m[39m [90m[2m(client)[22m[39m [32mpage reload [39m[2msrc/main.tsx[22m
[2m14:36:08[22m [36m[1m[vite][22m[39m [90m[2m(client)[22m[39m [33mhmr invalidate [39m[2m/src/components/layout/SplitViewContext.tsx[22m Could not Fast Refresh ("SPLITABLE_ROUTES" export is incompatible). Learn more at https://github.com/vitejs/vite-plugin-react/tree/main/packages/plugin-react#consistent-components-exports
[2m14:36:08[22m [36m[1m[vite][22m[39m [90m[2m(client)[22m[39m [32mhmr update [39m[2m/src/components/layout/MainLayout.tsx, /src/components/layout/SplitViewToggle.tsx, /src/components/layout/PrimaryPane.tsx, /src/components/layout/SecondaryPane.tsx[22m
[2m14:36:09[22m [36m[1m[vite][22m[39m [90m[2m(client)[22m[39m [33mhmr invalidate [39m[2m/src/main.tsx[22m Could not Fast Refresh ("true" export is incompatible). Learn more at https://github.com/vitejs/vite-plugin-react/tree/main/packages/plugin-react#consistent-components-exports
[2m14:36:09[22m [36m[1m[vite][22m[39m [90m[2m(client)[22m[39m [32mpage reload [39m[2msrc/main.tsx[22m
[2m14:36:09[22m [31m[1m[vite][22m[39m [31m[2m(client)[22m[39m [31m[Unhandled error] [1mError[22m: Usesplitview Must Be Used Within Splitviewprovid
[39m > useSplitView src/components/layout/SplitViewContext.tsx:126:20
    124 |  export const useSplitView = () => {
    125 |      const ctx = useContext(SplitViewContext);
    126 |      if (!ctx) throw new Error(t('auto.usesplitview_must_be_used_within_splitviewprovid'));
        |                      ^
    127 |      return ctx;
    128 |  };
 > MainLayoutInner src/components/layout/MainLayout.tsx:590:98
 > Object.react_stack_bottom_frame node_modules/react-dom/cjs/react-dom-client.development.js:25904:19
 > renderWithHooks node_modules/react-dom/cjs/react-dom-client.development.js:7662:21
 > updateFunctionComponent node_modules/react-dom/cjs/react-dom-client.development.js:10166:18
 > beginWork node_modules/react-dom/cjs/react-dom-client.development.js:11778:17
 > runWithFiberInDEV node_modules/react-dom/cjs/react-dom-client.development.js:871:29
 > performUnitOfWork node_modules/react-dom/cjs/react-dom-client.development.js:17641:21
 > workLoopSync node_modules/react-dom/cjs/react-dom-client.development.js:17469:40
 > renderRootSync node_modules/react-dom/cjs/react-dom-client.development.js:17450:10

[2m14:36:09[22m [33m[1m[vite][22m[39m [33m[2m(client)[22m[39m [2m[console.warn] [22mAn error occurred in the <MainLayoutInner> component.

Consider adding an error boundary to your tree to customize error handling behavior.
Visit https://react.dev/link/error-boundaries to learn more about error boundaries.

[2m14:40:03[22m [36m[1m[vite][22m[39m [90m[2m(client)[22m[39m [32mhmr update [39m[2m/src/index.css, /src/styles/tenantSwitcher.css[22m
[2m14:40:19[22m [36m[1m[vite][22m[39m [90m[2m(client)[22m[39m [32mhmr update [39m[2m/src/index.css, /src/styles/tenantSwitcher.css[22m
[2m14:40:19[22m [36m[1m[vite][22m[39m [90m[2m(client)[22m[39m [32mhmr update [39m[2m/src/index.css, /src/components/layout/TenantSwitcher.tsx[22m
[2m14:40:27[22m [36m[1m[vite][22m[39m [90m[2m(client)[22m[39m [32mhmr update [39m[2m/src/index.css, /src/components/layout/TenantSwitcher.tsx[22m
[2m14:46:08[22m [36m[1m[vite][22m[39m [90m[2m(client)[22m[39m [32mhmr update [39m[2m/src/index.css, /src/components/layout/MainLayout.tsx[22m
[2m14:46:08[22m [36m[1m[vite][22m[39m [90m[2m(client)[22m[39m [32mhmr update [39m[2m/src/index.css, /src/components/ui-shared/LanguageSwitcher.tsx[22m
[2m14:46:28[22m [36m[1m[vite][22m[39m [90m[2m(client)[22m[39m [32mhmr update [39m[2m/src/styles/refine.css, /src/index.css[22m
[2m14:46:51[22m [36m[1m[vite][22m[39m [90m[2m(client)[22m[39m [32mhmr update [39m[2m/src/index.css, /src/components/layout/RequestsAppsMenu.tsx[22m
[2m14:47:27[22m [36m[1m[vite][22m[39m [90m[2m(client)[22m[39m [32mhmr update [39m[2m/src/index.css, /src/components/layout/TenantSwitcher.tsx[22m
[2m14:47:27[22m [36m[1m[vite][22m[39m [90m[2m(client)[22m[39m [32mhmr update [39m[2m/src/index.css, /src/styles/tenantSwitcher.css[22m
[2m14:47:27[22m [36m[1m[vite][22m[39m [90m[2m(client)[22m[39m [32mhmr update [39m[2m/src/index.css, /src/styles/personnel.css[22m
[2m14:47:27[22m [36m[1m[vite][22m[39m [90m[2m(client)[22m[39m [32mhmr update [39m[2m/src/index.css, /src/components/ui-shared/LanguageSwitcher.tsx[22m
[2m14:47:27[22m [36m[1m[vite][22m[39m [90m[2m(client)[22m[39m [32mhmr update [39m[2m/src/index.css, /src/components/layout/MainLayout.tsx[22m
[2m14:50:11[22m [36m[1m[vite][22m[39m [90m[2m(client)[22m[39m [32mhmr update [39m[2m/src/index.css, /src/components/layout/RequestsAppsMenu.tsx[22m
[2m14:50:11[22m [36m[1m[vite][22m[39m [90m[2m(client)[22m[39m [32mhmr update [39m[2m/src/index.css, /src/styles/tenantSwitcher.css[22m
[2m15:14:38[22m [36m[1m[vite][22m[39m [90m[2m(client)[22m[39m [32mhmr update [39m[2m/src/index.css, /src/components/layout/MainLayout.tsx[22m
[2m15:14:38[22m [36m[1m[vite][22m[39m [90m[2m(client)[22m[39m [32mhmr update [39m[2m/src/index.css, /src/components/layout/AppSidebar.tsx[22m
[2m15:14:52[22m [36m[1m[vite][22m[39m [90m[2m(client)[22m[39m [32mhmr update [39m[2m/src/styles/refine.css, /src/index.css[22m
[2m16:07:44[22m [36m[1m[vite][22m[39m [90m[2m(client)[22m[39m [32mhmr update [39m[2m/src/index.css, /src/components/layout/MainLayout.tsx[22m
[2m16:07:44[22m [36m[1m[vite][22m[39m [90m[2m(client)[22m[39m [32mhmr update [39m[2m/src/index.css, /src/components/layout/TenantSwitcher.tsx[22m
[2m16:08:16[22m [36m[1m[vite][22m[39m [90m[2m(client)[22m[39m [32mhmr update [39m[2m/src/index.css, /src/styles/tenantSwitcher.css[22m
[2m16:10:56[22m [31m[1m[vite][22m[39m [31m[2m(client)[22m[39m [2m[console.error] [22mCannot update a component (`BrowserRouter`) while rendering a different component (`WorkspaceTabsProvider`). To locate the bad setState() call inside `WorkspaceTabsProvider`, follow the stack trace as described in https://react.dev/link/setstate-in-render
[2m16:17:40[22m [36m[1m[vite][22m[39m [90m[2m(client)[22m[39m [32mhmr update [39m[2m/src/index.css[22m
[2m16:18:07[22m [36m[1m[vite][22m[39m [90m[2m(client)[22m[39m [32mhmr update [39m[2m/src/index.css, /src/pages/sales/detail/components/TenderDetailHeader.tsx[22m
[2m16:18:07[22m [36m[1m[vite][22m[39m [90m[2m(client)[22m[39m [32mhmr update [39m[2m/src/index.css, /src/pages/sales/detail/components/TenderSettingsMenu.tsx[22m
[2m16:21:15[22m [36m[1m[vite][22m[39m [90m[2m(client)[22m[39m [32mhmr update [39m[2m/src/index.css, /src/styles/tenantSwitcher.css[22m
[2m16:21:15[22m [36m[1m[vite][22m[39m [90m[2m(client)[22m[39m [32mhmr update [39m[2m/src/index.css, /src/components/layout/TenantSwitcher.tsx[22m
[2m16:21:15[22m [36m[1m[vite][22m[39m [90m[2m(client)[22m[39m [32mhmr update [39m[2m/src/index.css, /src/components/layout/RequestsAppsMenu.tsx[22m
[2m16:21:59[22m [36m[1m[vite][22m[39m [90m[2m(client)[22m[39m [32mhmr update [39m[2m/src/styles/refine.css, /src/index.css[22m
[2m16:21:59[22m [36m[1m[vite][22m[39m [90m[2m(client)[22m[39m [32mhmr update [39m[2m/src/index.css, /src/components/layout/MainLayout.tsx[22m
[2m16:21:59[22m [36m[1m[vite][22m[39m [90m[2m(client)[22m[39m [32mhmr update [39m[2m/src/index.css, /src/components/layout/AppSidebar.tsx[22m
[2m16:25:05[22m [36m[1m[vite][22m[39m [90m[2m(client)[22m[39m [32mhmr update [39m[2m/src/index.css, /src/pages/sales/detail/components/common/PlainUi.tsx[22m
[2m16:25:05[22m [36m[1m[vite][22m[39m [90m[2m(client)[22m[39m [32mhmr update [39m[2m/src/index.css, /src/pages/sales/detail/components/TenderDetailHeader.tsx[22m
[2m16:28:27[22m [36m[1m[vite][22m[39m [90m[2m(client)[22m[39m [32mhmr update [39m[2m/src/index.css, /src/components/layout/RequestsAppsMenu.tsx[22m
[2m16:28:33[22m [36m[1m[vite][22m[39m [90m[2m(client)[22m[39m [32mhmr update [39m[2m/src/index.css, /src/components/layout/RequestsAppsMenu.tsx[22m
[2m16:28:44[22m [36m[1m[vite][22m[39m [90m[2m(client)[22m[39m [32mhmr update [39m[2m/src/index.css, /src/components/layout/MainLayout.tsx[22m
[2m16:29:16[22m [36m[1m[vite][22m[39m [90m[2m(client)[22m[39m [32mhmr update [39m[2m/src/styles/refine.css, /src/index.css[22m
[2m16:29:38[22m [36m[1m[vite][22m[39m [90m[2m(client)[22m[39m [32mhmr update [39m[2m/src/styles/refine.css, /src/index.css[22m
[2m16:32:15[22m [36m[1m[vite][22m[39m [90m[2m(client)[22m[39m [32mhmr update [39m[2m/src/styles/refine.css, /src/index.css[22m
[2m16:32:25[22m [36m[1m[vite][22m[39m [90m[2m(client)[22m[39m [32mhmr update [39m[2m/src/index.css, /src/components/layout/MainLayout.tsx[22m
[2m16:32:30[22m [36m[1m[vite][22m[39m [90m[2m(client)[22m[39m [32mhmr update [39m[2m/src/index.css, /src/components/layout/MainLayout.tsx[22m
[2m16:32:37[22m [36m[1m[vite][22m[39m [90m[2m(client)[22m[39m [32mhmr update [39m[2m/src/index.css, /src/components/layout/MainLayout.tsx[22m
[2m16:32:43[22m [36m[1m[vite][22m[39m [90m[2m(client)[22m[39m [32mhmr update [39m[2m/src/index.css, /src/components/layout/MainLayout.tsx[22m
[2m16:32:50[22m [36m[1m[vite][22m[39m [90m[2m(client)[22m[39m [32mhmr update [39m[2m/src/index.css, /src/components/layout/AppSidebar.tsx[22m
[2m16:32:53[22m [31m[1m[vite][22m[39m [31m[2m(client)[22m[39m [31m[Unhandled error] [1mReferenceError[22m: BrandBackButton is not defined
[39m > AppSidebar src/components/layout/AppSidebar.tsx:404:17
    402 |                      (BrandBackButton): der Rückweg sitzt immer HIER, und keine
    403 |                      Seite trägt ihn noch selbst. */}
    404 |                  <BrandBackButton variant="rail" />
        |                   ^
    405 |  
    406 |                  <nav className="flex-1 overflow-y-auto overflow-x-hidden px-2 pb-4 pt-1">
 > Object.react_stack_bottom_frame node_modules/react-dom/cjs/react-dom-client.development.js:25904:19
 > renderWithHooks node_modules/react-dom/cjs/react-dom-client.development.js:7662:21
 > updateFunctionComponent node_modules/react-dom/cjs/react-dom-client.development.js:10166:18
 > beginWork node_modules/react-dom/cjs/react-dom-client.development.js:11778:17
 > runWithFiberInDEV node_modules/react-dom/cjs/react-dom-client.development.js:871:29
 > performUnitOfWork node_modules/react-dom/cjs/react-dom-client.development.js:17641:21
 > workLoopSync node_modules/react-dom/cjs/react-dom-client.development.js:17469:40
 > renderRootSync node_modules/react-dom/cjs/react-dom-client.development.js:17450:10
 > performWorkOnRoot node_modules/react-dom/cjs/react-dom-client.development.js:16583:34

[2m16:32:53[22m [33m[1m[vite][22m[39m [33m[2m(client)[22m[39m [2m[console.warn] [22mAn error occurred in the <AppSidebar> component.

Consider adding an error boundary to your tree to customize error handling behavior.
Visit https://react.dev/link/error-boundaries to learn more about error boundaries.

[2m16:32:55[22m [31m[1m[vite][22m[39m [31m[2m(client)[22m[39m [31m[Unhandled error] [1mReferenceError[22m: BrandBackButton is not defined
[39m > AppSidebar src/components/layout/AppSidebar.tsx:404:17
    402 |                      (BrandBackButton): der Rückweg sitzt immer HIER, und keine
    403 |                      Seite trägt ihn noch selbst. */}
    404 |                  <BrandBackButton variant="rail" />
        |                   ^
    405 |  
    406 |                  <nav className="flex-1 overflow-y-auto overflow-x-hidden px-2 pb-4 pt-1">
 > Object.react_stack_bottom_frame node_modules/react-dom/cjs/react-dom-client.development.js:25904:19
 > renderWithHooks node_modules/react-dom/cjs/react-dom-client.development.js:7662:21
 > updateFunctionComponent node_modules/react-dom/cjs/react-dom-client.development.js:10166:18
 > beginWork node_modules/react-dom/cjs/react-dom-client.development.js:11778:17
 > runWithFiberInDEV node_modules/react-dom/cjs/react-dom-client.development.js:871:29
 > performUnitOfWork node_modules/react-dom/cjs/react-dom-client.development.js:17641:21
 > workLoopSync node_modules/react-dom/cjs/react-dom-client.development.js:17469:40
 > renderRootSync node_modules/react-dom/cjs/react-dom-client.development.js:17450:10
 > performWorkOnRoot node_modules/react-dom/cjs/react-dom-client.development.js:16583:34

[2m16:32:55[22m [33m[1m[vite][22m[39m [33m[2m(client)[22m[39m [2m[console.warn] [22mAn error occurred in the <AppSidebar> component.

Consider adding an error boundary to your tree to customize error handling behavior.
Visit https://react.dev/link/error-boundaries to learn more about error boundaries.

[2m16:32:57[22m [36m[1m[vite][22m[39m [90m[2m(client)[22m[39m [32mhmr update [39m[2m/src/index.css, /src/components/layout/AppSidebar.tsx[22m
[2m16:33:10[22m [36m[1m[vite][22m[39m [90m[2m(client)[22m[39m [32mhmr update [39m[2m/src/index.css, /src/main.tsx, /src/App.tsx, /src/components/layout/SplitViewContext.tsx, /src/components/layout/RequestsAppsMenu.tsx, /src/components/layout/PaneErrorBoundary.tsx, /src/components/ui-shared/LanguageSwitcher.tsx, /src/components/ui-shared/Loader.tsx, /src/components/layout/MainLayout.tsx, /src/pages/crm/components/ReminderToasts.tsx, /src/components/ui-shared/TableKit.tsx, /src/pages/project/ProjectDetail.tsx, /src/pages/project/features/components/detail/ProjectDetailHeader.tsx and 193 more[22m
[2m16:33:11[22m [36m[1m[vite][22m[39m [90m[2m(client)[22m[39m [32mhmr update [39m[2m/src/index.css, /src/main.tsx, /src/App.tsx, /src/components/layout/SplitViewContext.tsx, /src/components/layout/RequestsAppsMenu.tsx, /src/components/layout/PaneErrorBoundary.tsx, /src/components/ui-shared/LanguageSwitcher.tsx, /src/components/ui-shared/Loader.tsx, /src/components/layout/MainLayout.tsx, /src/pages/crm/components/ReminderToasts.tsx, /src/components/ui-shared/TableKit.tsx, /src/pages/project/ProjectDetail.tsx, /src/pages/project/features/components/detail/ProjectDetailHeader.tsx and 193 more[22m
[2m16:33:11[22m [36m[1m[vite][22m[39m [90m[2m(client)[22m[39m [32mhmr update [39m[2m/src/index.css, /src/main.tsx, /src/App.tsx, /src/components/layout/SplitViewContext.tsx, /src/components/layout/RequestsAppsMenu.tsx, /src/components/layout/PaneErrorBoundary.tsx, /src/components/ui-shared/LanguageSwitcher.tsx, /src/components/ui-shared/Loader.tsx, /src/components/layout/MainLayout.tsx, /src/pages/crm/components/ReminderToasts.tsx, /src/components/ui-shared/TableKit.tsx, /src/pages/project/ProjectDetail.tsx, /src/pages/project/features/components/detail/ProjectDetailHeader.tsx and 193 more[22m
[2m16:33:11[22m [36m[1m[vite][22m[39m [90m[2m(client)[22m[39m [32mhmr update [39m[2m/src/index.css, /src/main.tsx, /src/App.tsx, /src/components/layout/SplitViewContext.tsx, /src/components/layout/RequestsAppsMenu.tsx, /src/components/layout/PaneErrorBoundary.tsx, /src/components/ui-shared/LanguageSwitcher.tsx, /src/components/ui-shared/Loader.tsx, /src/components/layout/MainLayout.tsx, /src/pages/crm/components/ReminderToasts.tsx, /src/components/ui-shared/TableKit.tsx, /src/pages/project/ProjectDetail.tsx, /src/pages/project/features/components/detail/ProjectDetailHeader.tsx and 193 more[22m
[2m16:33:11[22m [36m[1m[vite][22m[39m [90m[2m(client)[22m[39m [32mhmr update [39m[2m/src/index.css, /src/main.tsx, /src/App.tsx, /src/components/layout/SplitViewContext.tsx, /src/components/layout/RequestsAppsMenu.tsx, /src/components/layout/PaneErrorBoundary.tsx, /src/components/ui-shared/LanguageSwitcher.tsx, /src/components/ui-shared/Loader.tsx, /src/components/layout/MainLayout.tsx, /src/pages/crm/components/ReminderToasts.tsx, /src/components/ui-shared/TableKit.tsx, /src/pages/project/ProjectDetail.tsx, /src/pages/project/features/components/detail/ProjectDetailHeader.tsx and 193 more[22m
[2m16:33:11[22m [36m[1m[vite][22m[39m [90m[2m(client)[22m[39m [32mhmr update [39m[2m/src/index.css, /src/main.tsx, /src/App.tsx, /src/components/layout/SplitViewContext.tsx, /src/components/layout/RequestsAppsMenu.tsx, /src/components/layout/PaneErrorBoundary.tsx, /src/components/ui-shared/LanguageSwitcher.tsx, /src/components/ui-shared/Loader.tsx, /src/components/layout/MainLayout.tsx, /src/pages/crm/components/ReminderToasts.tsx, /src/components/ui-shared/TableKit.tsx, /src/pages/project/ProjectDetail.tsx, /src/pages/project/features/components/detail/ProjectDetailHeader.tsx and 193 more[22m
[2m16:33:14[22m [36m[1m[vite][22m[39m [90m[2m(client)[22m[39m [33mhmr invalidate [39m[2m/src/main.tsx[22m Could not Fast Refresh ("true" export is incompatible). Learn more at https://github.com/vitejs/vite-plugin-react/tree/main/packages/plugin-react#consistent-components-exports
[2m16:33:14[22m [36m[1m[vite][22m[39m [90m[2m(client)[22m[39m [32mpage reload [39m[2msrc/main.tsx[22m
[2m16:33:14[22m [36m[1m[vite][22m[39m [90m[2m(client)[22m[39m [33mhmr invalidate [39m[2m/src/components/layout/SplitViewContext.tsx[22m Could not Fast Refresh ("SPLITABLE_ROUTES" export is incompatible). Learn more at https://github.com/vitejs/vite-plugin-react/tree/main/packages/plugin-react#consistent-components-exports
[2m16:33:14[22m [36m[1m[vite][22m[39m [90m[2m(client)[22m[39m [32mhmr update [39m[2m/src/components/layout/MainLayout.tsx, /src/components/layout/SplitViewToggle.tsx, /src/components/layout/PrimaryPane.tsx, /src/components/layout/SecondaryPane.tsx[22m
[2m16:33:14[22m [36m[1m[vite][22m[39m [90m[2m(client)[22m[39m [33mhmr invalidate [39m[2m/src/pages/calendar/components/DayPlanRows.tsx[22m Could not Fast Refresh ("appendDay" export is incompatible). Learn more at https://github.com/vitejs/vite-plugin-react/tree/main/packages/plugin-react#consistent-components-exports
[2m16:33:14[22m [36m[1m[vite][22m[39m [90m[2m(client)[22m[39m [32mhmr update [39m[2m/src/pages/calendar/CalendarPage.tsx, /src/pages/calendar/components/CreatePopup.tsx, /src/pages/calendar/components/AppointmentDaysPane.tsx[22m
[2m16:33:14[22m [36m[1m[vite][22m[39m [90m[2m(client)[22m[39m [33mhmr invalidate [39m[2m/src/pages/maintenance/MaintenanceShared.tsx[22m Could not Fast Refresh ("STATUS_VARIANT" export is incompatible). Learn more at https://github.com/vitejs/vite-plugin-react/tree/main/packages/plugin-react#consistent-components-exports
[2m16:33:14[22m [36m[1m[vite][22m[39m [90m[2m(client)[22m[39m [32mhmr update [39m[2m/src/pages/calendar/CalendarPage.tsx, /src/pages/crm/TasksPage.tsx[22m
[2m16:33:14[22m [36m[1m[vite][22m[39m [90m[2m(client)[22m[39m [33mhmr invalidate [39m[2m/src/components/ui-shared/AppointmentDocuments.tsx[22m Could not Fast Refresh ("acceptableFiles" export is incompatible). Learn more at https://github.com/vitejs/vite-plugin-react/tree/main/packages/plugin-react#consistent-components-exports
[2m16:33:14[22m [36m[1m[vite][22m[39m [90m[2m(client)[22m[39m [32mhmr update [39m[2m/src/pages/calendar/components/DetailPopup.tsx, /src/pages/calendar/components/CreatePopup.tsx, /src/pages/calendar/components/AppointmentDaysPane.tsx[22m
[2m16:33:14[22m [31m[1m[vite][22m[39m [31m[2m(client)[22m[39m [2m[console.error] [22mYou are calling ReactDOMClient.createRoot() on a container that has already been passed to createRoot() before. Instead, call root.render() on the existing root instead if you want to update it.
[2m16:33:16[22m [31m[1m[vite][22m[39m [31m[2m(client)[22m[39m [31m[Unhandled error] [1mError[22m: Usesplitview Must Be Used Within Splitviewprovid
[39m > useSplitView src/components/layout/SplitViewContext.tsx:126:20
    124 |  export const useSplitView = () => {
    125 |      const ctx = useContext(SplitViewContext);
    126 |      if (!ctx) throw new Error(t('auto.usesplitview_must_be_used_within_splitviewprovid'));
        |                      ^
    127 |      return ctx;
    128 |  };
 > MainLayoutInner src/components/layout/MainLayout.tsx?t=1787923990937:710:96
 > Object.react_stack_bottom_frame node_modules/react-dom/cjs/react-dom-client.development.js:25904:19
 > renderWithHooks node_modules/react-dom/cjs/react-dom-client.development.js:7662:21
 > updateFunctionComponent node_modules/react-dom/cjs/react-dom-client.development.js:10166:18
 > beginWork node_modules/react-dom/cjs/react-dom-client.development.js:11778:17
 > runWithFiberInDEV node_modules/react-dom/cjs/react-dom-client.development.js:871:29
 > performUnitOfWork node_modules/react-dom/cjs/react-dom-client.development.js:17641:21
 > workLoopSync node_modules/react-dom/cjs/react-dom-client.development.js:17469:40
 > renderRootSync node_modules/react-dom/cjs/react-dom-client.development.js:17450:10

[2m16:33:16[22m [33m[1m[vite][22m[39m [33m[2m(client)[22m[39m [2m[console.warn] [22mAn error occurred in the <MainLayoutInner> component.

Consider adding an error boundary to your tree to customize error handling behavior.
Visit https://react.dev/link/error-boundaries to learn more about error boundaries.

[2m16:33:16[22m [31m[1m[vite][22m[39m [31m[2m(client)[22m[39m [31m[Unhandled error] [1mError[22m: Usesplitview Must Be Used Within Splitviewprovid
[39m > useSplitView src/components/layout/SplitViewContext.tsx:126:20
    124 |  export const useSplitView = () => {
    125 |      const ctx = useContext(SplitViewContext);
    126 |      if (!ctx) throw new Error(t('auto.usesplitview_must_be_used_within_splitviewprovid'));
        |                      ^
    127 |      return ctx;
    128 |  };
 > MainLayoutInner src/components/layout/MainLayout.tsx?t=1787923990937:710:96
 > Object.react_stack_bottom_frame node_modules/react-dom/cjs/react-dom-client.development.js:25904:19
 > renderWithHooks node_modules/react-dom/cjs/react-dom-client.development.js:7662:21
 > updateFunctionComponent node_modules/react-dom/cjs/react-dom-client.development.js:10166:18
 > beginWork node_modules/react-dom/cjs/react-dom-client.development.js:11778:17
 > runWithFiberInDEV node_modules/react-dom/cjs/react-dom-client.development.js:871:29
 > performUnitOfWork node_modules/react-dom/cjs/react-dom-client.development.js:17641:21
 > workLoopSync node_modules/react-dom/cjs/react-dom-client.development.js:17469:40
 > renderRootSync node_modules/react-dom/cjs/react-dom-client.development.js:17450:10

[2m16:33:16[22m [33m[1m[vite][22m[39m [33m[2m(client)[22m[39m [2m[console.warn] [22mAn error occurred in the <MainLayoutInner> component.

Consider adding an error boundary to your tree to customize error handling behavior.
Visit https://react.dev/link/error-boundaries to learn more about error boundaries.

[2m16:33:59[22m [36m[1m[vite][22m[39m [90m[2m(client)[22m[39m [32mhmr update [39m[2m/src/index.css, /src/main.tsx, /src/App.tsx, /src/components/layout/SplitViewContext.tsx, /src/components/layout/RequestsAppsMenu.tsx, /src/components/layout/PaneErrorBoundary.tsx, /src/components/ui-shared/LanguageSwitcher.tsx, /src/components/ui-shared/Loader.tsx, /src/components/layout/MainLayout.tsx, /src/pages/crm/components/ReminderToasts.tsx, /src/components/ui-shared/TableKit.tsx, /src/pages/project/ProjectDetail.tsx, /src/pages/project/features/components/detail/ProjectDetailHeader.tsx and 193 more[22m
[2m16:33:59[22m [36m[1m[vite][22m[39m [90m[2m(client)[22m[39m [32mhmr update [39m[2m/src/index.css, /src/main.tsx, /src/App.tsx, /src/components/layout/SplitViewContext.tsx, /src/components/layout/RequestsAppsMenu.tsx, /src/components/layout/PaneErrorBoundary.tsx, /src/components/ui-shared/LanguageSwitcher.tsx, /src/components/ui-shared/Loader.tsx, /src/components/layout/MainLayout.tsx, /src/pages/crm/components/ReminderToasts.tsx, /src/components/ui-shared/TableKit.tsx, /src/pages/project/ProjectDetail.tsx, /src/pages/project/features/components/detail/ProjectDetailHeader.tsx and 193 more[22m
[2m16:33:59[22m [36m[1m[vite][22m[39m [90m[2m(client)[22m[39m [32mhmr update [39m[2m/src/index.css, /src/main.tsx, /src/App.tsx, /src/components/layout/SplitViewContext.tsx, /src/components/layout/RequestsAppsMenu.tsx, /src/components/layout/PaneErrorBoundary.tsx, /src/components/ui-shared/LanguageSwitcher.tsx, /src/components/ui-shared/Loader.tsx, /src/components/layout/MainLayout.tsx, /src/pages/crm/components/ReminderToasts.tsx, /src/components/ui-shared/TableKit.tsx, /src/pages/project/ProjectDetail.tsx, /src/pages/project/features/components/detail/ProjectDetailHeader.tsx and 193 more[22m
[2m16:34:01[22m [36m[1m[vite][22m[39m [90m[2m(client)[22m[39m [33mhmr invalidate [39m[2m/src/main.tsx[22m Could not Fast Refresh ("true" export is incompatible). Learn more at https://github.com/vitejs/vite-plugin-react/tree/main/packages/plugin-react#consistent-components-exports
[2m16:34:01[22m [36m[1m[vite][22m[39m [90m[2m(client)[22m[39m [32mpage reload [39m[2msrc/main.tsx[22m
[2m16:34:01[22m [36m[1m[vite][22m[39m [90m[2m(client)[22m[39m [33mhmr invalidate [39m[2m/src/components/layout/SplitViewContext.tsx[22m Could not Fast Refresh ("SPLITABLE_ROUTES" export is incompatible). Learn more at https://github.com/vitejs/vite-plugin-react/tree/main/packages/plugin-react#consistent-components-exports
[2m16:34:01[22m [36m[1m[vite][22m[39m [90m[2m(client)[22m[39m [32mhmr update [39m[2m/src/components/layout/MainLayout.tsx, /src/components/layout/SplitViewToggle.tsx, /src/components/layout/PrimaryPane.tsx, /src/components/layout/SecondaryPane.tsx[22m
[2m16:34:02[22m [31m[1m[vite][22m[39m [31m[2m(client)[22m[39m [31m[Unhandled error] [1mError[22m: Usesplitview Must Be Used Within Splitviewprovid
[39m > useSplitView src/components/layout/SplitViewContext.tsx:126:20
    124 |  export const useSplitView = () => {
    125 |      const ctx = useContext(SplitViewContext);
    126 |      if (!ctx) throw new Error(t('auto.usesplitview_must_be_used_within_splitviewprovid'));
        |                      ^
    127 |      return ctx;
    128 |  };
 > MainLayoutInner src/components/layout/MainLayout.tsx:597:98
 > Object.react_stack_bottom_frame node_modules/react-dom/cjs/react-dom-client.development.js:25904:19
 > renderWithHooks node_modules/react-dom/cjs/react-dom-client.development.js:7662:21
 > updateFunctionComponent node_modules/react-dom/cjs/react-dom-client.development.js:10166:18
 > beginWork node_modules/react-dom/cjs/react-dom-client.development.js:11778:17
 > runWithFiberInDEV node_modules/react-dom/cjs/react-dom-client.development.js:871:29
 > performUnitOfWork node_modules/react-dom/cjs/react-dom-client.development.js:17641:21
 > workLoopSync node_modules/react-dom/cjs/react-dom-client.development.js:17469:40
 > renderRootSync node_modules/react-dom/cjs/react-dom-client.development.js:17450:10

[2m16:34:02[22m [33m[1m[vite][22m[39m [33m[2m(client)[22m[39m [2m[console.warn] [22mAn error occurred in the <MainLayoutInner> component.

Consider adding an error boundary to your tree to customize error handling behavior.
Visit https://react.dev/link/error-boundaries to learn more about error boundaries.

[2m16:34:02[22m [31m[1m[vite][22m[39m [31m[2m(client)[22m[39m [2m[console.error] [22mYou are calling ReactDOMClient.createRoot() on a container that has already been passed to createRoot() before. Instead, call root.render() on the existing root instead if you want to update it.
[2m16:34:02[22m [31m[1m[vite][22m[39m [31m[2m(client)[22m[39m [2m[console.error] [22mYou are calling ReactDOMClient.createRoot() on a container that has already been passed to createRoot() before. Instead, call root.render() on the existing root instead if you want to update it.
[2m16:34:02[22m [31m[1m[vite][22m[39m [31m[2m(client)[22m[39m [31m[Unhandled error] [1mError[22m: Usesplitview Must Be Used Within Splitviewprovid
[39m > useSplitView src/components/layout/SplitViewContext.tsx:126:20
    124 |  export const useSplitView = () => {
    125 |      const ctx = useContext(SplitViewContext);
    126 |      if (!ctx) throw new Error(t('auto.usesplitview_must_be_used_within_splitviewprovid'));
        |                      ^
    127 |      return ctx;
    128 |  };
 > MainLayoutInner src/components/layout/MainLayout.tsx:597:98
 > Object.react_stack_bottom_frame node_modules/react-dom/cjs/react-dom-client.development.js:25904:19
 > renderWithHooks node_modules/react-dom/cjs/react-dom-client.development.js:7662:21
 > updateFunctionComponent node_modules/react-dom/cjs/react-dom-client.development.js:10166:18
 > beginWork node_modules/react-dom/cjs/react-dom-client.development.js:11778:17
 > runWithFiberInDEV node_modules/react-dom/cjs/react-dom-client.development.js:871:29
 > performUnitOfWork node_modules/react-dom/cjs/react-dom-client.development.js:17641:21
 > workLoopSync node_modules/react-dom/cjs/react-dom-client.development.js:17469:40
 > renderRootSync node_modules/react-dom/cjs/react-dom-client.development.js:17450:10

[2m16:34:02[22m [33m[1m[vite][22m[39m [33m[2m(client)[22m[39m [2m[console.warn] [22mAn error occurred in the <MainLayoutInner> component.

Consider adding an error boundary to your tree to customize error handling behavior.
Visit https://react.dev/link/error-boundaries to learn more about error boundaries.

[2m16:34:02[22m [31m[1m[vite][22m[39m [31m[2m(client)[22m[39m [31m[Unhandled error] [1mError[22m: Usesplitview Must Be Used Within Splitviewprovid
[39m > useSplitView src/components/layout/SplitViewContext.tsx:126:20
    124 |  export const useSplitView = () => {
    125 |      const ctx = useContext(SplitViewContext);
    126 |      if (!ctx) throw new Error(t('auto.usesplitview_must_be_used_within_splitviewprovid'));
        |                      ^
    127 |      return ctx;
    128 |  };
 > MainLayoutInner src/components/layout/MainLayout.tsx:597:98
 > Object.react_stack_bottom_frame node_modules/react-dom/cjs/react-dom-client.development.js:25904:19
 > renderWithHooks node_modules/react-dom/cjs/react-dom-client.development.js:7662:21
 > updateFunctionComponent node_modules/react-dom/cjs/react-dom-client.development.js:10166:18
 > beginWork node_modules/react-dom/cjs/react-dom-client.development.js:11778:17
 > runWithFiberInDEV node_modules/react-dom/cjs/react-dom-client.development.js:871:29
 > performUnitOfWork node_modules/react-dom/cjs/react-dom-client.development.js:17641:21
 > workLoopSync node_modules/react-dom/cjs/react-dom-client.development.js:17469:40
 > renderRootSync node_modules/react-dom/cjs/react-dom-client.development.js:17450:10

[2m16:34:02[22m [33m[1m[vite][22m[39m [33m[2m(client)[22m[39m [2m[console.warn] [22mAn error occurred in the <MainLayoutInner> component.

Consider adding an error boundary to your tree to customize error handling behavior.
Visit https://react.dev/link/error-boundaries to learn more about error boundaries.

[2m16:34:02[22m [31m[1m[vite][22m[39m [31m[2m(client)[22m[39m [2m[console.error] [22mYou are calling ReactDOMClient.createRoot() on a container that has already been passed to createRoot() before. Instead, call root.render() on the existing root instead if you want to update it.
[2m16:34:02[22m [31m[1m[vite][22m[39m [31m[2m(client)[22m[39m [31m[Unhandled error] [1mError[22m: Usesplitview Must Be Used Within Splitviewprovid
[39m > useSplitView src/components/layout/SplitViewContext.tsx:126:20
    124 |  export const useSplitView = () => {
    125 |      const ctx = useContext(SplitViewContext);
    126 |      if (!ctx) throw new Error(t('auto.usesplitview_must_be_used_within_splitviewprovid'));
        |                      ^
    127 |      return ctx;
    128 |  };
 > MainLayoutInner src/components/layout/MainLayout.tsx:597:98
 > Object.react_stack_bottom_frame node_modules/react-dom/cjs/react-dom-client.development.js:25904:19
 > renderWithHooks node_modules/react-dom/cjs/react-dom-client.development.js:7662:21
 > updateFunctionComponent node_modules/react-dom/cjs/react-dom-client.development.js:10166:18
 > beginWork node_modules/react-dom/cjs/react-dom-client.development.js:11778:17
 > runWithFiberInDEV node_modules/react-dom/cjs/react-dom-client.development.js:871:29
 > performUnitOfWork node_modules/react-dom/cjs/react-dom-client.development.js:17641:21
 > workLoopSync node_modules/react-dom/cjs/react-dom-client.development.js:17469:40
 > renderRootSync node_modules/react-dom/cjs/react-dom-client.development.js:17450:10

[2m16:34:02[22m [33m[1m[vite][22m[39m [33m[2m(client)[22m[39m [2m[console.warn] [22mAn error occurred in the <MainLayoutInner> component.

Consider adding an error boundary to your tree to customize error handling behavior.
Visit https://react.dev/link/error-boundaries to learn more about error boundaries.

[2m16:34:02[22m [36m[1m[vite][22m[39m [90m[2m(client)[22m[39m [33mhmr invalidate [39m[2m/src/main.tsx[22m Could not Fast Refresh ("true" export is incompatible). Learn more at https://github.com/vitejs/vite-plugin-react/tree/main/packages/plugin-react#consistent-components-exports
[2m16:34:02[22m [36m[1m[vite][22m[39m [90m[2m(client)[22m[39m [32mpage reload [39m[2msrc/main.tsx[22m
[2m16:34:02[22m [31m[1m[vite][22m[39m [31m[2m(client)[22m[39m [31m[Unhandled error] [1mError[22m: Usesplitview Must Be Used Within Splitviewprovid
[39m > useSplitView src/components/layout/SplitViewContext.tsx:126:20
    124 |  export const useSplitView = () => {
    125 |      const ctx = useContext(SplitViewContext);
    126 |      if (!ctx) throw new Error(t('auto.usesplitview_must_be_used_within_splitviewprovid'));
        |                      ^
    127 |      return ctx;
    128 |  };
 > MainLayoutInner src/components/layout/MainLayout.tsx:597:98
 > Object.react_stack_bottom_frame node_modules/react-dom/cjs/react-dom-client.development.js:25904:19
 > renderWithHooks node_modules/react-dom/cjs/react-dom-client.development.js:7662:21
 > updateFunctionComponent node_modules/react-dom/cjs/react-dom-client.development.js:10166:18
 > beginWork node_modules/react-dom/cjs/react-dom-client.development.js:11778:17
 > runWithFiberInDEV node_modules/react-dom/cjs/react-dom-client.development.js:871:29
 > performUnitOfWork node_modules/react-dom/cjs/react-dom-client.development.js:17641:21
 > workLoopSync node_modules/react-dom/cjs/react-dom-client.development.js:17469:40
 > renderRootSync node_modules/react-dom/cjs/react-dom-client.development.js:17450:10

[2m16:34:02[22m [33m[1m[vite][22m[39m [33m[2m(client)[22m[39m [2m[console.warn] [22mAn error occurred in the <MainLayoutInner> component.

Consider adding an error boundary to your tree to customize error handling behavior.
Visit https://react.dev/link/error-boundaries to learn more about error boundaries.

[2m16:34:02[22m [31m[1m[vite][22m[39m [31m[2m(client)[22m[39m [31m[Unhandled error] [1mError[22m: Usesplitview Must Be Used Within Splitviewprovid
[39m > useSplitView src/components/layout/SplitViewContext.tsx:126:20
    124 |  export const useSplitView = () => {
    125 |      const ctx = useContext(SplitViewContext);
    126 |      if (!ctx) throw new Error(t('auto.usesplitview_must_be_used_within_splitviewprovid'));
        |                      ^
    127 |      return ctx;
    128 |  };
 > MainLayoutInner src/components/layout/MainLayout.tsx:597:98
 > Object.react_stack_bottom_frame node_modules/react-dom/cjs/react-dom-client.development.js:25904:19
 > renderWithHooks node_modules/react-dom/cjs/react-dom-client.development.js:7662:21
 > updateFunctionComponent node_modules/react-dom/cjs/react-dom-client.development.js:10166:18
 > beginWork node_modules/react-dom/cjs/react-dom-client.development.js:11778:17
 > runWithFiberInDEV node_modules/react-dom/cjs/react-dom-client.development.js:871:29
 > performUnitOfWork node_modules/react-dom/cjs/react-dom-client.development.js:17641:21
 > workLoopSync node_modules/react-dom/cjs/react-dom-client.development.js:17469:40
 > renderRootSync node_modules/react-dom/cjs/react-dom-client.development.js:17450:10

[2m16:34:02[22m [33m[1m[vite][22m[39m [33m[2m(client)[22m[39m [2m[console.warn] [22mAn error occurred in the <MainLayoutInner> component.

Consider adding an error boundary to your tree to customize error handling behavior.
Visit https://react.dev/link/error-boundaries to learn more about error boundaries.

[2m16:34:02[22m [31m[1m[vite][22m[39m [31m[2m(client)[22m[39m [31m[Unhandled error] [1mError[22m: Usesplitview Must Be Used Within Splitviewprovid
[39m > useSplitView src/components/layout/SplitViewContext.tsx:126:20
    124 |  export const useSplitView = () => {
    125 |      const ctx = useContext(SplitViewContext);
    126 |      if (!ctx) throw new Error(t('auto.usesplitview_must_be_used_within_splitviewprovid'));
        |                      ^
    127 |      return ctx;
    128 |  };
 > MainLayoutInner src/components/layout/MainLayout.tsx:597:98
 > Object.react_stack_bottom_frame node_modules/react-dom/cjs/react-dom-client.development.js:25904:19
 > renderWithHooks node_modules/react-dom/cjs/react-dom-client.development.js:7662:21
 > updateFunctionComponent node_modules/react-dom/cjs/react-dom-client.development.js:10166:18
 > beginWork node_modules/react-dom/cjs/react-dom-client.development.js:11778:17
 > runWithFiberInDEV node_modules/react-dom/cjs/react-dom-client.development.js:871:29
 > performUnitOfWork node_modules/react-dom/cjs/react-dom-client.development.js:17641:21
 > workLoopSync node_modules/react-dom/cjs/react-dom-client.development.js:17469:40
 > renderRootSync node_modules/react-dom/cjs/react-dom-client.development.js:17450:10

[2m16:34:02[22m [33m[1m[vite][22m[39m [33m[2m(client)[22m[39m [2m[console.warn] [22mAn error occurred in the <MainLayoutInner> component.

Consider adding an error boundary to your tree to customize error handling behavior.
Visit https://react.dev/link/error-boundaries to learn more about error boundaries.

[2m16:34:02[22m [31m[1m[vite][22m[39m [31m[2m(client)[22m[39m [31m[Unhandled error] [1mError[22m: Usesplitview Must Be Used Within Splitviewprovid
[39m > useSplitView src/components/layout/SplitViewContext.tsx:126:20
    124 |  export const useSplitView = () => {
    125 |      const ctx = useContext(SplitViewContext);
    126 |      if (!ctx) throw new Error(t('auto.usesplitview_must_be_used_within_splitviewprovid'));
        |                      ^
    127 |      return ctx;
    128 |  };
 > MainLayoutInner src/components/layout/MainLayout.tsx:597:98
 > Object.react_stack_bottom_frame node_modules/react-dom/cjs/react-dom-client.development.js:25904:19
 > renderWithHooks node_modules/react-dom/cjs/react-dom-client.development.js:7662:21
 > updateFunctionComponent node_modules/react-dom/cjs/react-dom-client.development.js:10166:18
 > beginWork node_modules/react-dom/cjs/react-dom-client.development.js:11778:17
 > runWithFiberInDEV node_modules/react-dom/cjs/react-dom-client.development.js:871:29
 > performUnitOfWork node_modules/react-dom/cjs/react-dom-client.development.js:17641:21
 > workLoopSync node_modules/react-dom/cjs/react-dom-client.development.js:17469:40
 > renderRootSync node_modules/react-dom/cjs/react-dom-client.development.js:17450:10

[2m16:34:02[22m [33m[1m[vite][22m[39m [33m[2m(client)[22m[39m [2m[console.warn] [22mAn error occurred in the <MainLayoutInner> component.

Consider adding an error boundary to your tree to customize error handling behavior.
Visit https://react.dev/link/error-boundaries to learn more about error boundaries.

[2m16:34:28[22m [36m[1m[vite][22m[39m [90m[2m(client)[22m[39m [32mhmr update [39m[2m/src/index.css, /src/pages/crm/CustomerDashboard.tsx[22m
[2m16:34:41[22m [36m[1m[vite][22m[39m [90m[2m(client)[22m[39m [32mhmr update [39m[2m/src/index.css, /src/components/layout/RequestsAppsMenu.tsx[22m
[2m16:34:45[22m [36m[1m[vite][22m[39m [90m[2m(client)[22m[39m [32mhmr update [39m[2m/src/index.css, /src/pages/crm/CustomerDashboard.tsx[22m
[2m16:34:45[22m [36m[1m[vite][22m[39m [90m[2m(client)[22m[39m [32mhmr update [39m[2m/src/index.css[22m
[2m16:34:45[22m [36m[1m[vite][22m[39m [90m[2m(client)[22m[39m [32mhmr update [39m[2m/src/index.css[22m
[2m16:34:56[22m [36m[1m[vite][22m[39m [90m[2m(client)[22m[39m [32mhmr update [39m[2m/src/index.css[22m
[2m16:34:56[22m [36m[1m[vite][22m[39m [90m[2m(client)[22m[39m [32mhmr update [39m[2m/src/index.css[22m
[2m16:34:59[22m [36m[1m[vite][22m[39m [90m[2m(client)[22m[39m [32mhmr update [39m[2m/src/styles/refine.css, /src/index.css[22m
[2m16:35:06[22m [36m[1m[vite][22m[39m [90m[2m(client)[22m[39m [32mhmr update [39m[2m/src/styles/refine.css, /src/index.css[22m
[2m16:35:09[22m [36m[1m[vite][22m[39m [90m[2m(client)[22m[39m [32mhmr update [39m[2m/src/index.css[22m
[2m16:35:09[22m [36m[1m[vite][22m[39m [90m[2m(client)[22m[39m [32mhmr update [39m[2m/src/index.css[22m
[2m16:35:19[22m [36m[1m[vite][22m[39m [90m[2m(client)[22m[39m [32mhmr update [39m[2m/src/index.css, /src/components/layout/MainLayout.tsx[22m
[2m16:35:22[22m [36m[1m[vite][22m[39m [90m[2m(client)[22m[39m [32mhmr update [39m[2m/src/index.css, /src/pages/inventory/detail/ArticleDetailView.tsx[22m
[2m16:35:22[22m [36m[1m[vite][22m[39m [90m[2m(client)[22m[39m [32mhmr update [39m[2m/src/index.css[22m
[2m16:35:22[22m [36m[1m[vite][22m[39m [90m[2m(client)[22m[39m [32mhmr update [39m[2m/src/index.css[22m
[2m16:35:22[22m [36m[1m[vite][22m[39m [90m[2m(client)[22m[39m [32mhmr update [39m[2m/src/index.css[22m
[2m16:35:27[22m [36m[1m[vite][22m[39m [90m[2m(client)[22m[39m [32mhmr update [39m[2m/src/styles/refine.css, /src/index.css[22m
[2m16:35:34[22m [36m[1m[vite][22m[39m [90m[2m(client)[22m[39m [32mhmr update [39m[2m/src/index.css[22m
[2m16:35:34[22m [36m[1m[vite][22m[39m [90m[2m(client)[22m[39m [32mhmr update [39m[2m/src/index.css[22m
[2m16:35:36[22m [36m[1m[vite][22m[39m [90m[2m(client)[22m[39m [32mhmr update [39m[2m/src/styles/refine.css, /src/index.css[22m
[2m16:36:21[22m [36m[1m[vite][22m[39m [90m[2m(client)[22m[39m [32mhmr update [39m[2m/src/index.css[22m
[2m16:36:23[22m [36m[1m[vite][22m[39m [90m[2m(client)[22m[39m [32mhmr update [39m[2m/src/index.css[22m
[2m16:36:23[22m [36m[1m[vite][22m[39m [90m[2m(client)[22m[39m [32mhmr update [39m[2m/src/index.css, /src/pages/inventory/detail/ArticleDetailView.tsx[22m
[2m16:36:23[22m [36m[1m[vite][22m[39m [90m[2m(client)[22m[39m [32mhmr update [39m[2m/src/index.css[22m
[2m16:36:23[22m [36m[1m[vite][22m[39m [90m[2m(client)[22m[39m [32mhmr update [39m[2m/src/index.css[22m
[2m16:36:23[22m [36m[1m[vite][22m[39m [90m[2m(client)[22m[39m [32mhmr update [39m[2m/src/index.css[22m
[2m16:36:28[22m [36m[1m[vite][22m[39m [90m[2m(client)[22m[39m [32mhmr update [39m[2m/src/index.css[22m
[2m16:36:35[22m [36m[1m[vite][22m[39m [90m[2m(client)[22m[39m [32mhmr update [39m[2m/src/index.css[22m
[2m16:36:35[22m [36m[1m[vite][22m[39m [90m[2m(client)[22m[39m [32mhmr update [39m[2m/src/index.css[22m
[2m16:36:53[22m [36m[1m[vite][22m[39m [90m[2m(client)[22m[39m [32mhmr update [39m[2m/src/index.css, /src/pages/personnel/person/PersonPage.tsx[22m
[2m16:36:53[22m [36m[1m[vite][22m[39m [90m[2m(client)[22m[39m [32mhmr update [39m[2m/src/index.css[22m
[2m16:36:53[22m [36m[1m[vite][22m[39m [90m[2m(client)[22m[39m [32mhmr update [39m[2m/src/index.css[22m
[2m16:36:53[22m [36m[1m[vite][22m[39m [90m[2m(client)[22m[39m [32mhmr update [39m[2m/src/index.css, /src/pages/sales/TenderCreate.tsx[22m
[2m16:36:53[22m [36m[1m[vite][22m[39m [90m[2m(client)[22m[39m [32mhmr update [39m[2m/src/index.css[22m
[2m16:36:53[22m [36m[1m[vite][22m[39m [90m[2m(client)[22m[39m [32mhmr update [39m[2m/src/index.css[22m
[2m16:36:53[22m [36m[1m[vite][22m[39m [90m[2m(client)[22m[39m [32mhmr update [39m[2m/src/index.css[22m
[2m16:36:53[22m [36m[1m[vite][22m[39m [90m[2m(client)[22m[39m [32mhmr update [39m[2m/src/index.css, /src/pages/sales/MyOrderDetail.tsx[22m
[2m16:37:11[22m [36m[1m[vite][22m[39m [90m[2m(client)[22m[39m [32mhmr update [39m[2m/src/index.css, /src/pages/project/features/components/detail/ProjectDetailHeader.tsx[22m
[2m16:37:13[22m [36m[1m[vite][22m[39m [90m[2m(client)[22m[39m [32mhmr update [39m[2m/src/index.css, /src/pages/project/features/components/detail/ProjectDetailHeader.tsx[22m
[2m16:37:22[22m [36m[1m[vite][22m[39m [90m[2m(client)[22m[39m [32mhmr update [39m[2m/src/index.css, /src/pages/project/features/components/detail/ProjectDetailHeader.tsx[22m
[2m16:37:22[22m [36m[1m[vite][22m[39m [90m[2m(client)[22m[39m [32mhmr update [39m[2m/src/pages/project/ProjectDetail.tsx, /src/index.css[22m
[2m16:37:23[22m [36m[1m[vite][22m[39m [90m[2m(client)[22m[39m [32mhmr update [39m[2m/src/pages/project/ProjectDetail.tsx, /src/index.css[22m
[2m16:37:45[22m [36m[1m[vite][22m[39m [90m[2m(client)[22m[39m [32mhmr update [39m[2m/src/index.css, /src/pages/sales/detail/components/TenderDetailHeader.tsx[22m
[2m16:37:48[22m [36m[1m[vite][22m[39m [90m[2m(client)[22m[39m [32mhmr update [39m[2m/src/index.css, /src/pages/sales/detail/components/TenderDetailHeader.tsx[22m
[2m16:37:48[22m [36m[1m[vite][22m[39m [90m[2m(client)[22m[39m [32mhmr update [39m[2m/src/pages/sales/TenderDetail.tsx, /src/index.css[22m
[2m16:37:48[22m [36m[1m[vite][22m[39m [90m[2m(client)[22m[39m [32mhmr update [39m[2m/src/index.css[22m
[2m16:37:59[22m [36m[1m[vite][22m[39m [90m[2m(client)[22m[39m [32mhmr update [39m[2m/src/index.css[22m
[2m16:38:08[22m [36m[1m[vite][22m[39m [90m[2m(client)[22m[39m [32mhmr update [39m[2m/src/index.css, /src/pages/sales/detail/components/TenderDetailHeader.tsx[22m
[2m16:38:21[22m [36m[1m[vite][22m[39m [90m[2m(client)[22m[39m [32mhmr update [39m[2m/src/index.css, /src/components/layout/MainLayout.tsx, /src/components/layout/BrandBackButton.tsx[22m
[2m16:38:26[22m [36m[1m[vite][22m[39m [90m[2m(client)[22m[39m [32mhmr update [39m[2m/src/index.css, /src/components/layout/MainLayout.tsx, /src/components/layout/BrandBackButton.tsx[22m
[2m16:38:38[22m [36m[1m[vite][22m[39m [90m[2m(client)[22m[39m [32mhmr update [39m[2m/src/index.css[22m
[2m16:39:14[22m [31m[1m[vite][22m[39m [31m[2m(client)[22m[39m [2m[console.error] [22mCannot update a component (`BrowserRouter`) while rendering a different component (`WorkspaceTabsProvider`). To locate the bad setState() call inside `WorkspaceTabsProvider`, follow the stack trace as described in https://react.dev/link/setstate-in-render
[2m16:40:49[22m [36m[1m[vite][22m[39m [90m[2m(client)[22m[39m [32mhmr update [39m[2m/src/index.css, /src/components/layout/MainLayout.tsx[22m
[2m16:40:49[22m [36m[1m[vite][22m[39m [90m[2m(client)[22m[39m [32mhmr update [39m[2m/src/index.css[22m
[2m16:40:52[22m [36m[1m[vite][22m[39m [90m[2m(client)[22m[39m [32mhmr update [39m[2m/src/index.css[22m
[2m16:40:52[22m [36m[1m[vite][22m[39m [90m[2m(client)[22m[39m [32mhmr update [39m[2m/src/index.css[22m
[2m16:40:52[22m [36m[1m[vite][22m[39m [90m[2m(client)[22m[39m [32mhmr update [39m[2m/src/index.css[22m
[2m16:40:52[22m [36m[1m[vite][22m[39m [90m[2m(client)[22m[39m [32mhmr update [39m[2m/src/index.css, /src/pages/sales/MyOrderDetail.tsx[22m
[2m16:40:52[22m [36m[1m[vite][22m[39m [90m[2m(client)[22m[39m [32mhmr update [39m[2m/src/index.css[22m
[2m16:40:52[22m [36m[1m[vite][22m[39m [90m[2m(client)[22m[39m [32mhmr update [39m[2m/src/index.css, /src/pages/inventory/ProductDetailPage.tsx[22m
[2m16:40:56[22m [36m[1m[vite][22m[39m [90m[2m(client)[22m[39m [32mhmr update [39m[2m/src/index.css, /src/pages/inventory/detail/ArticleDetailView.tsx[22m
[2m16:41:03[22m [36m[1m[vite][22m[39m [90m[2m(client)[22m[39m [32mhmr update [39m[2m/src/index.css, /src/pages/inventory/detail/ArticleDetailView.tsx[22m
[2m16:41:13[22m [36m[1m[vite][22m[39m [90m[2m(client)[22m[39m [32mhmr update [39m[2m/src/index.css[22m
[2m16:41:16[22m [36m[1m[vite][22m[39m [90m[2m(client)[22m[39m [32mhmr update [39m[2m/src/index.css[22m
[2m16:41:16[22m [36m[1m[vite][22m[39m [90m[2m(client)[22m[39m [32mhmr update [39m[2m/src/index.css, /src/pages/sales/TenderCreate.tsx[22m
[2m16:41:21[22m [36m[1m[vite][22m[39m [90m[2m(client)[22m[39m [32mhmr update [39m[2m/src/index.css[22m
[2m16:41:24[22m [36m[1m[vite][22m[39m [90m[2m(client)[22m[39m [32mhmr update [39m[2m/src/index.css[22m
[2m16:41:43[22m [31m[1m[vite][22m[39m [31mhttp proxy error: /api/v1/dashboard/summary[39m
AggregateError [ECONNREFUSED]: 
    at internalConnectMultiple (node:net:1142:49)
    at afterConnectMultiple (node:net:1723:7)
[2m16:41:43[22m [31m[1m[vite][22m[39m [31mhttp proxy error: /api/v1/dashboard/charts[39m
AggregateError [ECONNREFUSED]: 
    at internalConnectMultiple (node:net:1142:49)
    at afterConnectMultiple (node:net:1723:7)
[2m16:42:07[22m [31m[1m[vite][22m[39m [31mhttp proxy error: /api/v1/crm/reminders/due[39m
AggregateError [ECONNREFUSED]: 
    at internalConnectMultiple (node:net:1142:49)
    at afterConnectMultiple (node:net:1723:7)
[2m16:42:07[22m [31m[1m[vite][22m[39m [31mhttp proxy error: /api/v1/notifications?unreadOnly=true&limit=20&since=2026-08-28T13:41:07.701Z[39m
AggregateError [ECONNREFUSED]: 
    at internalConnectMultiple (node:net:1142:49)
    at afterConnectMultiple (node:net:1723:7)
[2m16:42:15[22m [31m[1m[vite][22m[39m [31mhttp proxy error: /api/v1/mail/messages/stats[39m
AggregateError [ECONNREFUSED]: 
    at internalConnectMultiple (node:net:1142:49)
    at afterConnectMultiple (node:net:1723:7)
[2m16:42:15[22m [31m[1m[vite][22m[39m [31mhttp proxy error: /api/v1/personnel/leaves/counts[39m
AggregateError [ECONNREFUSED]: 
    at internalConnectMultiple (node:net:1142:49)
    at afterConnectMultiple (node:net:1723:7)
[2m16:42:15[22m [31m[1m[vite][22m[39m [31mhttp proxy error: /api/v1/enquiries/stats[39m
AggregateError [ECONNREFUSED]: 
    at internalConnectMultiple (node:net:1142:49)
    at afterConnectMultiple (node:net:1723:7)
[2m16:42:47[22m [31m[1m[vite][22m[39m [31mhttp proxy error: /api/v1/personnel/staff?page=1&pageSize=15[39m
AggregateError [ECONNREFUSED]: 
    at internalConnectMultiple (node:net:1142:49)
    at afterConnectMultiple (node:net:1723:7)
[2m16:42:47[22m [31m[1m[vite][22m[39m [31mhttp proxy error: /api/v1/personnel/staff?page=1&pageSize=15[39m
AggregateError [ECONNREFUSED]: 
    at internalConnectMultiple (node:net:1142:49)
    at afterConnectMultiple (node:net:1723:7)
[2m16:42:49[22m [31m[1m[vite][22m[39m [31mhttp proxy error: /api/v1/customers?page=1&pageSize=15&sortBy=companyName&sortDirection=asc&fields=list[39m
AggregateError [ECONNREFUSED]: 
    at internalConnectMultiple (node:net:1142:49)
    at afterConnectMultiple (node:net:1723:7)
[2m16:42:50[22m [31m[1m[vite][22m[39m [31mhttp proxy error: /api/v1/personnel/staff?page=1&pageSize=15[39m
AggregateError [ECONNREFUSED]: 
    at internalConnectMultiple (node:net:1142:49)
    at afterConnectMultiple (node:net:1723:7)
[2m16:42:50[22m [31m[1m[vite][22m[39m [31mhttp proxy error: /api/v1/personnel/staff?page=1&pageSize=15[39m
AggregateError [ECONNREFUSED]: 
    at internalConnectMultiple (node:net:1142:49)
    at afterConnectMultiple (node:net:1723:7)
[2m16:42:51[22m [31m[1m[vite][22m[39m [31mhttp proxy error: /api/v1/calendar/labels[39m
AggregateError [ECONNREFUSED]: 
    at internalConnectMultiple (node:net:1142:49)
    at afterConnectMultiple (node:net:1723:7)
[2m16:42:51[22m [31m[1m[vite][22m[39m [31mhttp proxy error: /api/v1/crm/tasks?kind=TASK&scope=me&from=2026-08-23T21%3A00%3A00.000Z&to=2026-08-30T21%3A00%3A00.000Z&page=1&pageSize=200[39m
AggregateError [ECONNREFUSED]: 
    at internalConnectMultiple (node:net:1142:49)
    at afterConnectMultiple (node:net:1723:7)
[2m16:42:51[22m [31m[1m[vite][22m[39m [31mhttp proxy error: /api/v1/projects/appointments?start=2026-08-24&end=2026-08-30&view=calendar[39m
AggregateError [ECONNREFUSED]: 
    at internalConnectMultiple (node:net:1142:49)
    at afterConnectMultiple (node:net:1723:7)
[2m16:42:51[22m [31m[1m[vite][22m[39m [31mhttp proxy error: /api/v1/maintenance/tasks?start=2026-08-24&end=2026-08-30&view=calendar[39m
AggregateError [ECONNREFUSED]: 
    at internalConnectMultiple (node:net:1142:49)
    at afterConnectMultiple (node:net:1723:7)
[2m16:42:51[22m [31m[1m[vite][22m[39m [31mhttp proxy error: /api/v1/meetings?start=2026-08-23T21:00:00.000Z&end=2026-08-30T20:59:59.999Z[39m
AggregateError [ECONNREFUSED]: 
    at internalConnectMultiple (node:net:1142:49)
    at afterConnectMultiple (node:net:1723:7)
[2m16:42:51[22m [31m[1m[vite][22m[39m [31mhttp proxy error: /api/v1/projects/appointments?start=2026-08-24&end=2026-08-30&view=calendar[39m
AggregateError [ECONNREFUSED]: 
    at internalConnectMultiple (node:net:1142:49)
    at afterConnectMultiple (node:net:1723:7)
[2m16:42:51[22m [31m[1m[vite][22m[39m [31mhttp proxy error: /api/v1/maintenance/tasks?start=2026-08-24&end=2026-08-30&view=calendar[39m
AggregateError [ECONNREFUSED]: 
    at internalConnectMultiple (node:net:1142:49)
    at afterConnectMultiple (node:net:1723:7)
[2m16:42:51[22m [31m[1m[vite][22m[39m [31mhttp proxy error: /api/v1/meetings?start=2026-08-23T21:00:00.000Z&end=2026-08-30T20:59:59.999Z[39m
AggregateError [ECONNREFUSED]: 
    at internalConnectMultiple (node:net:1142:49)
    at afterConnectMultiple (node:net:1723:7)
[2m16:42:51[22m [31m[1m[vite][22m[39m [31mhttp proxy error: /api/v1/dashboard/summary[39m
AggregateError [ECONNREFUSED]: 
    at internalConnectMultiple (node:net:1142:49)
    at afterConnectMultiple (node:net:1723:7)
[2m16:42:51[22m [31m[1m[vite][22m[39m [31mhttp proxy error: /api/v1/dashboard/charts[39m
AggregateError [ECONNREFUSED]: 
    at internalConnectMultiple (node:net:1142:49)
    at afterConnectMultiple (node:net:1723:7)
[2m16:42:56[22m [31m[1m[vite][22m[39m [31mhttp proxy error: /api/v1/employees/directory?isActive=true[39m
AggregateError [ECONNREFUSED]: 
    at internalConnectMultiple (node:net:1142:49)
    at afterConnectMultiple (node:net:1723:7)
[2m16:42:56[22m [31m[1m[vite][22m[39m [31mhttp proxy error: /api/v1/crm/interactions?page=1&pageSize=30[39m
AggregateError [ECONNREFUSED]: 
    at internalConnectMultiple (node:net:1142:49)
    at afterConnectMultiple (node:net:1723:7)
[2m16:42:56[22m [31m[1m[vite][22m[39m [31mhttp proxy error: /api/v1/employees/directory?isActive=true[39m
AggregateError [ECONNREFUSED]: 
    at internalConnectMultiple (node:net:1142:49)
    at afterConnectMultiple (node:net:1723:7)
[2m16:42:57[22m [31m[1m[vite][22m[39m [31mhttp proxy error: /api/v1/crm/interactions?type=MEETING&page=1&pageSize=30[39m
AggregateError [ECONNREFUSED]: 
    at internalConnectMultiple (node:net:1142:49)
    at afterConnectMultiple (node:net:1723:7)
[2m16:42:57[22m [31m[1m[vite][22m[39m [31mhttp proxy error: /api/v1/tenders?sortBy=createdAt&sortDirection=desc&fields=list&page=1&pageSize=15[39m
AggregateError [ECONNREFUSED]: 
    at internalConnectMultiple (node:net:1142:49)
    at afterConnectMultiple (node:net:1723:7)
[2m16:42:57[22m [31m[1m[vite][22m[39m [31m[2m(client)[22m[39m [31m[Unhandled rejection] [1mAxiosError[22m: Request failed with status code 502
[39m > settle node_modules/axios/lib/core/settle.js:19:11
 > XMLHttpRequest.onloadend node_modules/axios/lib/adapters/xhr.js:109:8

[2m16:42:57[22m [31m[1m[vite][22m[39m [31m[2m(client)[22m[39m [31m[Unhandled rejection] [1mAxiosError[22m: Request failed with status code 502
[39m > settle node_modules/axios/lib/core/settle.js:19:11
 > XMLHttpRequest.onloadend node_modules/axios/lib/adapters/xhr.js:109:8

[2m16:42:58[22m [31m[1m[vite][22m[39m [31mhttp proxy error: /api/v1/tenders/rDE8o-oj-T?includeActivities=false&deferOrderPdfContent=true[39m
AggregateError [ECONNREFUSED]: 
    at internalConnectMultiple (node:net:1142:49)
    at afterConnectMultiple (node:net:1723:7)
[2m16:42:58[22m [31m[1m[vite][22m[39m [31m[2m(client)[22m[39m [31m[Unhandled rejection] [1mAxiosError[22m: Request failed with status code 502
[39m > settle node_modules/axios/lib/core/settle.js:19:11
 > XMLHttpRequest.onloadend node_modules/axios/lib/adapters/xhr.js:109:8

[2m16:42:58[22m [31m[1m[vite][22m[39m [31m[2m(client)[22m[39m [31m[Unhandled rejection] [1mAxiosError[22m: Request failed with status code 502
[39m > settle node_modules/axios/lib/core/settle.js:19:11
 > XMLHttpRequest.onloadend node_modules/axios/lib/adapters/xhr.js:109:8

[2m16:43:07[22m [31m[1m[vite][22m[39m [31mhttp proxy error: /api/v1/crm/reminders/due[39m
AggregateError [ECONNREFUSED]: 
    at internalConnectMultiple (node:net:1142:49)
    at afterConnectMultiple (node:net:1723:7)
[2m16:43:07[22m [31m[1m[vite][22m[39m [31mhttp proxy error: /api/v1/notifications?unreadOnly=true&limit=20&since=2026-08-28T13:41:07.701Z[39m
AggregateError [ECONNREFUSED]: 
    at internalConnectMultiple (node:net:1142:49)
    at afterConnectMultiple (node:net:1723:7)
[2m16:43:20[22m [31m[1m[vite][22m[39m [31mhttp proxy error: /api/v1/personnel/staff?page=1&pageSize=15[39m
AggregateError [ECONNREFUSED]: 
    at internalConnectMultiple (node:net:1142:49)
    at afterConnectMultiple (node:net:1723:7)
[2m16:43:20[22m [31m[1m[vite][22m[39m [31mhttp proxy error: /api/v1/personnel/staff?page=1&pageSize=15[39m
AggregateError [ECONNREFUSED]: 
    at internalConnectMultiple (node:net:1142:49)
    at afterConnectMultiple (node:net:1723:7)
[2m16:43:20[22m [31m[1m[vite][22m[39m [31mhttp proxy error: /api/v1/customers?page=1&pageSize=15&sortBy=companyName&sortDirection=asc&fields=list[39m
AggregateError [ECONNREFUSED]: 
    at internalConnectMultiple (node:net:1142:49)
    at afterConnectMultiple (node:net:1723:7)
[2m16:43:21[22m [31m[1m[vite][22m[39m [31mhttp proxy error: /api/v1/tenders?sortBy=createdAt&sortDirection=desc&fields=list&page=1&pageSize=15[39m
AggregateError [ECONNREFUSED]: 
    at internalConnectMultiple (node:net:1142:49)
    at afterConnectMultiple (node:net:1723:7)
[2m16:43:21[22m [31m[1m[vite][22m[39m [31m[2m(client)[22m[39m [31m[Unhandled rejection] [1mAxiosError[22m: Request failed with status code 502
[39m > settle node_modules/axios/lib/core/settle.js:19:11
 > XMLHttpRequest.onloadend node_modules/axios/lib/adapters/xhr.js:109:8

[2m16:43:21[22m [31m[1m[vite][22m[39m [31m[2m(client)[22m[39m [31m[Unhandled rejection] [1mAxiosError[22m: Request failed with status code 502
[39m > settle node_modules/axios/lib/core/settle.js:19:11
 > XMLHttpRequest.onloadend node_modules/axios/lib/adapters/xhr.js:109:8

[2m16:43:22[22m [31m[1m[vite][22m[39m [31mhttp proxy error: /api/v1/tenders/rDE8o-oj-T?includeActivities=false&deferOrderPdfContent=true[39m
AggregateError [ECONNREFUSED]: 
    at internalConnectMultiple (node:net:1142:49)
    at afterConnectMultiple (node:net:1723:7)
[2m16:43:22[22m [31m[1m[vite][22m[39m [31m[2m(client)[22m[39m [31m[Unhandled rejection] [1mAxiosError[22m: Request failed with status code 502
[39m > settle node_modules/axios/lib/core/settle.js:19:11
 > XMLHttpRequest.onloadend node_modules/axios/lib/adapters/xhr.js:109:8

[2m16:43:22[22m [31m[1m[vite][22m[39m [31m[2m(client)[22m[39m [31m[Unhandled rejection] [1mAxiosError[22m: Request failed with status code 502
[39m > settle node_modules/axios/lib/core/settle.js:19:11
 > XMLHttpRequest.onloadend node_modules/axios/lib/adapters/xhr.js:109:8

[2m16:43:23[22m [31m[1m[vite][22m[39m [31mhttp proxy error: /api/v1/personnel/staff?page=1&pageSize=15[39m
AggregateError [ECONNREFUSED]: 
    at internalConnectMultiple (node:net:1142:49)
    at afterConnectMultiple (node:net:1723:7)
[2m16:43:23[22m [31m[1m[vite][22m[39m [31mhttp proxy error: /api/v1/personnel/staff?page=1&pageSize=15[39m
AggregateError [ECONNREFUSED]: 
    at internalConnectMultiple (node:net:1142:49)
    at afterConnectMultiple (node:net:1723:7)
[2m16:43:23[22m [31m[1m[vite][22m[39m [31mhttp proxy error: /api/v1/calendar/labels[39m
AggregateError [ECONNREFUSED]: 
    at internalConnectMultiple (node:net:1142:49)
    at afterConnectMultiple (node:net:1723:7)
[2m16:43:23[22m [31m[1m[vite][22m[39m [31mhttp proxy error: /api/v1/crm/tasks?kind=TASK&scope=me&from=2026-08-23T21%3A00%3A00.000Z&to=2026-08-30T21%3A00%3A00.000Z&page=1&pageSize=200[39m
AggregateError [ECONNREFUSED]: 
    at internalConnectMultiple (node:net:1142:49)
    at afterConnectMultiple (node:net:1723:7)
[2m16:43:23[22m [31m[1m[vite][22m[39m [31mhttp proxy error: /api/v1/projects/appointments?start=2026-08-24&end=2026-08-30&view=calendar[39m
AggregateError [ECONNREFUSED]: 
    at internalConnectMultiple (node:net:1142:49)
    at afterConnectMultiple (node:net:1723:7)
[2m16:43:23[22m [31m[1m[vite][22m[39m [31mhttp proxy error: /api/v1/maintenance/tasks?start=2026-08-24&end=2026-08-30&view=calendar[39m
AggregateError [ECONNREFUSED]: 
    at internalConnectMultiple (node:net:1142:49)
    at afterConnectMultiple (node:net:1723:7)
[2m16:43:23[22m [31m[1m[vite][22m[39m [31mhttp proxy error: /api/v1/meetings?start=2026-08-23T21:00:00.000Z&end=2026-08-30T20:59:59.999Z[39m
AggregateError [ECONNREFUSED]: 
    at internalConnectMultiple (node:net:1142:49)
    at afterConnectMultiple (node:net:1723:7)
[2m16:43:23[22m [31m[1m[vite][22m[39m [31mhttp proxy error: /api/v1/projects/appointments?start=2026-08-24&end=2026-08-30&view=calendar[39m
AggregateError [ECONNREFUSED]: 
    at internalConnectMultiple (node:net:1142:49)
    at afterConnectMultiple (node:net:1723:7)
[2m16:43:23[22m [31m[1m[vite][22m[39m [31mhttp proxy error: /api/v1/maintenance/tasks?start=2026-08-24&end=2026-08-30&view=calendar[39m
AggregateError [ECONNREFUSED]: 
    at internalConnectMultiple (node:net:1142:49)
    at afterConnectMultiple (node:net:1723:7)
[2m16:43:23[22m [31m[1m[vite][22m[39m [31mhttp proxy error: /api/v1/meetings?start=2026-08-23T21:00:00.000Z&end=2026-08-30T20:59:59.999Z[39m
AggregateError [ECONNREFUSED]: 
    at internalConnectMultiple (node:net:1142:49)
    at afterConnectMultiple (node:net:1723:7)
[2m16:43:24[22m [31m[1m[vite][22m[39m [31mhttp proxy error: /api/v1/dashboard/summary[39m
AggregateError [ECONNREFUSED]: 
    at internalConnectMultiple (node:net:1142:49)
    at afterConnectMultiple (node:net:1723:7)
[2m16:43:24[22m [31m[1m[vite][22m[39m [31mhttp proxy error: /api/v1/dashboard/charts[39m
AggregateError [ECONNREFUSED]: 
    at internalConnectMultiple (node:net:1142:49)
    at afterConnectMultiple (node:net:1723:7)
[2m16:43:45[22m [31m[1m[vite][22m[39m [31mhttp proxy error: /api/v1/personnel/leaves/counts[39m
AggregateError [ECONNREFUSED]: 
    at internalConnectMultiple (node:net:1142:49)
    at afterConnectMultiple (node:net:1723:7)
[2m16:43:45[22m [31m[1m[vite][22m[39m [31mhttp proxy error: /api/v1/mail/messages/stats[39m
AggregateError [ECONNREFUSED]: 
    at internalConnectMultiple (node:net:1142:49)
    at afterConnectMultiple (node:net:1723:7)
[2m16:43:45[22m [31m[1m[vite][22m[39m [31mhttp proxy error: /api/v1/enquiries/stats[39m
AggregateError [ECONNREFUSED]: 
    at internalConnectMultiple (node:net:1142:49)
    at afterConnectMultiple (node:net:1723:7)
[2m16:44:44[22m [31m[1m[vite][22m[39m [31mhttp proxy error: /api/v1/calendar/labels[39m
AggregateError [ECONNREFUSED]: 
    at internalConnectMultiple (node:net:1142:49)
    at afterConnectMultiple (node:net:1723:7)
[2m16:44:44[22m [31m[1m[vite][22m[39m [31mhttp proxy error: /api/v1/crm/tasks?kind=TASK&scope=me&from=2026-08-23T21%3A00%3A00.000Z&to=2026-08-30T21%3A00%3A00.000Z&page=1&pageSize=200[39m
AggregateError [ECONNREFUSED]: 
    at internalConnectMultiple (node:net:1142:49)
    at afterConnectMultiple (node:net:1723:7)
[2m16:44:44[22m [31m[1m[vite][22m[39m [31mhttp proxy error: /api/v1/maintenance/tasks?start=2026-08-24&end=2026-08-30&view=calendar[39m
AggregateError [ECONNREFUSED]: 
    at internalConnectMultiple (node:net:1142:49)
    at afterConnectMultiple (node:net:1723:7)
[2m16:44:44[22m [31m[1m[vite][22m[39m [31mhttp proxy error: /api/v1/projects/appointments?start=2026-08-24&end=2026-08-30&view=calendar[39m
AggregateError [ECONNREFUSED]: 
    at internalConnectMultiple (node:net:1142:49)
    at afterConnectMultiple (node:net:1723:7)
[2m16:44:44[22m [31m[1m[vite][22m[39m [31mhttp proxy error: /api/v1/meetings?start=2026-08-23T21:00:00.000Z&end=2026-08-30T20:59:59.999Z[39m
AggregateError [ECONNREFUSED]: 
    at internalConnectMultiple (node:net:1142:49)
    at afterConnectMultiple (node:net:1723:7)
[2m16:44:44[22m [31m[1m[vite][22m[39m [31mhttp proxy error: /api/v1/maintenance/tasks?start=2026-08-24&end=2026-08-30&view=calendar[39m
AggregateError [ECONNREFUSED]: 
    at internalConnectMultiple (node:net:1142:49)
    at afterConnectMultiple (node:net:1723:7)
[2m16:44:44[22m [31m[1m[vite][22m[39m [31mhttp proxy error: /api/v1/projects/appointments?start=2026-08-24&end=2026-08-30&view=calendar[39m
AggregateError [ECONNREFUSED]: 
    at internalConnectMultiple (node:net:1142:49)
    at afterConnectMultiple (node:net:1723:7)
[2m16:44:44[22m [31m[1m[vite][22m[39m [31mhttp proxy error: /api/v1/meetings?start=2026-08-23T21:00:00.000Z&end=2026-08-30T20:59:59.999Z[39m
AggregateError [ECONNREFUSED]: 
    at internalConnectMultiple (node:net:1142:49)
    at afterConnectMultiple (node:net:1723:7)
[2m16:44:44[22m [31m[1m[vite][22m[39m [31mhttp proxy error: /api/v1/personnel/staff?page=1&pageSize=15[39m
AggregateError [ECONNREFUSED]: 
    at internalConnectMultiple (node:net:1142:49)
    at afterConnectMultiple (node:net:1723:7)
[2m16:44:44[22m [31m[1m[vite][22m[39m [31mhttp proxy error: /api/v1/personnel/staff?page=1&pageSize=15[39m
AggregateError [ECONNREFUSED]: 
    at internalConnectMultiple (node:net:1142:49)
    at afterConnectMultiple (node:net:1723:7)
[2m16:44:45[22m [31m[1m[vite][22m[39m [31mhttp proxy error: /api/v1/customers?page=1&pageSize=15&sortBy=companyName&sortDirection=asc&fields=list[39m
AggregateError [ECONNREFUSED]: 
    at internalConnectMultiple (node:net:1142:49)
    at afterConnectMultiple (node:net:1723:7)
[2m16:44:47[22m [31m[1m[vite][22m[39m [31mhttp proxy error: /api/v1/personnel/leaves/counts[39m
AggregateError [ECONNREFUSED]: 
    at internalConnectMultiple (node:net:1142:49)
    at afterConnectMultiple (node:net:1723:7)
[2m16:44:47[22m [31m[1m[vite][22m[39m [31mhttp proxy error: /api/v1/mail/messages/stats[39m
AggregateError [ECONNREFUSED]: 
    at internalConnectMultiple (node:net:1142:49)
    at afterConnectMultiple (node:net:1723:7)
[2m16:44:47[22m [31m[1m[vite][22m[39m [31mhttp proxy error: /api/v1/enquiries/stats[39m
AggregateError [ECONNREFUSED]: 
    at internalConnectMultiple (node:net:1142:49)
    at afterConnectMultiple (node:net:1723:7)
[2m16:44:50[22m [31m[1m[vite][22m[39m [31mhttp proxy error: /api/v1/dashboard/summary[39m
AggregateError [ECONNREFUSED]: 
    at internalConnectMultiple (node:net:1142:49)
    at afterConnectMultiple (node:net:1723:7)
[2m16:44:50[22m [31m[1m[vite][22m[39m [31mhttp proxy error: /api/v1/dashboard/charts[39m
AggregateError [ECONNREFUSED]: 
    at internalConnectMultiple (node:net:1142:49)
    at afterConnectMultiple (node:net:1723:7)
[2m16:44:52[22m [31m[1m[vite][22m[39m [31mhttp proxy error: /api/v1/dashboard/summary[39m
AggregateError [ECONNREFUSED]: 
    at internalConnectMultiple (node:net:1142:49)
    at afterConnectMultiple (node:net:1723:7)
[2m16:44:52[22m [31m[1m[vite][22m[39m [31mhttp proxy error: /api/v1/dashboard/charts[39m
AggregateError [ECONNREFUSED]: 
    at internalConnectMultiple (node:net:1142:49)
    at afterConnectMultiple (node:net:1723:7)
[2m16:44:53[22m [31m[1m[vite][22m[39m [31mhttp proxy error: /api/v1/personnel/staff?page=1&pageSize=15[39m
AggregateError [ECONNREFUSED]: 
    at internalConnectMultiple (node:net:1142:49)
    at afterConnectMultiple (node:net:1723:7)
[2m16:44:53[22m [31m[1m[vite][22m[39m [31mhttp proxy error: /api/v1/personnel/staff?page=1&pageSize=15[39m
AggregateError [ECONNREFUSED]: 
    at internalConnectMultiple (node:net:1142:49)
    at afterConnectMultiple (node:net:1723:7)
[2m16:44:53[22m [31m[1m[vite][22m[39m [31mhttp proxy error: /api/v1/calendar/labels[39m
AggregateError [ECONNREFUSED]: 
    at internalConnectMultiple (node:net:1142:49)
    at afterConnectMultiple (node:net:1723:7)
[2m16:44:53[22m [31m[1m[vite][22m[39m [31mhttp proxy error: /api/v1/crm/tasks?kind=TASK&scope=me&from=2026-08-23T21%3A00%3A00.000Z&to=2026-08-30T21%3A00%3A00.000Z&page=1&pageSize=200[39m
AggregateError [ECONNREFUSED]: 
    at internalConnectMultiple (node:net:1142:49)
    at afterConnectMultiple (node:net:1723:7)
[2m16:44:53[22m [31m[1m[vite][22m[39m [31mhttp proxy error: /api/v1/projects/appointments?start=2026-08-24&end=2026-08-30&view=calendar[39m
AggregateError [ECONNREFUSED]: 
    at internalConnectMultiple (node:net:1142:49)
    at afterConnectMultiple (node:net:1723:7)
[2m16:44:53[22m [31m[1m[vite][22m[39m [31mhttp proxy error: /api/v1/maintenance/tasks?start=2026-08-24&end=2026-08-30&view=calendar[39m
AggregateError [ECONNREFUSED]: 
    at internalConnectMultiple (node:net:1142:49)
    at afterConnectMultiple (node:net:1723:7)
[2m16:44:53[22m [31m[1m[vite][22m[39m [31mhttp proxy error: /api/v1/meetings?start=2026-08-23T21:00:00.000Z&end=2026-08-30T20:59:59.999Z[39m
AggregateError [ECONNREFUSED]: 
    at internalConnectMultiple (node:net:1142:49)
    at afterConnectMultiple (node:net:1723:7)
[2m16:44:53[22m [31m[1m[vite][22m[39m [31mhttp proxy error: /api/v1/projects/appointments?start=2026-08-24&end=2026-08-30&view=calendar[39m
AggregateError [ECONNREFUSED]: 
    at internalConnectMultiple (node:net:1142:49)
    at afterConnectMultiple (node:net:1723:7)
[2m16:44:53[22m [31m[1m[vite][22m[39m [31mhttp proxy error: /api/v1/maintenance/tasks?start=2026-08-24&end=2026-08-30&view=calendar[39m
AggregateError [ECONNREFUSED]: 
    at internalConnectMultiple (node:net:1142:49)
    at afterConnectMultiple (node:net:1723:7)
[2m16:44:53[22m [31m[1m[vite][22m[39m [31mhttp proxy error: /api/v1/meetings?start=2026-08-23T21:00:00.000Z&end=2026-08-30T20:59:59.999Z[39m
AggregateError [ECONNREFUSED]: 
    at internalConnectMultiple (node:net:1142:49)
    at afterConnectMultiple (node:net:1723:7)
[2m16:44:53[22m [31m[1m[vite][22m[39m [31mhttp proxy error: /api/v1/dashboard/summary[39m
AggregateError [ECONNREFUSED]: 
    at internalConnectMultiple (node:net:1142:49)
    at afterConnectMultiple (node:net:1723:7)
[2m16:44:53[22m [31m[1m[vite][22m[39m [31mhttp proxy error: /api/v1/dashboard/charts[39m
AggregateError [ECONNREFUSED]: 
    at internalConnectMultiple (node:net:1142:49)
    at afterConnectMultiple (node:net:1723:7)
[2m16:44:55[22m [31m[1m[vite][22m[39m [31mhttp proxy error: /api/v1/auth/me[39m
AggregateError [ECONNREFUSED]: 
    at internalConnectMultiple (node:net:1142:49)
    at afterConnectMultiple (node:net:1723:7)
[2m16:44:55[22m [31m[1m[vite][22m[39m [31mhttp proxy error: /api/v1/auth/me/permissions[39m
AggregateError [ECONNREFUSED]: 
    at internalConnectMultiple (node:net:1142:49)
    at afterConnectMultiple (node:net:1723:7)
[2m16:44:55[22m [31m[1m[vite][22m[39m [31mhttp proxy error: /api/v1/tenants[39m
AggregateError [ECONNREFUSED]: 
    at internalConnectMultiple (node:net:1142:49)
    at afterConnectMultiple (node:net:1723:7)
[2m16:44:55[22m [31m[1m[vite][22m[39m [31mhttp proxy error: /api/v1/auth/me[39m
AggregateError [ECONNREFUSED]: 
    at internalConnectMultiple (node:net:1142:49)
    at afterConnectMultiple (node:net:1723:7)
[2m16:44:55[22m [31m[1m[vite][22m[39m [31mhttp proxy error: /api/v1/auth/me/permissions[39m
AggregateError [ECONNREFUSED]: 
    at internalConnectMultiple (node:net:1142:49)
    at afterConnectMultiple (node:net:1723:7)
[2m16:44:55[22m [31m[1m[vite][22m[39m [31mhttp proxy error: /api/v1/tenants[39m
AggregateError [ECONNREFUSED]: 
    at internalConnectMultiple (node:net:1142:49)
    at afterConnectMultiple (node:net:1723:7)
[2m16:44:56[22m [31m[1m[vite][22m[39m [31mhttp proxy error: /api/v1/dashboard/summary[39m
AggregateError [ECONNREFUSED]: 
    at internalConnectMultiple (node:net:1142:49)
    at afterConnectMultiple (node:net:1723:7)
[2m16:44:56[22m [31m[1m[vite][22m[39m [31mhttp proxy error: /api/v1/dashboard/charts[39m
AggregateError [ECONNREFUSED]: 
    at internalConnectMultiple (node:net:1142:49)
    at afterConnectMultiple (node:net:1723:7)
[2m16:44:56[22m [31m[1m[vite][22m[39m [31mhttp proxy error: /api/v1/personnel/leaves/counts[39m
AggregateError [ECONNREFUSED]: 
    at internalConnectMultiple (node:net:1142:49)
    at afterConnectMultiple (node:net:1723:7)
[2m16:44:56[22m [31m[1m[vite][22m[39m [31mhttp proxy error: /api/v1/mail/messages/stats[39m
AggregateError [ECONNREFUSED]: 
    at internalConnectMultiple (node:net:1142:49)
    at afterConnectMultiple (node:net:1723:7)
[2m16:44:56[22m [31m[1m[vite][22m[39m [31mhttp proxy error: /api/v1/enquiries/stats[39m
AggregateError [ECONNREFUSED]: 
    at internalConnectMultiple (node:net:1142:49)
    at afterConnectMultiple (node:net:1723:7)
[2m16:44:56[22m [31m[1m[vite][22m[39m [31mhttp proxy error: /api/v1/dashboard/summary[39m
AggregateError [ECONNREFUSED]: 
    at internalConnectMultiple (node:net:1142:49)
    at afterConnectMultiple (node:net:1723:7)
[2m16:44:56[22m [31m[1m[vite][22m[39m [31mhttp proxy error: /api/v1/dashboard/charts[39m
AggregateError [ECONNREFUSED]: 
    at internalConnectMultiple (node:net:1142:49)
    at afterConnectMultiple (node:net:1723:7)
[2m16:44:56[22m [31m[1m[vite][22m[39m [31mhttp proxy error: /api/v1/personnel/leaves/counts[39m
AggregateError [ECONNREFUSED]: 
    at internalConnectMultiple (node:net:1142:49)
    at afterConnectMultiple (node:net:1723:7)
[2m16:44:56[22m [31m[1m[vite][22m[39m [31mhttp proxy error: /api/v1/mail/messages/stats[39m
AggregateError [ECONNREFUSED]: 
    at internalConnectMultiple (node:net:1142:49)
    at afterConnectMultiple (node:net:1723:7)
[2m16:45:19[22m [36m[1m[vite][22m[39m [90m[2m(client)[22m[39m [32mhmr update [39m[2m/src/styles/refine.css, /src/index.css[22m
[2m16:47:04[22m [36m[1m[vite][22m[39m [90m[2m(client)[22m[39m [32mhmr update [39m[2m/src/index.css, /src/pages/crm/components/ReminderToasts.tsx, /src/pages/crm/components/CustomerPickerModal.tsx, /src/pages/crm/CommunicationPage.tsx, /src/pages/crm/components/QuickEntryForm.tsx, /src/pages/crm/components/CustomerContactCombo.tsx, /src/pages/calendar/CalendarPage.tsx, /src/pages/calendar/components/CreatePopup.tsx, /src/pages/crm/TasksPage.tsx, /src/pages/crm/tasks/TaskCompletionCard.tsx, /src/pages/crm/tasks/NewTaskCard.tsx and 3 more[22m
[2m16:47:19[22m [36m[1m[vite][22m[39m [90m[2m(client)[22m[39m [32mhmr update [39m[2m/src/index.css, /src/pages/crm/components/ReminderToasts.tsx, /src/pages/crm/components/CustomerPickerModal.tsx, /src/pages/crm/CommunicationPage.tsx, /src/pages/crm/components/QuickEntryForm.tsx, /src/pages/crm/components/CustomerContactCombo.tsx, /src/pages/calendar/CalendarPage.tsx, /src/pages/calendar/components/CreatePopup.tsx, /src/pages/crm/TasksPage.tsx, /src/pages/crm/tasks/TaskCompletionCard.tsx, /src/pages/crm/tasks/NewTaskCard.tsx and 3 more[22m
[2m16:47:55[22m [36m[1m[vite][22m[39m [90m[2m(client)[22m[39m [32mhmr update [39m[2m/src/App.tsx, /src/components/layout/MainLayout.tsx, /src/components/layout/AppSidebar.tsx, /src/components/layout/WorkspaceTabs.tsx, /src/components/layout/SplitViewToggle.tsx, /src/components/layout/SecondaryPane.tsx, /src/components/layout/RequestsAppsMenu.tsx, /src/components/ui-shared/LanguageSwitcher.tsx, /src/components/ui-shared/InstallAppButton.tsx, /src/pages/Home.tsx, /src/components/home/DashboardStats.tsx, /src/components/home/UpcomingSection.tsx and 157 more[22m
[2m16:47:59[22m [36m[1m[vite][22m[39m [90m[2m(client)[22m[39m [33mhmr invalidate [39m[2m/src/pages/project/features/components/detail/ProjectSectionRenderer.tsx[22m Could not Fast Refresh ("renderProjectSection" export is incompatible). Learn more at https://github.com/vitejs/vite-plugin-react/tree/main/packages/plugin-react#consistent-components-exports
[2m16:47:59[22m [36m[1m[vite][22m[39m [90m[2m(client)[22m[39m [32mhmr update [39m[2m/src/pages/project/ProjectDetail.tsx[22m
[2m16:47:59[22m [36m[1m[vite][22m[39m [90m[2m(client)[22m[39m [33mhmr invalidate [39m[2m/src/pages/calendar/components/DayPlanRows.tsx[22m Could not Fast Refresh ("appendDay" export is incompatible). Learn more at https://github.com/vitejs/vite-plugin-react/tree/main/packages/plugin-react#consistent-components-exports
[2m16:47:59[22m [36m[1m[vite][22m[39m [90m[2m(client)[22m[39m [32mhmr update [39m[2m/src/pages/calendar/CalendarPage.tsx, /src/pages/calendar/components/CreatePopup.tsx, /src/pages/calendar/components/AppointmentDaysPane.tsx[22m
[2m16:47:59[22m [36m[1m[vite][22m[39m [90m[2m(client)[22m[39m [33mhmr invalidate [39m[2m/src/pages/maintenance/MaintenanceShared.tsx[22m Could not Fast Refresh ("STATUS_VARIANT" export is incompatible). Learn more at https://github.com/vitejs/vite-plugin-react/tree/main/packages/plugin-react#consistent-components-exports
[2m16:47:59[22m [36m[1m[vite][22m[39m [90m[2m(client)[22m[39m [32mhmr update [39m[2m/src/pages/calendar/CalendarPage.tsx, /src/pages/crm/TasksPage.tsx[22m
[2m16:47:59[22m [36m[1m[vite][22m[39m [90m[2m(client)[22m[39m [33mhmr invalidate [39m[2m/src/components/ui-shared/AppointmentDocuments.tsx[22m Could not Fast Refresh ("acceptableFiles" export is incompatible). Learn more at https://github.com/vitejs/vite-plugin-react/tree/main/packages/plugin-react#consistent-components-exports
[2m16:47:59[22m [36m[1m[vite][22m[39m [90m[2m(client)[22m[39m [32mhmr update [39m[2m/src/pages/calendar/components/DetailPopup.tsx, /src/pages/calendar/components/CreatePopup.tsx, /src/pages/calendar/components/AppointmentDaysPane.tsx[22m
[2m16:48:13[22m [36m[1m[vite][22m[39m [90m[2m(client)[22m[39m [32mhmr update [39m[2m/src/index.css, /src/components/layout/AppSidebar.tsx[22m
[2m16:48:16[22m [36m[1m[vite][22m[39m [90m[2m(client)[22m[39m [32mhmr update [39m[2m/src/index.css, /src/components/layout/AppSidebar.tsx[22m
[2m16:48:16[22m [36m[1m[vite][22m[39m [90m[2m(client)[22m[39m [32mhmr update [39m[2m/src/index.css, /src/components/layout/MainLayout.tsx[22m
[2m16:49:01[22m [36m[1m[vite][22m[39m [90m[2m(client)[22m[39m [32mhmr update [39m[2m/src/index.css, /src/pages/crm/tasks/TaskFilterCombo.tsx[22m
[2m16:49:16[22m [36m[1m[vite][22m[39m [90m[2m(client)[22m[39m [32mhmr update [39m[2m/src/index.css, /src/pages/crm/tasks/TaskStaffFilter.tsx[22m
[2m16:49:36[22m [36m[1m[vite][22m[39m [90m[2m(client)[22m[39m [32mhmr update [39m[2m/src/index.css, /src/pages/crm/tasks/TaskCustomerFilter.tsx[22m
[2m16:49:57[22m [36m[1m[vite][22m[39m [90m[2m(client)[22m[39m [32mhmr update [39m[2m/src/index.css, /src/pages/crm/tasks/TaskBoardBar.tsx[22m
[2m16:50:33[22m [36m[1m[vite][22m[39m [90m[2m(client)[22m[39m [32mhmr update [39m[2m/src/index.css, /src/pages/calendar/CalendarPage.tsx, /src/pages/crm/TasksPage.tsx[22m
[2m16:50:59[22m [36m[1m[vite][22m[39m [90m[2m(client)[22m[39m [32mhmr update [39m[2m/src/index.css, /src/pages/calendar/CalendarPage.tsx, /src/pages/crm/TasksPage.tsx, /src/pages/crm/tasks/TaskCompletionCard.tsx, /src/pages/crm/tasks/TaskBoard.tsx[22m
[2m16:51:41[22m [36m[1m[vite][22m[39m [90m[2m(client)[22m[39m [32mhmr update [39m[2m/src/App.tsx, /src/components/layout/MainLayout.tsx, /src/components/layout/AppSidebar.tsx, /src/components/layout/WorkspaceTabs.tsx, /src/components/layout/SplitViewToggle.tsx, /src/components/layout/SecondaryPane.tsx, /src/components/layout/RequestsAppsMenu.tsx, /src/components/ui-shared/LanguageSwitcher.tsx, /src/components/ui-shared/InstallAppButton.tsx, /src/pages/Home.tsx, /src/components/home/DashboardStats.tsx, /src/components/home/UpcomingSection.tsx and 157 more[22m
[2m16:51:42[22m [31m[1m[vite][22m[39m [31m[2m(client)[22m[39m [2m[console.error] [22m[vite] SyntaxError: The requested module '/src/components/icons/lucideLocal.tsx' does not provide an export named 'LuLink2'
[2m16:51:44[22m [31m[1m[vite][22m[39m [31m[2m(client)[22m[39m [2m[console.error] [22m[vite] Failed to reload /src/components/layout/MainLayout.tsx. This could be due to syntax errors or importing non-existent modules. (see errors above)
[2m16:51:44[22m [31m[1m[vite][22m[39m [31m[2m(client)[22m[39m [2m[console.error] [22m[vite] SyntaxError: The requested module '/src/components/icons/lucideLocal.tsx' does not provide an export named 'LuLink2'
[2m16:51:44[22m [31m[1m[vite][22m[39m [31m[2m(client)[22m[39m [2m[console.error] [22m[vite] Failed to reload /src/components/ui-shared/LanguageSwitcher.tsx. This could be due to syntax errors or importing non-existent modules. (see errors above)
[2m16:51:44[22m [31m[1m[vite][22m[39m [31m[2m(client)[22m[39m [2m[console.error] [22m[vite] SyntaxError: The requested module '/src/components/icons/lucideLocal.tsx' does not provide an export named 'LuLink2'
[2m16:51:44[22m [31m[1m[vite][22m[39m [31m[2m(client)[22m[39m [2m[console.error] [22m[vite] Failed to reload /src/components/layout/AppSidebar.tsx. This could be due to syntax errors or importing non-existent modules. (see errors above)
[2m16:51:44[22m [31m[1m[vite][22m[39m [31m[2m(client)[22m[39m [2m[console.error] [22m[vite] SyntaxError: The requested module '/src/components/icons/lucideLocal.tsx' does not provide an export named 'LuLink2'
[2m16:51:44[22m [31m[1m[vite][22m[39m [31m[2m(client)[22m[39m [2m[console.error] [22m[vite] Failed to reload /src/components/ui-shared/UnitSelect.tsx. This could be due to syntax errors or importing non-existent modules. (see errors above)
[2m16:51:44[22m [31m[1m[vite][22m[39m [31m[2m(client)[22m[39m [2m[console.error] [22m[vite] SyntaxError: The requested module '/src/components/icons/lucideLocal.tsx' does not provide an export named 'LuLink2'
[2m16:51:44[22m [31m[1m[vite][22m[39m [31m[2m(client)[22m[39m [2m[console.error] [22m[vite] Failed to reload /src/components/ui-shared/PopupKit.tsx. This could be due to syntax errors or importing non-existent modules. (see errors above)
[2m16:51:44[22m [31m[1m[vite][22m[39m [31m[2m(client)[22m[39m [2m[console.error] [22m[vite] SyntaxError: The requested module '/src/components/icons/lucideLocal.tsx' does not provide an export named 'LuLink2'
[2m16:51:44[22m [31m[1m[vite][22m[39m [31m[2m(client)[22m[39m [2m[console.error] [22m[vite] Failed to reload /src/pages/crm/detail/CustomerInfoCard.tsx. This could be due to syntax errors or importing non-existent modules. (see errors above)
[2m16:51:44[22m [31m[1m[vite][22m[39m [31m[2m(client)[22m[39m [2m[console.error] [22m[vite] SyntaxError: The requested module '/src/components/icons/lucideLocal.tsx' does not provide an export named 'LuLink2'
[2m16:51:44[22m [31m[1m[vite][22m[39m [31m[2m(client)[22m[39m [2m[console.error] [22m[vite] Failed to reload /src/pages/crm/components/ReminderToasts.tsx. This could be due to syntax errors or importing non-existent modules. (see errors above)
[2m16:51:44[22m [31m[1m[vite][22m[39m [31m[2m(client)[22m[39m [2m[console.error] [22m[vite] SyntaxError: The requested module '/src/components/icons/lucideLocal.tsx' does not provide an export named 'LuLink2'
[2m16:51:44[22m [31m[1m[vite][22m[39m [31m[2m(client)[22m[39m [2m[console.error] [22m[vite] Failed to reload /src/pages/sales/detail/components/customer/TenderCustomerCard.tsx. This could be due to syntax errors or importing non-existent modules. (see errors above)
[2m16:51:44[22m [31m[1m[vite][22m[39m [31m[2m(client)[22m[39m [2m[console.error] [22m[vite] SyntaxError: The requested module '/src/components/icons/lucideLocal.tsx' does not provide an export named 'LuLink2'
[2m16:51:44[22m [31m[1m[vite][22m[39m [31m[2m(client)[22m[39m [2m[console.error] [22m[vite] Failed to reload /src/components/home/UpcomingSection.tsx. This could be due to syntax errors or importing non-existent modules. (see errors above)
[2m16:51:44[22m [31m[1m[vite][22m[39m [31m[2m(client)[22m[39m [2m[console.error] [22m[vite] SyntaxError: The requested module '/src/components/icons/lucideLocal.tsx' does not provide an export named 'LuLink2'
[2m16:51:44[22m [31m[1m[vite][22m[39m [31m[2m(client)[22m[39m [2m[console.error] [22m[vite] Failed to reload /src/pages/sales/detail/components/info/TenderPriceSummary.tsx. This could be due to syntax errors or importing non-existent modules. (see errors above)
[2m16:51:44[22m [31m[1m[vite][22m[39m [31m[2m(client)[22m[39m [2m[console.error] [22m[vite] SyntaxError: The requested module '/src/components/icons/lucideLocal.tsx' does not provide an export named 'LuLink2'
[2m16:51:44[22m [31m[1m[vite][22m[39m [31m[2m(client)[22m[39m [2m[console.error] [22m[vite] Failed to reload /src/components/layout/WorkspaceTabs.tsx. This could be due to syntax errors or importing non-existent modules. (see errors above)
[2m16:51:44[22m [31m[1m[vite][22m[39m [31m[2m(client)[22m[39m [2m[console.error] [22m[vite] SyntaxError: The requested module '/src/components/icons/lucideLocal.tsx' does not provide an export named 'LuLink2'
[2m16:51:44[22m [31m[1m[vite][22m[39m [31m[2m(client)[22m[39m [2m[console.error] [22m[vite] Failed to reload /src/pages/personnel/components/PersonnelSheet.tsx. This could be due to syntax errors or importing non-existent modules. (see errors above)
[2m16:51:44[22m [31m[1m[vite][22m[39m [31m[2m(client)[22m[39m [2m[console.error] [22m[vite] SyntaxError: The requested module '/src/components/icons/lucideLocal.tsx' does not provide an export named 'LuLink2'
[2m16:51:44[22m [31m[1m[vite][22m[39m [31m[2m(client)[22m[39m [2m[console.error] [22m[vite] Failed to reload /src/pages/sales/detail/components/customer/TenderCustomerSection.tsx. This could be due to syntax errors or importing non-existent modules. (see errors above)
[2m16:51:44[22m [31m[1m[vite][22m[39m [31m[2m(client)[22m[39m [2m[console.error] [22m[vite] SyntaxError: The requested module '/src/components/icons/lucideLocal.tsx' does not provide an export named 'LuLink2'
[2m16:51:44[22m [31m[1m[vite][22m[39m [31m[2m(client)[22m[39m [2m[console.error] [22m[vite] Failed to reload /src/components/layout/SecondaryPane.tsx. This could be due to syntax errors or importing non-existent modules. (see errors above)
[2m16:51:44[22m [31m[1m[vite][22m[39m [31m[2m(client)[22m[39m [2m[console.error] [22m[vite] SyntaxError: The requested module '/src/components/icons/lucideLocal.tsx' does not provide an export named 'LuLink2'
[2m16:51:44[22m [31m[1m[vite][22m[39m [31m[2m(client)[22m[39m [2m[console.error] [22m[vite] Failed to reload /src/pages/inventory/components/BottomSheet.tsx. This could be due to syntax errors or importing non-existent modules. (see errors above)
[2m16:51:44[22m [31m[1m[vite][22m[39m [31m[2m(client)[22m[39m [2m[console.error] [22m[vite] SyntaxError: The requested module '/src/components/icons/lucideLocal.tsx' does not provide an export named 'LuLink2'
[2m16:51:44[22m [31m[1m[vite][22m[39m [31m[2m(client)[22m[39m [2m[console.error] [22m[vite] Failed to reload /src/pages/project/features/components/detail/tabs/overview/AddonOrdersBox.tsx. This could be due to syntax errors or importing non-existent modules. (see errors above)
[2m16:51:44[22m [31m[1m[vite][22m[39m [31m[2m(client)[22m[39m [2m[console.error] [22m[vite] SyntaxError: The requested module '/src/components/icons/lucideLocal.tsx' does not provide an export named 'LuLink2'
[2m16:51:44[22m [31m[1m[vite][22m[39m [31m[2m(client)[22m[39m [2m[console.error] [22m[vite] Failed to reload /src/pages/calendar/components/LabelSettingsCard.tsx. This could be due to syntax errors or importing non-existent modules. (see errors above)
[2m16:51:44[22m [31m[1m[vite][22m[39m [31m[2m(client)[22m[39m [2m[console.error] [22m[vite] SyntaxError: The requested module '/src/components/icons/lucideLocal.tsx' does not provide an export named 'LuLink2'
[2m16:51:44[22m [31m[1m[vite][22m[39m [31m[2m(client)[22m[39m [2m[console.error] [22m[vite] Failed to reload /src/pages/Home.tsx. This could be due to syntax errors or importing non-existent modules. (see errors above)
[2m16:51:44[22m [31m[1m[vite][22m[39m [31m[2m(client)[22m[39m [2m[console.error] [22m[vite] SyntaxError: The requested module '/src/components/icons/lucideLocal.tsx' does not provide an export named 'LuLink2'
[2m16:51:44[22m [31m[1m[vite][22m[39m [31m[2m(client)[22m[39m [2m[console.error] [22m[vite] Failed to reload /src/pages/calendar/components/MiniMonth.tsx. This could be due to syntax errors or importing non-existent modules. (see errors above)
[2m16:51:44[22m [31m[1m[vite][22m[39m [31m[2m(client)[22m[39m [2m[console.error] [22m[vite] SyntaxError: The requested module '/src/components/icons/lucideLocal.tsx' does not provide an export named 'LuLink2'
[2m16:51:44[22m [31m[1m[vite][22m[39m [31m[2m(client)[22m[39m [2m[console.error] [22m[vite] Failed to reload /src/pages/project/features/components/detail/tabs/overview/CardLink.tsx. This could be due to syntax errors or importing non-existent modules. (see errors above)
[2m16:51:44[22m [31m[1m[vite][22m[39m [31m[2m(client)[22m[39m [2m[console.error] [22m[vite] SyntaxError: The requested module '/src/components/icons/lucideLocal.tsx' does not provide an export named 'LuLink2'
[2m16:51:44[22m [31m[1m[vite][22m[39m [31m[2m(client)[22m[39m [2m[console.error] [22m[vite] Failed to reload /src/components/ui-shared/InstallAppButton.tsx. This could be due to syntax errors or importing non-existent modules. (see errors above)
[2m16:51:44[22m [31m[1m[vite][22m[39m [31m[2m(client)[22m[39m [2m[console.error] [22m[vite] SyntaxError: The requested module '/src/components/icons/lucideLocal.tsx' does not provide an export named 'LuLink2'
[2m16:51:44[22m [31m[1m[vite][22m[39m [31m[2m(client)[22m[39m [2m[console.error] [22m[vite] Failed to reload /src/pages/project/features/components/detail/ProjectTopNav.tsx. This could be due to syntax errors or importing non-existent modules. (see errors above)
[2m16:51:44[22m [31m[1m[vite][22m[39m [31m[2m(client)[22m[39m [2m[console.error] [22m[vite] SyntaxError: The requested module '/src/components/icons/lucideLocal.tsx' does not provide an export named 'LuLink2'
[2m16:51:44[22m [31m[1m[vite][22m[39m [31m[2m(client)[22m[39m [2m[console.error] [22m[vite] Failed to reload /src/components/ui-shared/DangerConfirmDialog.tsx. This could be due to syntax errors or importing non-existent modules. (see errors above)
[2m16:51:44[22m [31m[1m[vite][22m[39m [31m[2m(client)[22m[39m [2m[console.error] [22m[vite] SyntaxError: The requested module '/src/components/icons/lucideLocal.tsx' does not provide an export named 'LuLink2'
[2m16:51:44[22m [31m[1m[vite][22m[39m [31m[2m(client)[22m[39m [2m[console.error] [22m[vite] Failed to reload /src/components/home/DashboardStats.tsx. This could be due to syntax errors or importing non-existent modules. (see errors above)
[2m16:51:44[22m [31m[1m[vite][22m[39m [31m[2m(client)[22m[39m [2m[console.error] [22m[vite] SyntaxError: The requested module '/src/components/icons/lucideLocal.tsx' does not provide an export named 'LuLink2'
[2m16:51:44[22m [31m[1m[vite][22m[39m [31m[2m(client)[22m[39m [2m[console.error] [22m[vite] Failed to reload /src/pages/project/features/components/detail/ProjectDetailHeader.tsx. This could be due to syntax errors or importing non-existent modules. (see errors above)
[2m16:51:44[22m [31m[1m[vite][22m[39m [31m[2m(client)[22m[39m [2m[console.error] [22m[vite] SyntaxError: The requested module '/src/components/icons/lucideLocal.tsx' does not provide an export named 'LuLink2'
[2m16:51:44[22m [31m[1m[vite][22m[39m [31m[2m(client)[22m[39m [2m[console.error] [22m[vite] Failed to reload /src/pages/calendar/components/LabelPicker.tsx. This could be due to syntax errors or importing non-existent modules. (see errors above)
[2m16:51:44[22m [31m[1m[vite][22m[39m [31m[2m(client)[22m[39m [2m[console.error] [22m[vite] SyntaxError: The requested module '/src/components/icons/lucideLocal.tsx' does not provide an export named 'LuLink2'
[2m16:51:44[22m [31m[1m[vite][22m[39m [31m[2m(client)[22m[39m [2m[console.error] [22m[vite] Failed to reload /src/components/pdf/PdfPreviewSheet.tsx. This could be due to syntax errors or importing non-existent modules. (see errors above)
[2m16:51:44[22m [31m[1m[vite][22m[39m [31m[2m(client)[22m[39m [2m[console.error] [22m[vite] SyntaxError: The requested module '/src/components/icons/lucideLocal.tsx' does not provide an export named 'LuLink2'
[2m16:51:44[22m [31m[1m[vite][22m[39m [31m[2m(client)[22m[39m [2m[console.error] [22m[vite] Failed to reload /src/components/home/QuickMenuCarousel.tsx. This could be due to syntax errors or importing non-existent modules. (see errors above)
[2m16:51:44[22m [31m[1m[vite][22m[39m [31m[2m(client)[22m[39m [2m[console.error] [22m[vite] SyntaxError: The requested module '/src/components/icons/lucideLocal.tsx' does not provide an export named 'LuLink2'
[2m16:51:44[22m [31m[1m[vite][22m[39m [31m[2m(client)[22m[39m [2m[console.error] [22m[vite] Failed to reload /src/pages/sales/detail/components/TenderSettingsMenu.tsx. This could be due to syntax errors or importing non-existent modules. (see errors above)
[2m16:51:44[22m [31m[1m[vite][22m[39m [31m[2m(client)[22m[39m [2m[console.error] [22m[vite] SyntaxError: The requested module '/src/components/icons/lucideLocal.tsx' does not provide an export named 'LuLink2'
[2m16:51:44[22m [31m[1m[vite][22m[39m [31m[2m(client)[22m[39m [2m[console.error] [22m[vite] Failed to reload /src/pages/calendar/components/FloatingCard.tsx. This could be due to syntax errors or importing non-existent modules. (see errors above)
[2m16:51:44[22m [31m[1m[vite][22m[39m [31m[2m(client)[22m[39m [2m[console.error] [22m[vite] SyntaxError: The requested module '/src/components/icons/lucideLocal.tsx' does not provide an export named 'LuLink2'
[2m16:51:44[22m [31m[1m[vite][22m[39m [31m[2m(client)[22m[39m [2m[console.error] [22m[vite] Failed to reload /src/pages/calendar/components/LabelRail.tsx. This could be due to syntax errors or importing non-existent modules. (see errors above)
[2m16:51:44[22m [31m[1m[vite][22m[39m [31m[2m(client)[22m[39m [2m[console.error] [22m[vite] SyntaxError: The requested module '/src/components/icons/lucideLocal.tsx' does not provide an export named 'LuLink2'
[2m16:51:44[22m [31m[1m[vite][22m[39m [31m[2m(client)[22m[39m [2m[console.error] [22m[vite] Failed to reload /src/components/ui-shared/BottomSheet.tsx. This could be due to syntax errors or importing non-existent modules. (see errors above)
[2m16:51:44[22m [31m[1m[vite][22m[39m [31m[2m(client)[22m[39m [2m[console.error] [22m[vite] SyntaxError: The requested module '/src/components/icons/lucideLocal.tsx' does not provide an export named 'LuLink2'
[2m16:51:44[22m [31m[1m[vite][22m[39m [31m[2m(client)[22m[39m [2m[console.error] [22m[vite] Failed to reload /src/pages/project/Projects.tsx. This could be due to syntax errors or importing non-existent modules. (see errors above)
[2m16:51:44[22m [31m[1m[vite][22m[39m [31m[2m(client)[22m[39m [2m[console.error] [22m[vite] SyntaxError: The requested module '/src/components/icons/lucideLocal.tsx' does not provide an export named 'LuLink2'
[2m16:51:44[22m [31m[1m[vite][22m[39m [31m[2m(client)[22m[39m [2m[console.error] [22m[vite] Failed to reload /src/pages/sales/detail/components/address/TenderAddressSection.tsx. This could be due to syntax errors or importing non-existent modules. (see errors above)
[2m16:51:44[22m [31m[1m[vite][22m[39m [31m[2m(client)[22m[39m [2m[console.error] [22m[vite] SyntaxError: The requested module '/src/components/icons/lucideLocal.tsx' does not provide an export named 'LuLink2'
[2m16:51:44[22m [31m[1m[vite][22m[39m [31m[2m(client)[22m[39m [2m[console.error] [22m[vite] Failed to reload /src/pages/sales/detail/components/common/QuoteDatePicker.tsx. This could be due to syntax errors or importing non-existent modules. (see errors above)
[2m16:51:44[22m [31m[1m[vite][22m[39m [31m[2m(client)[22m[39m [2m[console.error] [22m[vite] SyntaxError: The requested module '/src/components/icons/lucideLocal.tsx' does not provide an export named 'LuLink2'
[2m16:51:44[22m [31m[1m[vite][22m[39m [31m[2m(client)[22m[39m [2m[console.error] [22m[vite] Failed to reload /src/pages/project/features/components/detail/tabs/overview/SalesPdfButton.tsx. This could be due to syntax errors or importing non-existent modules. (see errors above)
[2m16:51:44[22m [31m[1m[vite][22m[39m [31m[2m(client)[22m[39m [2m[console.error] [22m[vite] SyntaxError: The requested module '/src/components/icons/lucideLocal.tsx' does not provide an export named 'LuLink2'
[2m16:51:44[22m [31m[1m[vite][22m[39m [31m[2m(client)[22m[39m [2m[console.error] [22m[vite] Failed to reload /src/pages/sales/detail/components/TenderDetailHeader.tsx. This could be due to syntax errors or importing non-existent modules. (see errors above)
[2m16:51:44[22m [31m[1m[vite][22m[39m [31m[2m(client)[22m[39m [2m[console.error] [22m[vite] SyntaxError: The requested module '/src/components/icons/lucideLocal.tsx' does not provide an export named 'LuLink2'
[2m16:51:44[22m [31m[1m[vite][22m[39m [31m[2m(client)[22m[39m [2m[console.error] [22m[vite] Failed to reload /src/components/layout/BrandBackButton.tsx. This could be due to syntax errors or importing non-existent modules. (see errors above)
[2m16:51:44[22m [31m[1m[vite][22m[39m [31m[2m(client)[22m[39m [2m[console.error] [22m[vite] SyntaxError: The requested module '/src/components/icons/lucideLocal.tsx' does not provide an export named 'LuLink2'
[2m16:51:44[22m [31m[1m[vite][22m[39m [31m[2m(client)[22m[39m [2m[console.error] [22m[vite] Failed to reload /src/components/ui-shared/AppointmentDocuments.tsx. This could be due to syntax errors or importing non-existent modules. (see errors above)
[2m16:51:44[22m [31m[1m[vite][22m[39m [31m[2m(client)[22m[39m [2m[console.error] [22m[vite] SyntaxError: The requested module '/src/components/icons/lucideLocal.tsx' does not provide an export named 'LuLink2'
[2m16:51:44[22m [31m[1m[vite][22m[39m [31m[2m(client)[22m[39m [2m[console.error] [22m[vite] Failed to reload /src/pages/calendar/components/PeoplePickerModal.tsx. This could be due to syntax errors or importing non-existent modules. (see errors above)
[2m16:51:44[22m [31m[1m[vite][22m[39m [31m[2m(client)[22m[39m [2m[console.error] [22m[vite] SyntaxError: The requested module '/src/components/icons/lucideLocal.tsx' does not provide an export named 'LuLink2'
[2m16:51:44[22m [31m[1m[vite][22m[39m [31m[2m(client)[22m[39m [2m[console.error] [22m[vite] Failed to reload /src/pages/crm/tasks/TaskFilterCombo.tsx. This could be due to syntax errors or importing non-existent modules. (see errors above)
[2m16:51:44[22m [31m[1m[vite][22m[39m [31m[2m(client)[22m[39m [2m[console.error] [22m[vite] SyntaxError: The requested module '/src/components/icons/lucideLocal.tsx' does not provide an export named 'LuLink2'
[2m16:51:44[22m [31m[1m[vite][22m[39m [31m[2m(client)[22m[39m [2m[console.error] [22m[vite] Failed to reload /src/components/ui-shared/SelectMenu.tsx. This could be due to syntax errors or importing non-existent modules. (see errors above)
[2m16:51:44[22m [31m[1m[vite][22m[39m [31m[2m(client)[22m[39m [2m[console.error] [22m[vite] SyntaxError: The requested module '/src/components/icons/lucideLocal.tsx' does not provide an export named 'LuLink2'
[2m16:51:44[22m [31m[1m[vite][22m[39m [31m[2m(client)[22m[39m [2m[console.error] [22m[vite] Failed to reload /src/components/layout/RequestsAppsMenu.tsx. This could be due to syntax errors or importing non-existent modules. (see errors above)
[2m16:51:44[22m [31m[1m[vite][22m[39m [31m[2m(client)[22m[39m [2m[console.error] [22m[vite] SyntaxError: The requested module '/src/components/icons/lucideLocal.tsx' does not provide an export named 'LuLink2'
[2m16:51:44[22m [31m[1m[vite][22m[39m [31m[2m(client)[22m[39m [2m[console.error] [22m[vite] Failed to reload /src/components/ui-shared/ReportImageUploader.tsx. This could be due to syntax errors or importing non-existent modules. (see errors above)
[2m16:51:44[22m [31m[1m[vite][22m[39m [31m[2m(client)[22m[39m [2m[console.error] [22m[vite] SyntaxError: The requested module '/src/components/icons/lucideLocal.tsx' does not provide an export named 'LuLink2'
[2m16:51:44[22m [31m[1m[vite][22m[39m [31m[2m(client)[22m[39m [2m[console.error] [22m[vite] Failed to reload /src/pages/crm/tasks/TaskCompletionCard.tsx. This could be due to syntax errors or importing non-existent modules. (see errors above)
[2m16:51:44[22m [31m[1m[vite][22m[39m [31m[2m(client)[22m[39m [2m[console.error] [22m[vite] SyntaxError: The requested module '/src/components/icons/lucideLocal.tsx' does not provide an export named 'LuLink2'
[2m16:51:44[22m [31m[1m[vite][22m[39m [31m[2m(client)[22m[39m [2m[console.error] [22m[vite] Failed to reload /src/pages/project/features/components/detail/tabs/overview/OrderNotifications.tsx. This could be due to syntax errors or importing non-existent modules. (see errors above)
[2m16:51:44[22m [31m[1m[vite][22m[39m [31m[2m(client)[22m[39m [2m[console.error] [22m[vite] SyntaxError: The requested module '/src/components/icons/lucideLocal.tsx' does not provide an export named 'LuLink2'
[2m16:51:44[22m [31m[1m[vite][22m[39m [31m[2m(client)[22m[39m [2m[console.error] [22m[vite] Failed to reload /src/components/layout/SplitViewToggle.tsx. This could be due to syntax errors or importing non-existent modules. (see errors above)
[2m16:51:44[22m [31m[1m[vite][22m[39m [31m[2m(client)[22m[39m [2m[console.error] [22m[vite] SyntaxError: The requested module '/src/components/icons/lucideLocal.tsx' does not provide an export named 'LuLink2'
[2m16:51:44[22m [31m[1m[vite][22m[39m [31m[2m(client)[22m[39m [2m[console.error] [22m[vite] Failed to reload /src/pages/calendar/components/shells.tsx. This could be due to syntax errors or importing non-existent modules. (see errors above)
[2m16:51:44[22m [31m[1m[vite][22m[39m [31m[2m(client)[22m[39m [2m[console.error] [22m[vite] SyntaxError: The requested module '/src/components/icons/lucideLocal.tsx' does not provide an export named 'LuLink2'
[2m16:51:44[22m [31m[1m[vite][22m[39m [31m[2m(client)[22m[39m [2m[console.error] [22m[vite] Failed to reload /src/components/ui-shared/TableKit.tsx. This could be due to syntax errors or importing non-existent modules. (see errors above)
[2m16:51:44[22m [31m[1m[vite][22m[39m [31m[2m(client)[22m[39m [2m[console.error] [22m[vite] SyntaxError: The requested module '/src/components/icons/lucideLocal.tsx' does not provide an export named 'LuLink2'
[2m16:51:44[22m [31m[1m[vite][22m[39m [31m[2m(client)[22m[39m [2m[console.error] [22m[vite] Failed to reload /src/pages/sales/detail/components/common/QuoteSelect.tsx. This could be due to syntax errors or importing non-existent modules. (see errors above)
[2m16:51:44[22m [31m[1m[vite][22m[39m [31m[2m(client)[22m[39m [2m[console.error] [22m[vite] SyntaxError: The requested module '/src/components/icons/lucideLocal.tsx' does not provide an export named 'LuLink2'
[2m16:51:44[22m [31m[1m[vite][22m[39m [31m[2m(client)[22m[39m [2m[console.error] [22m[vite] Failed to reload /src/pages/calendar/components/DayPlanRows.tsx. This could be due to syntax errors or importing non-existent modules. (see errors above)
[2m16:51:44[22m [31m[1m[vite][22m[39m [31m[2m(client)[22m[39m [2m[console.error] [22m[vite] SyntaxError: The requested module '/src/components/icons/lucideLocal.tsx' does not provide an export named 'LuLink2'
[2m16:51:44[22m [31m[1m[vite][22m[39m [31m[2m(client)[22m[39m [2m[console.error] [22m[vite] Failed to reload /src/pages/calendar/components/MailComposePanel.tsx. This could be due to syntax errors or importing non-existent modules. (see errors above)
[2m16:51:44[22m [31m[1m[vite][22m[39m [31m[2m(client)[22m[39m [2m[console.error] [22m[vite] SyntaxError: The requested module '/src/components/icons/lucideLocal.tsx' does not provide an export named 'LuLink2'
[2m16:51:44[22m [31m[1m[vite][22m[39m [31m[2m(client)[22m[39m [2m[console.error] [22m[vite] Failed to reload /src/pages/crm/tasks/TaskBoard.tsx. This could be due to syntax errors or importing non-existent modules. (see errors above)
[2m16:51:44[22m [31m[1m[vite][22m[39m [31m[2m(client)[22m[39m [2m[console.error] [22m[vite] SyntaxError: The requested module '/src/components/icons/lucideLocal.tsx' does not provide an export named 'LuLink2'
[2m16:51:44[22m [31m[1m[vite][22m[39m [31m[2m(client)[22m[39m [2m[console.error] [22m[vite] Failed to reload /src/pages/project/features/components/detail/tabs/overview/ProjectAddressLine.tsx. This could be due to syntax errors or importing non-existent modules. (see errors above)
[2m16:51:45[22m [31m[1m[vite][22m[39m [31m[2m(client)[22m[39m [2m[console.error] [22m[vite] SyntaxError: The requested module '/src/components/icons/lucideLocal.tsx' does not provide an export named 'LuLink2'
[2m16:51:45[22m [31m[1m[vite][22m[39m [31m[2m(client)[22m[39m [2m[console.error] [22m[vite] Failed to reload /src/pages/project/features/components/detail/tabs/ProjectOverviewTab.tsx. This could be due to syntax errors or importing non-existent modules. (see errors above)
[2m16:51:45[22m [31m[1m[vite][22m[39m [31m[2m(client)[22m[39m [2m[console.error] [22m[vite] SyntaxError: The requested module '/src/components/icons/lucideLocal.tsx' does not provide an export named 'LuLink2'
[2m16:51:45[22m [31m[1m[vite][22m[39m [31m[2m(client)[22m[39m [2m[console.error] [22m[vite] Failed to reload /src/pages/project/features/components/detail/ProjectSectionRenderer.tsx. This could be due to syntax errors or importing non-existent modules. (see errors above)
[2m16:51:45[22m [31m[1m[vite][22m[39m [31m[2m(client)[22m[39m [2m[console.error] [22m[vite] SyntaxError: The requested module '/src/components/icons/lucideLocal.tsx' does not provide an export named 'LuLink2'
[2m16:51:45[22m [31m[1m[vite][22m[39m [31m[2m(client)[22m[39m [2m[console.error] [22m[vite] Failed to reload /src/pages/project/ProjectDetail.tsx. This could be due to syntax errors or importing non-existent modules. (see errors above)
[2m16:51:45[22m [31m[1m[vite][22m[39m [31m[2m(client)[22m[39m [2m[console.error] [22m[vite] SyntaxError: The requested module '/src/components/icons/lucideLocal.tsx' does not provide an export named 'LuLink2'
[2m16:51:45[22m [31m[1m[vite][22m[39m [31m[2m(client)[22m[39m [2m[console.error] [22m[vite] Failed to reload /src/pages/sales/detail/components/lines/TenderLineTable.tsx. This could be due to syntax errors or importing non-existent modules. (see errors above)
[2m16:51:45[22m [31m[1m[vite][22m[39m [31m[2m(client)[22m[39m [2m[console.error] [22m[vite] SyntaxError: The requested module '/src/components/icons/lucideLocal.tsx' does not provide an export named 'LuLink2'
[2m16:51:45[22m [31m[1m[vite][22m[39m [31m[2m(client)[22m[39m [2m[console.error] [22m[vite] Failed to reload /src/pages/sales/detail/popups/ImportOrdersPopup.tsx. This could be due to syntax errors or importing non-existent modules. (see errors above)
[2m16:51:45[22m [31m[1m[vite][22m[39m [31m[2m(client)[22m[39m [2m[console.error] [22m[vite] SyntaxError: The requested module '/src/components/icons/lucideLocal.tsx' does not provide an export named 'LuLink2'
[2m16:51:45[22m [31m[1m[vite][22m[39m [31m[2m(client)[22m[39m [2m[console.error] [22m[vite] Failed to reload /src/pages/sales/TenderList.tsx. This could be due to syntax errors or importing non-existent modules. (see errors above)
[2m16:51:45[22m [31m[1m[vite][22m[39m [31m[2m(client)[22m[39m [2m[console.error] [22m[vite] SyntaxError: The requested module '/src/components/icons/lucideLocal.tsx' does not provide an export named 'LuLink2'
[2m16:51:45[22m [31m[1m[vite][22m[39m [31m[2m(client)[22m[39m [2m[console.error] [22m[vite] Failed to reload /src/pages/sales/TenderDetail.tsx. This could be due to syntax errors or importing non-existent modules. (see errors above)
[2m16:51:45[22m [31m[1m[vite][22m[39m [31m[2m(client)[22m[39m [2m[console.error] [22m[vite] SyntaxError: The requested module '/src/components/icons/lucideLocal.tsx' does not provide an export named 'LuLink2'
[2m16:51:45[22m [31m[1m[vite][22m[39m [31m[2m(client)[22m[39m [2m[console.error] [22m[vite] Failed to reload /src/pages/maintenance/MaintenanceShared.tsx. This could be due to syntax errors or importing non-existent modules. (see errors above)
[2m16:51:45[22m [31m[1m[vite][22m[39m [31m[2m(client)[22m[39m [2m[console.error] [22m[vite] SyntaxError: The requested module '/src/components/icons/lucideLocal.tsx' does not provide an export named 'LuLink2'
[2m16:51:45[22m [31m[1m[vite][22m[39m [31m[2m(client)[22m[39m [2m[console.error] [22m[vite] Failed to reload /src/pages/crm/CustomerCreateModal.tsx. This could be due to syntax errors or importing non-existent modules. (see errors above)
[2m16:51:45[22m [31m[1m[vite][22m[39m [31m[2m(client)[22m[39m [2m[console.error] [22m[vite] SyntaxError: The requested module '/src/components/icons/lucideLocal.tsx' does not provide an export named 'LuLink2'
[2m16:51:45[22m [31m[1m[vite][22m[39m [31m[2m(client)[22m[39m [2m[console.error] [22m[vite] Failed to reload /src/pages/crm/CustomerList.tsx. This could be due to syntax errors or importing non-existent modules. (see errors above)
[2m16:51:45[22m [31m[1m[vite][22m[39m [31m[2m(client)[22m[39m [2m[console.error] [22m[vite] SyntaxError: The requested module '/src/components/icons/lucideLocal.tsx' does not provide an export named 'LuLink2'
[2m16:51:45[22m [31m[1m[vite][22m[39m [31m[2m(client)[22m[39m [2m[console.error] [22m[vite] Failed to reload /src/pages/crm/CustomerDashboard.tsx. This could be due to syntax errors or importing non-existent modules. (see errors above)
[2m16:51:45[22m [31m[1m[vite][22m[39m [31m[2m(client)[22m[39m [2m[console.error] [22m[vite] SyntaxError: The requested module '/src/components/icons/lucideLocal.tsx' does not provide an export named 'LuLink2'
[2m16:51:45[22m [31m[1m[vite][22m[39m [31m[2m(client)[22m[39m [2m[console.error] [22m[vite] Failed to reload /src/pages/settings/authorization/AuthorizationPage.tsx. This could be due to syntax errors or importing non-existent modules. (see errors above)
[2m16:51:45[22m [31m[1m[vite][22m[39m [31m[2m(client)[22m[39m [2m[console.error] [22m[vite] SyntaxError: The requested module '/src/components/icons/lucideLocal.tsx' does not provide an export named 'LuLink2'
[2m16:51:45[22m [31m[1m[vite][22m[39m [31m[2m(client)[22m[39m [2m[console.error] [22m[vite] Failed to reload /src/pages/personnel/components/StaffQrSheet.tsx. This could be due to syntax errors or importing non-existent modules. (see errors above)
[2m16:51:45[22m [31m[1m[vite][22m[39m [31m[2m(client)[22m[39m [2m[console.error] [22m[vite] SyntaxError: The requested module '/src/components/icons/lucideLocal.tsx' does not provide an export named 'LuLink2'
[2m16:51:45[22m [31m[1m[vite][22m[39m [31m[2m(client)[22m[39m [2m[console.error] [22m[vite] Failed to reload /src/pages/personnel/PersonnelListPage.tsx. This could be due to syntax errors or importing non-existent modules. (see errors above)
[2m16:51:45[22m [31m[1m[vite][22m[39m [31m[2m(client)[22m[39m [2m[console.error] [22m[vite] SyntaxError: The requested module '/src/components/icons/lucideLocal.tsx' does not provide an export named 'LuLink2'
[2m16:51:45[22m [31m[1m[vite][22m[39m [31m[2m(client)[22m[39m [2m[console.error] [22m[vite] Failed to reload /src/pages/personnel/components/StaffCreateSheet.tsx. This could be due to syntax errors or importing non-existent modules. (see errors above)
[2m16:51:45[22m [31m[1m[vite][22m[39m [31m[2m(client)[22m[39m [2m[console.error] [22m[vite] SyntaxError: The requested module '/src/components/icons/lucideLocal.tsx' does not provide an export named 'LuLink2'
[2m16:51:45[22m [31m[1m[vite][22m[39m [31m[2m(client)[22m[39m [2m[console.error] [22m[vite] Failed to reload /src/pages/calendar/components/CustomerPicker.tsx. This could be due to syntax errors or importing non-existent modules. (see errors above)
[2m16:51:45[22m [31m[1m[vite][22m[39m [31m[2m(client)[22m[39m [2m[console.error] [22m[vite] SyntaxError: The requested module '/src/components/icons/lucideLocal.tsx' does not provide an export named 'LuLink2'
[2m16:51:45[22m [31m[1m[vite][22m[39m [31m[2m(client)[22m[39m [2m[console.error] [22m[vite] Failed to reload /src/pages/inventory/detail/ArticleImagePanel.tsx. This could be due to syntax errors or importing non-existent modules. (see errors above)
[2m16:51:45[22m [31m[1m[vite][22m[39m [31m[2m(client)[22m[39m [2m[console.error] [22m[vite] SyntaxError: The requested module '/src/components/icons/lucideLocal.tsx' does not provide an export named 'LuLink2'
[2m16:51:45[22m [31m[1m[vite][22m[39m [31m[2m(client)[22m[39m [2m[console.error] [22m[vite] Failed to reload /src/pages/inventory/components/ArticleListView.tsx. This could be due to syntax errors or importing non-existent modules. (see errors above)
[2m16:51:45[22m [31m[1m[vite][22m[39m [31m[2m(client)[22m[39m [2m[console.error] [22m[vite] SyntaxError: The requested module '/src/components/icons/lucideLocal.tsx' does not provide an export named 'LuLink2'
[2m16:51:45[22m [31m[1m[vite][22m[39m [31m[2m(client)[22m[39m [2m[console.error] [22m[vite] Failed to reload /src/pages/crm/components/StaffMultiCombo.tsx. This could be due to syntax errors or importing non-existent modules. (see errors above)
[2m16:51:45[22m [31m[1m[vite][22m[39m [31m[2m(client)[22m[39m [2m[console.error] [22m[vite] SyntaxError: The requested module '/src/components/icons/lucideLocal.tsx' does not provide an export named 'LuLink2'
[2m16:51:45[22m [31m[1m[vite][22m[39m [31m[2m(client)[22m[39m [2m[console.error] [22m[vite] Failed to reload /src/pages/calendar/components/CreatePopup.tsx. This could be due to syntax errors or importing non-existent modules. (see errors above)
[2m16:51:45[22m [31m[1m[vite][22m[39m [31m[2m(client)[22m[39m [2m[console.error] [22m[vite] SyntaxError: The requested module '/src/components/icons/lucideLocal.tsx' does not provide an export named 'LuLink2'
[2m16:51:45[22m [31m[1m[vite][22m[39m [31m[2m(client)[22m[39m [2m[console.error] [22m[vite] Failed to reload /src/pages/calendar/components/DetailPopup.tsx. This could be due to syntax errors or importing non-existent modules. (see errors above)
[2m16:51:45[22m [31m[1m[vite][22m[39m [31m[2m(client)[22m[39m [2m[console.error] [22m[vite] SyntaxError: The requested module '/src/components/icons/lucideLocal.tsx' does not provide an export named 'LuLink2'
[2m16:51:45[22m [31m[1m[vite][22m[39m [31m[2m(client)[22m[39m [2m[console.error] [22m[vite] Failed to reload /src/pages/inventory/detail/ArticleDetailView.tsx. This could be due to syntax errors or importing non-existent modules. (see errors above)
[2m16:51:45[22m [31m[1m[vite][22m[39m [31m[2m(client)[22m[39m [2m[console.error] [22m[vite] SyntaxError: The requested module '/src/components/icons/lucideLocal.tsx' does not provide an export named 'LuLink2'
[2m16:51:45[22m [31m[1m[vite][22m[39m [31m[2m(client)[22m[39m [2m[console.error] [22m[vite] Failed to reload /src/App.tsx. This could be due to syntax errors or importing non-existent modules. (see errors above)
[2m16:51:45[22m [31m[1m[vite][22m[39m [31m[2m(client)[22m[39m [2m[console.error] [22m[vite] SyntaxError: The requested module '/src/components/icons/lucideLocal.tsx' does not provide an export named 'LuLink2'
[2m16:51:45[22m [31m[1m[vite][22m[39m [31m[2m(client)[22m[39m [2m[console.error] [22m[vite] Failed to reload /src/pages/calendar/CalendarPage.tsx. This could be due to syntax errors or importing non-existent modules. (see errors above)
[2m16:51:49[22m [36m[1m[vite][22m[39m [90m[2m(client)[22m[39m [32mhmr update [39m[2m/src/index.css, /src/pages/crm/tasks/TaskBoard.tsx[22m
[2m16:51:52[22m [31m[1m[vite][22m[39m [31m[2m(client)[22m[39m [2m[console.error] [22m[vite] SyntaxError: The requested module '/src/components/icons/lucideLocal.tsx' does not provide an export named 'LuLink2'
[2m16:51:52[22m [31m[1m[vite][22m[39m [31m[2m(client)[22m[39m [2m[console.error] [22m[vite] Failed to reload /src/pages/crm/tasks/TaskBoard.tsx. This could be due to syntax errors or importing non-existent modules. (see errors above)
[2m16:51:57[22m [36m[1m[vite][22m[39m [90m[2m(client)[22m[39m [32mhmr update [39m[2m/src/index.css, /src/pages/crm/tasks/TaskBoard.tsx[22m
[2m16:52:00[22m [31m[1m[vite][22m[39m [31m[2m(client)[22m[39m [2m[console.error] [22m[vite] SyntaxError: The requested module '/src/components/icons/lucideLocal.tsx' does not provide an export named 'LuLink2'
[2m16:52:00[22m [31m[1m[vite][22m[39m [31m[2m(client)[22m[39m [2m[console.error] [22m[vite] Failed to reload /src/pages/crm/tasks/TaskBoard.tsx. This could be due to syntax errors or importing non-existent modules. (see errors above)
[2m16:52:34[22m [31m[1m[vite][22m[39m [31m[2m(client)[22m[39m [2m[console.error] [22mSyntaxError: The requested module '/src/components/icons/lucideLocal.tsx' does not provide an export named 'LuLink2'

The above error occurred in one of your React components.

React will try to recreate this component tree from scratch using the error boundary you provided, PaneErrorBoundary.

[2m16:52:34[22m [31m[1m[vite][22m[39m [31m[2m(client)[22m[39m [2m[console.error] [22m[PaneErrorBoundary] SyntaxError: The requested module '/src/components/icons/lucideLocal.tsx' does not provide an export named 'LuLink2'
[2m16:52:48[22m [31m[1m[vite][22m[39m [31m[2m(client)[22m[39m [2m[console.error] [22mSyntaxError: The requested module '/src/components/icons/lucideLocal.tsx' does not provide an export named 'LuLink2'

The above error occurred in the <Offscreen> component.

React will try to recreate this component tree from scratch using the error boundary you provided, PaneErrorBoundary.

[2m16:52:48[22m [31m[1m[vite][22m[39m [31m[2m(client)[22m[39m [2m[console.error] [22m[PaneErrorBoundary] SyntaxError: The requested module '/src/components/icons/lucideLocal.tsx' does not provide an export named 'LuLink2'
[2m16:52:48[22m [31m[1m[vite][22m[39m [31m[2m(client)[22m[39m [2m[console.error] [22mSyntaxError: The requested module '/src/components/icons/lucideLocal.tsx' does not provide an export named 'LuLink2'

The above error occurred in the <Offscreen> component.

React will try to recreate this component tree from scratch using the error boundary you provided, PaneErrorBoundary.

[2m16:52:48[22m [31m[1m[vite][22m[39m [31m[2m(client)[22m[39m [2m[console.error] [22m[PaneErrorBoundary] SyntaxError: The requested module '/src/components/icons/lucideLocal.tsx' does not provide an export named 'LuLink2'
[2m16:54:35[22m [36m[1m[vite][22m[39m [90m[2m(client)[22m[39m [32mhmr update [39m[2m/src/index.css, /src/pages/crm/tasks/NewTaskCard.tsx[22m
[2m16:54:37[22m [36m[1m[vite][22m[39m [90m[2m(client)[22m[39m [32mhmr update [39m[2m/src/index.css, /src/components/layout/MainLayout.tsx[22m
[2m16:54:37[22m [36m[1m[vite][22m[39m [90m[2m(client)[22m[39m [32mhmr update [39m[2m/src/index.css, /src/components/layout/MainLayout.tsx[22m
[2m16:54:40[22m [31m[1m[vite][22m[39m [31m[2m(client)[22m[39m [2m[console.error] [22m[vite] SyntaxError: The requested module '/src/components/icons/lucideLocal.tsx' does not provide an export named 'LuLink2'
[2m16:54:40[22m [31m[1m[vite][22m[39m [31m[2m(client)[22m[39m [2m[console.error] [22m[vite] Failed to reload /src/components/layout/MainLayout.tsx. This could be due to syntax errors or importing non-existent modules. (see errors above)
[2m16:54:40[22m [31m[1m[vite][22m[39m [31m[2m(client)[22m[39m [2m[console.error] [22m[vite] SyntaxError: The requested module '/src/components/icons/lucideLocal.tsx' does not provide an export named 'LuLink2'
[2m16:54:40[22m [31m[1m[vite][22m[39m [31m[2m(client)[22m[39m [2m[console.error] [22m[vite] Failed to reload /src/components/layout/MainLayout.tsx. This could be due to syntax errors or importing non-existent modules. (see errors above)
[2m16:54:44[22m [31m[1m[vite][22m[39m [31m[2m(client)[22m[39m [2m[console.error] [22mSyntaxError: The requested module '/src/components/icons/lucideLocal.tsx' does not provide an export named 'LuLink2'

The above error occurred in one of your React components.

React will try to recreate this component tree from scratch using the error boundary you provided, PaneErrorBoundary.

[2m16:54:44[22m [31m[1m[vite][22m[39m [31m[2m(client)[22m[39m [2m[console.error] [22m[PaneErrorBoundary] SyntaxError: The requested module '/src/components/icons/lucideLocal.tsx' does not provide an export named 'LuLink2'
[2m16:54:44[22m [31m[1m[vite][22m[39m [31m[2m(client)[22m[39m [2m[console.error] [22mSyntaxError: The requested module '/src/components/icons/lucideLocal.tsx' does not provide an export named 'LuLink2'

The above error occurred in one of your React components.

React will try to recreate this component tree from scratch using the error boundary you provided, PaneErrorBoundary.

[2m16:54:44[22m [31m[1m[vite][22m[39m [31m[2m(client)[22m[39m [2m[console.error] [22m[PaneErrorBoundary] SyntaxError: The requested module '/src/components/icons/lucideLocal.tsx' does not provide an export named 'LuLink2'
[2m16:54:45[22m [36m[1m[vite][22m[39m [90m[2m(client)[22m[39m [32mhmr update [39m[2m/src/index.css, /src/pages/crm/tasks/NewTaskCard.tsx[22m
[2m16:54:47[22m [36m[1m[vite][22m[39m [90m[2m(client)[22m[39m [32mhmr update [39m[2m/src/index.css, /src/components/layout/QuickBackButton.tsx[22m
[2m16:54:52[22m [36m[1m[vite][22m[39m [90m[2m(client)[22m[39m [32mhmr update [39m[2m/src/index.css, /src/components/layout/MainLayout.tsx[22m
[2m16:54:55[22m [31m[1m[vite][22m[39m [31m[2m(client)[22m[39m [2m[console.error] [22m[vite] SyntaxError: The requested module '/src/components/icons/lucideLocal.tsx' does not provide an export named 'LuLink2'
[2m16:54:55[22m [31m[1m[vite][22m[39m [31m[2m(client)[22m[39m [2m[console.error] [22m[vite] Failed to reload /src/components/layout/MainLayout.tsx. This could be due to syntax errors or importing non-existent modules. (see errors above)
[2m16:55:01[22m [36m[1m[vite][22m[39m [90m[2m(client)[22m[39m [32mhmr update [39m[2m/src/index.css, /src/components/layout/BrandBackButton.tsx[22m
[2m16:55:01[22m [31m[1m[vite][22m[39m [31m[2m(client)[22m[39m [2m[console.error] [22m[vite] Failed to reload /src/components/layout/BrandBackButton.tsx. This could be due to syntax errors or importing non-existent modules. (see errors above)
[2m16:55:01[22m [36m[1m[vite][22m[39m [90m[2m(client)[22m[39m [32mhmr update [39m[2m/src/styles/refine.css, /src/index.css[22m
[2m16:55:16[22m [36m[1m[vite][22m[39m [90m[2m(client)[22m[39m [32mhmr update [39m[2m/src/styles/refine.css, /src/index.css[22m
[2m16:55:36[22m [36m[1m[vite][22m[39m [90m[2m(client)[22m[39m [32mhmr update [39m[2m/src/styles/refine.css, /src/index.css[22m
[2m16:56:31[22m [36m[1m[vite][22m[39m [90m[2m(client)[22m[39m [32mhmr update [39m[2m/src/index.css, /src/components/layout/MainLayout.tsx[22m
[2m16:56:33[22m [36m[1m[vite][22m[39m [90m[2m(client)[22m[39m [32mhmr update [39m[2m/src/index.css, /src/pages/crm/tasks/TaskCompletionCard.tsx[22m
[2m16:56:34[22m [31m[1m[vite][22m[39m [31m[2m(client)[22m[39m [2m[console.error] [22mSyntaxError: The requested module '/src/components/icons/lucideLocal.tsx' does not provide an export named 'LuLink2'

The above error occurred in one of your React components.

React will try to recreate this component tree from scratch using the error boundary you provided, PaneErrorBoundary.

[2m16:56:34[22m [31m[1m[vite][22m[39m [31m[2m(client)[22m[39m [2m[console.error] [22m[PaneErrorBoundary] SyntaxError: The requested module '/src/components/icons/lucideLocal.tsx' does not provide an export named 'LuLink2'
[2m16:56:34[22m [31m[1m[vite][22m[39m [31m[2m(client)[22m[39m [2m[console.error] [22mSyntaxError: The requested module '/src/components/icons/lucideLocal.tsx' does not provide an export named 'LuLink2'

The above error occurred in one of your React components.

React will try to recreate this component tree from scratch using the error boundary you provided, PaneErrorBoundary.

[2m16:56:34[22m [31m[1m[vite][22m[39m [31m[2m(client)[22m[39m [2m[console.error] [22m[PaneErrorBoundary] SyntaxError: The requested module '/src/components/icons/lucideLocal.tsx' does not provide an export named 'LuLink2'
[2m16:56:34[22m [31m[1m[vite][22m[39m [31m[2m(client)[22m[39m [2m[console.error] [22m[vite] SyntaxError: The requested module '/src/components/icons/lucideLocal.tsx' does not provide an export named 'LuLink2'
[2m16:56:34[22m [31m[1m[vite][22m[39m [31m[2m(client)[22m[39m [2m[console.error] [22m[vite] Failed to reload /src/components/layout/MainLayout.tsx. This could be due to syntax errors or importing non-existent modules. (see errors above)
[2m16:56:36[22m [31m[1m[vite][22m[39m [31m[2m(client)[22m[39m [2m[console.error] [22mSyntaxError: The requested module '/src/components/icons/lucideLocal.tsx' does not provide an export named 'LuLink2'

The above error occurred in one of your React components.

React will try to recreate this component tree from scratch using the error boundary you provided, PaneErrorBoundary.

[2m16:56:36[22m [31m[1m[vite][22m[39m [31m[2m(client)[22m[39m [2m[console.error] [22m[PaneErrorBoundary] SyntaxError: The requested module '/src/components/icons/lucideLocal.tsx' does not provide an export named 'LuLink2'
[2m16:56:36[22m [31m[1m[vite][22m[39m [31m[2m(client)[22m[39m [2m[console.error] [22mSyntaxError: The requested module '/src/components/icons/lucideLocal.tsx' does not provide an export named 'LuLink2'

The above error occurred in one of your React components.

React will try to recreate this component tree from scratch using the error boundary you provided, PaneErrorBoundary.

[2m16:56:36[22m [31m[1m[vite][22m[39m [31m[2m(client)[22m[39m [2m[console.error] [22m[PaneErrorBoundary] SyntaxError: The requested module '/src/components/icons/lucideLocal.tsx' does not provide an export named 'LuLink2'
[2m16:56:36[22m [31m[1m[vite][22m[39m [31m[2m(client)[22m[39m [2m[console.error] [22mSyntaxError: The requested module '/src/components/icons/lucideLocal.tsx' does not provide an export named 'LuLink2'

The above error occurred in one of your React components.

React will try to recreate this component tree from scratch using the error boundary you provided, PaneErrorBoundary.

[2m16:56:36[22m [31m[1m[vite][22m[39m [31m[2m(client)[22m[39m [2m[console.error] [22m[PaneErrorBoundary] SyntaxError: The requested module '/src/components/icons/lucideLocal.tsx' does not provide an export named 'LuLink2'
[2m16:56:36[22m [31m[1m[vite][22m[39m [31m[2m(client)[22m[39m [2m[console.error] [22m[vite] SyntaxError: The requested module '/src/components/icons/lucideLocal.tsx' does not provide an export named 'LuLink2'
[2m16:56:36[22m [31m[1m[vite][22m[39m [31m[2m(client)[22m[39m [2m[console.error] [22m[vite] Failed to reload /src/pages/crm/tasks/TaskCompletionCard.tsx. This could be due to syntax errors or importing non-existent modules. (see errors above)
[2m16:56:53[22m [31m[1m[vite][22m[39m [31m[2m(client)[22m[39m [2m[console.error] [22mSyntaxError: The requested module '/src/components/icons/lucideLocal.tsx' does not provide an export named 'LuLink2'

The above error occurred in one of your React components.

React will try to recreate this component tree from scratch using the error boundary you provided, PaneErrorBoundary.

[2m16:56:53[22m [31m[1m[vite][22m[39m [31m[2m(client)[22m[39m [2m[console.error] [22m[PaneErrorBoundary] SyntaxError: The requested module '/src/components/icons/lucideLocal.tsx' does not provide an export named 'LuLink2'
[2m16:56:53[22m [31m[1m[vite][22m[39m [31m[2m(client)[22m[39m [2m[console.error] [22mSyntaxError: The requested module '/src/components/icons/lucideLocal.tsx' does not provide an export named 'LuLink2'

The above error occurred in one of your React components.

React will try to recreate this component tree from scratch using the error boundary you provided, PaneErrorBoundary.

[2m16:56:53[22m [31m[1m[vite][22m[39m [31m[2m(client)[22m[39m [2m[console.error] [22m[PaneErrorBoundary] SyntaxError: The requested module '/src/components/icons/lucideLocal.tsx' does not provide an export named 'LuLink2'
[2m16:56:56[22m [31m[1m[vite][22m[39m [31m[2m(client)[22m[39m [2m[console.error] [22mSyntaxError: The requested module '/src/components/icons/lucideLocal.tsx' does not provide an export named 'LuLink2'

The above error occurred in the <Offscreen> component.

React will try to recreate this component tree from scratch using the error boundary you provided, PaneErrorBoundary.

[2m16:56:56[22m [31m[1m[vite][22m[39m [31m[2m(client)[22m[39m [2m[console.error] [22m[PaneErrorBoundary] SyntaxError: The requested module '/src/components/icons/lucideLocal.tsx' does not provide an export named 'LuLink2'
[2m16:56:56[22m [31m[1m[vite][22m[39m [31m[2m(client)[22m[39m [2m[console.error] [22mSyntaxError: The requested module '/src/components/icons/lucideLocal.tsx' does not provide an export named 'LuLink2'

The above error occurred in the <Offscreen> component.

React will try to recreate this component tree from scratch using the error boundary you provided, PaneErrorBoundary.

[2m16:56:56[22m [31m[1m[vite][22m[39m [31m[2m(client)[22m[39m [2m[console.error] [22m[PaneErrorBoundary] SyntaxError: The requested module '/src/components/icons/lucideLocal.tsx' does not provide an export named 'LuLink2'
[2m16:56:57[22m [31m[1m[vite][22m[39m [31m[2m(client)[22m[39m [2m[console.error] [22mSyntaxError: The requested module '/src/components/icons/lucideLocal.tsx' does not provide an export named 'LuLink2'

The above error occurred in the <Offscreen> component.

React will try to recreate this component tree from scratch using the error boundary you provided, PaneErrorBoundary.

[2m16:56:57[22m [31m[1m[vite][22m[39m [31m[2m(client)[22m[39m [2m[console.error] [22m[PaneErrorBoundary] SyntaxError: The requested module '/src/components/icons/lucideLocal.tsx' does not provide an export named 'LuLink2'
[2m16:57:00[22m [31m[1m[vite][22m[39m [31m[2m(client)[22m[39m [2m[console.error] [22mSyntaxError: The requested module '/src/components/icons/lucideLocal.tsx' does not provide an export named 'LuLink2'

The above error occurred in the <Offscreen> component.

React will try to recreate this component tree from scratch using the error boundary you provided, PaneErrorBoundary.

[2m16:57:00[22m [31m[1m[vite][22m[39m [31m[2m(client)[22m[39m [2m[console.error] [22m[PaneErrorBoundary] SyntaxError: The requested module '/src/components/icons/lucideLocal.tsx' does not provide an export named 'LuLink2'
[2m16:57:00[22m [31m[1m[vite][22m[39m [31m[2m(client)[22m[39m [2m[console.error] [22mSyntaxError: The requested module '/src/components/icons/lucideLocal.tsx' does not provide an export named 'LuLink2'

The above error occurred in the <Offscreen> component.

React will try to recreate this component tree from scratch using the error boundary you provided, PaneErrorBoundary.

[2m16:57:00[22m [31m[1m[vite][22m[39m [31m[2m(client)[22m[39m [2m[console.error] [22m[PaneErrorBoundary] SyntaxError: The requested module '/src/components/icons/lucideLocal.tsx' does not provide an export named 'LuLink2'
[2m16:57:04[22m [31m[1m[vite][22m[39m [31m[2m(client)[22m[39m [2m[console.error] [22mSyntaxError: The requested module '/src/components/icons/lucideLocal.tsx' does not provide an export named 'LuLink2'

The above error occurred in one of your React components.

React will try to recreate this component tree from scratch using the error boundary you provided, PaneErrorBoundary.

[2m16:57:04[22m [31m[1m[vite][22m[39m [31m[2m(client)[22m[39m [2m[console.error] [22m[PaneErrorBoundary] SyntaxError: The requested module '/src/components/icons/lucideLocal.tsx' does not provide an export named 'LuLink2'
[2m16:57:07[22m [31m[1m[vite][22m[39m [31m[2m(client)[22m[39m [2m[console.error] [22mSyntaxError: The requested module '/src/components/icons/lucideLocal.tsx' does not provide an export named 'LuLink2'

The above error occurred in one of your React components.

React will try to recreate this component tree from scratch using the error boundary you provided, PaneErrorBoundary.

[2m16:57:07[22m [31m[1m[vite][22m[39m [31m[2m(client)[22m[39m [2m[console.error] [22m[PaneErrorBoundary] SyntaxError: The requested module '/src/components/icons/lucideLocal.tsx' does not provide an export named 'LuLink2'
[2m16:57:11[22m [36m[1m[vite][22m[39m [90m[2m(client)[22m[39m [32mhmr update [39m[2m/src/index.css, /src/pages/calendar/CalendarPage.tsx, /src/pages/crm/TasksPage.tsx[22m
[2m16:57:11[22m [31m[1m[vite][22m[39m [31m[2m(client)[22m[39m [2m[console.error] [22m[vite] SyntaxError: The requested module '/src/components/icons/lucideLocal.tsx' does not provide an export named 'LuLink2'
[2m16:57:11[22m [31m[1m[vite][22m[39m [31m[2m(client)[22m[39m [2m[console.error] [22m[vite] Failed to reload /src/pages/calendar/CalendarPage.tsx. This could be due to syntax errors or importing non-existent modules. (see errors above)
[2m16:57:18[22m [31m[1m[vite][22m[39m [31m[2m(client)[22m[39m [2m[console.error] [22mSyntaxError: The requested module '/src/components/icons/lucideLocal.tsx' does not provide an export named 'LuLink2'

The above error occurred in the <Offscreen> component.

React will try to recreate this component tree from scratch using the error boundary you provided, PaneErrorBoundary.

[2m16:57:18[22m [31m[1m[vite][22m[39m [31m[2m(client)[22m[39m [2m[console.error] [22m[PaneErrorBoundary] SyntaxError: The requested module '/src/components/icons/lucideLocal.tsx' does not provide an export named 'LuLink2'
[2m16:57:18[22m [31m[1m[vite][22m[39m [31m[2m(client)[22m[39m [2m[console.error] [22mSyntaxError: The requested module '/src/components/icons/lucideLocal.tsx' does not provide an export named 'LuLink2'

The above error occurred in the <Offscreen> component.

React will try to recreate this component tree from scratch using the error boundary you provided, PaneErrorBoundary.

[2m16:57:18[22m [31m[1m[vite][22m[39m [31m[2m(client)[22m[39m [2m[console.error] [22m[PaneErrorBoundary] SyntaxError: The requested module '/src/components/icons/lucideLocal.tsx' does not provide an export named 'LuLink2'
[2m16:57:31[22m [36m[1m[vite][22m[39m [90m[2m(client)[22m[39m [32mhmr update [39m[2m/src/index.css, /src/pages/crm/tasks/TaskCompletionCard.tsx[22m
[2m16:57:32[22m [31m[1m[vite][22m[39m [31m[2m(client)[22m[39m [2m[console.error] [22m[vite] SyntaxError: The requested module '/src/components/icons/lucideLocal.tsx' does not provide an export named 'LuLink2'
[2m16:57:32[22m [31m[1m[vite][22m[39m [31m[2m(client)[22m[39m [2m[console.error] [22m[vite] Failed to reload /src/pages/crm/tasks/TaskCompletionCard.tsx. This could be due to syntax errors or importing non-existent modules. (see errors above)
[2m16:57:57[22m [31m[1m[vite][22m[39m [31m[2m(client)[22m[39m [31m[Unhandled error] [1mSyntaxError[22m: The requested module '/src/components/icons/lucideLocal.tsx' does not provide an export named 'LuLink2'
[39m
[2m16:58:05[22m [36m[1m[vite][22m[39m [90m[2m(client)[22m[39m [32mhmr update [39m[2m/src/index.css, /src/pages/crm/TasksPage.tsx[22m
[2m16:58:17[22m [36m[1m[vite][22m[39m [90m[2m(client)[22m[39m [32mhmr update [39m[2m/src/index.css, /src/pages/calendar/CalendarPage.tsx[22m
[2m16:58:18[22m [31m[1m[vite][22m[39m [31m[2m(client)[22m[39m [2m[console.error] [22m[vite] SyntaxError: The requested module '/src/components/icons/lucideLocal.tsx' does not provide an export named 'LuLink2'
[2m16:58:18[22m [31m[1m[vite][22m[39m [31m[2m(client)[22m[39m [2m[console.error] [22m[vite] Failed to reload /src/pages/calendar/CalendarPage.tsx. This could be due to syntax errors or importing non-existent modules. (see errors above)
[2m16:58:29[22m [31m[1m[vite][22m[39m [31m[2m(client)[22m[39m [31m[Unhandled error] [1mSyntaxError[22m: The requested module '/src/components/icons/lucideLocal.tsx' does not provide an export named 'LuLink2'
[39m
[2m16:58:35[22m [36m[1m[vite][22m[39m [90m[2m(client)[22m[39m [32mhmr update [39m[2m/src/index.css, /src/components/layout/MainLayout.tsx[22m
[2m16:58:35[22m [31m[1m[vite][22m[39m [31m[2m(client)[22m[39m [2m[console.error] [22m[vite] SyntaxError: The requested module '/src/components/icons/lucideLocal.tsx' does not provide an export named 'LuLink2'
[2m16:58:35[22m [31m[1m[vite][22m[39m [31m[2m(client)[22m[39m [2m[console.error] [22m[vite] Failed to reload /src/components/layout/MainLayout.tsx. This could be due to syntax errors or importing non-existent modules. (see errors above)
[2m16:58:48[22m [36m[1m[vite][22m[39m [90m[2m(client)[22m[39m [32mhmr update [39m[2m/src/index.css, /src/styles/tenantSwitcher.css[22m
[2m16:58:54[22m [36m[1m[vite][22m[39m [90m[2m(client)[22m[39m [32mhmr update [39m[2m/src/index.css, /src/main.tsx, /src/App.tsx, /src/components/layout/SplitViewContext.tsx, /src/components/layout/RequestsAppsMenu.tsx, /src/components/layout/PaneErrorBoundary.tsx, /src/components/ui-shared/LanguageSwitcher.tsx, /src/components/ui-shared/Loader.tsx, /src/components/layout/MainLayout.tsx, /src/pages/crm/components/ReminderToasts.tsx, /src/components/ui-shared/TableKit.tsx, /src/pages/project/ProjectDetail.tsx, /src/pages/project/features/components/detail/ProjectDetailHeader.tsx and 201 more[22m
[2m16:58:54[22m [36m[1m[vite][22m[39m [90m[2m(client)[22m[39m [32mhmr update [39m[2m/src/index.css, /src/main.tsx, /src/App.tsx, /src/components/layout/SplitViewContext.tsx, /src/components/layout/RequestsAppsMenu.tsx, /src/components/layout/PaneErrorBoundary.tsx, /src/components/ui-shared/LanguageSwitcher.tsx, /src/components/ui-shared/Loader.tsx, /src/components/layout/MainLayout.tsx, /src/pages/crm/components/ReminderToasts.tsx, /src/components/ui-shared/TableKit.tsx, /src/pages/project/ProjectDetail.tsx, /src/pages/project/features/components/detail/ProjectDetailHeader.tsx and 201 more[22m
[2m16:58:54[22m [36m[1m[vite][22m[39m [90m[2m(client)[22m[39m [32mhmr update [39m[2m/src/index.css, /src/main.tsx, /src/App.tsx, /src/components/layout/SplitViewContext.tsx, /src/components/layout/RequestsAppsMenu.tsx, /src/components/layout/PaneErrorBoundary.tsx, /src/components/ui-shared/LanguageSwitcher.tsx, /src/components/ui-shared/Loader.tsx, /src/components/layout/MainLayout.tsx, /src/pages/crm/components/ReminderToasts.tsx, /src/components/ui-shared/TableKit.tsx, /src/pages/project/ProjectDetail.tsx, /src/pages/project/features/components/detail/ProjectDetailHeader.tsx and 201 more[22m
[2m16:58:56[22m [31m[1m[vite][22m[39m [31m[2m(client)[22m[39m [2m[console.error] [22m[vite] SyntaxError: The requested module '/src/components/icons/lucideLocal.tsx' does not provide an export named 'LuLink2'
[2m16:58:56[22m [31m[1m[vite][22m[39m [31m[2m(client)[22m[39m [2m[console.error] [22m[vite] Failed to reload /src/components/ui-shared/ReportImageUploader.tsx. This could be due to syntax errors or importing non-existent modules. (see errors above)
[2m16:58:56[22m [31m[1m[vite][22m[39m [31m[2m(client)[22m[39m [2m[console.error] [22m[vite] SyntaxError: The requested module '/src/components/icons/lucideLocal.tsx' does not provide an export named 'LuLink2'
[2m16:58:56[22m [31m[1m[vite][22m[39m [31m[2m(client)[22m[39m [2m[console.error] [22m[vite] Failed to reload /src/pages/crm/components/StaffMultiCombo.tsx. This could be due to syntax errors or importing non-existent modules. (see errors above)
[2m16:58:56[22m [31m[1m[vite][22m[39m [31m[2m(client)[22m[39m [2m[console.error] [22m[vite] SyntaxError: The requested module '/src/components/icons/lucideLocal.tsx' does not provide an export named 'LuLink2'
[2m16:58:56[22m [31m[1m[vite][22m[39m [31m[2m(client)[22m[39m [2m[console.error] [22m[vite] Failed to reload /src/pages/sales/detail/popups/ImportOrdersPopup.tsx. This could be due to syntax errors or importing non-existent modules. (see errors above)
[2m16:58:56[22m [31m[1m[vite][22m[39m [31m[2m(client)[22m[39m [2m[console.error] [22m[vite] SyntaxError: The requested module '/src/components/icons/lucideLocal.tsx' does not provide an export named 'LuLink2'
[2m16:58:56[22m [31m[1m[vite][22m[39m [31m[2m(client)[22m[39m [2m[console.error] [22m[vite] Failed to reload /src/components/ui-shared/AppointmentDocuments.tsx. This could be due to syntax errors or importing non-existent modules. (see errors above)
[2m16:58:56[22m [31m[1m[vite][22m[39m [31m[2m(client)[22m[39m [2m[console.error] [22m[vite] SyntaxError: The requested module '/src/components/icons/lucideLocal.tsx' does not provide an export named 'LuLink2'
[2m16:58:56[22m [31m[1m[vite][22m[39m [31m[2m(client)[22m[39m [2m[console.error] [22m[vite] Failed to reload /src/components/ui-shared/PopupKit.tsx. This could be due to syntax errors or importing non-existent modules. (see errors above)
[2m16:58:56[22m [31m[1m[vite][22m[39m [31m[2m(client)[22m[39m [2m[console.error] [22m[vite] SyntaxError: The requested module '/src/components/icons/lucideLocal.tsx' does not provide an export named 'LuLink2'
[2m16:58:56[22m [31m[1m[vite][22m[39m [31m[2m(client)[22m[39m [2m[console.error] [22m[vite] Failed to reload /src/components/ui-shared/DangerConfirmDialog.tsx. This could be due to syntax errors or importing non-existent modules. (see errors above)
[2m16:58:56[22m [31m[1m[vite][22m[39m [31m[2m(client)[22m[39m [2m[console.error] [22m[vite] SyntaxError: The requested module '/src/components/icons/lucideLocal.tsx' does not provide an export named 'LuLink2'
[2m16:58:56[22m [31m[1m[vite][22m[39m [31m[2m(client)[22m[39m [2m[console.error] [22m[vite] Failed to reload /src/components/pdf/PdfPreviewSheet.tsx. This could be due to syntax errors or importing non-existent modules. (see errors above)
[2m16:58:56[22m [31m[1m[vite][22m[39m [31m[2m(client)[22m[39m [2m[console.error] [22m[vite] SyntaxError: The requested module '/src/components/icons/lucideLocal.tsx' does not provide an export named 'LuLink2'
[2m16:58:56[22m [31m[1m[vite][22m[39m [31m[2m(client)[22m[39m [2m[console.error] [22m[vite] Failed to reload /src/pages/crm/components/ReminderToasts.tsx. This could be due to syntax errors or importing non-existent modules. (see errors above)
[2m16:58:56[22m [31m[1m[vite][22m[39m [31m[2m(client)[22m[39m [2m[console.error] [22m[vite] SyntaxError: The requested module '/src/components/icons/lucideLocal.tsx' does not provide an export named 'LuLink2'
[2m16:58:56[22m [31m[1m[vite][22m[39m [31m[2m(client)[22m[39m [2m[console.error] [22m[vite] Failed to reload /src/pages/project/features/components/detail/tabs/overview/SalesPdfButton.tsx. This could be due to syntax errors or importing non-existent modules. (see errors above)
[2m16:58:56[22m [31m[1m[vite][22m[39m [31m[2m(client)[22m[39m [2m[console.error] [22m[vite] SyntaxError: The requested module '/src/components/icons/lucideLocal.tsx' does not provide an export named 'LuLink2'
[2m16:58:56[22m [31m[1m[vite][22m[39m [31m[2m(client)[22m[39m [2m[console.error] [22m[vite] Failed to reload /src/pages/inventory/components/BottomSheet.tsx. This could be due to syntax errors or importing non-existent modules. (see errors above)
[2m16:58:56[22m [31m[1m[vite][22m[39m [31m[2m(client)[22m[39m [2m[console.error] [22m[vite] SyntaxError: The requested module '/src/components/icons/lucideLocal.tsx' does not provide an export named 'LuLink2'
[2m16:58:56[22m [31m[1m[vite][22m[39m [31m[2m(client)[22m[39m [2m[console.error] [22m[vite] Failed to reload /src/pages/sales/detail/components/TenderSettingsMenu.tsx. This could be due to syntax errors or importing non-existent modules. (see errors above)
[2m16:58:56[22m [31m[1m[vite][22m[39m [31m[2m(client)[22m[39m [2m[console.error] [22m[vite] SyntaxError: The requested module '/src/components/icons/lucideLocal.tsx' does not provide an export named 'LuLink2'
[2m16:58:56[22m [31m[1m[vite][22m[39m [31m[2m(client)[22m[39m [2m[console.error] [22m[vite] Failed to reload /src/pages/calendar/components/InviteSendPanel.tsx. This could be due to syntax errors or importing non-existent modules. (see errors above)
[2m16:58:56[22m [31m[1m[vite][22m[39m [31m[2m(client)[22m[39m [2m[console.error] [22m[vite] SyntaxError: The requested module '/src/components/icons/lucideLocal.tsx' does not provide an export named 'LuLink2'
[2m16:58:56[22m [31m[1m[vite][22m[39m [31m[2m(client)[22m[39m [2m[console.error] [22m[vite] Failed to reload /src/pages/calendar/components/LabelPicker.tsx. This could be due to syntax errors or importing non-existent modules. (see errors above)
[2m16:58:56[22m [31m[1m[vite][22m[39m [31m[2m(client)[22m[39m [2m[console.error] [22m[vite] SyntaxError: The requested module '/src/components/icons/lucideLocal.tsx' does not provide an export named 'LuLink2'
[2m16:58:56[22m [31m[1m[vite][22m[39m [31m[2m(client)[22m[39m [2m[console.error] [22m[vite] Failed to reload /src/pages/calendar/components/CustomerPicker.tsx. This could be due to syntax errors or importing non-existent modules. (see errors above)
[2m16:58:56[22m [31m[1m[vite][22m[39m [31m[2m(client)[22m[39m [2m[console.error] [22m[vite] SyntaxError: The requested module '/src/components/icons/lucideLocal.tsx' does not provide an export named 'LuLink2'
[2m16:58:56[22m [31m[1m[vite][22m[39m [31m[2m(client)[22m[39m [2m[console.error] [22m[vite] Failed to reload /src/pages/sales/detail/components/customer/TenderCustomerSection.tsx. This could be due to syntax errors or importing non-existent modules. (see errors above)
[2m16:58:56[22m [31m[1m[vite][22m[39m [31m[2m(client)[22m[39m [2m[console.error] [22m[vite] SyntaxError: The requested module '/src/components/icons/lucideLocal.tsx' does not provide an export named 'LuLink2'
[2m16:58:56[22m [31m[1m[vite][22m[39m [31m[2m(client)[22m[39m [2m[console.error] [22m[vite] Failed to reload /src/pages/calendar/components/DetailPopup.tsx. This could be due to syntax errors or importing non-existent modules. (see errors above)
[2m16:58:56[22m [31m[1m[vite][22m[39m [31m[2m(client)[22m[39m [2m[console.error] [22m[vite] SyntaxError: The requested module '/src/components/icons/lucideLocal.tsx' does not provide an export named 'LuLink2'
[2m16:58:56[22m [31m[1m[vite][22m[39m [31m[2m(client)[22m[39m [2m[console.error] [22m[vite] Failed to reload /src/pages/sales/detail/components/lines/TenderLineTable.tsx. This could be due to syntax errors or importing non-existent modules. (see errors above)
[2m16:58:56[22m [31m[1m[vite][22m[39m [31m[2m(client)[22m[39m [2m[console.error] [22m[vite] SyntaxError: The requested module '/src/components/icons/lucideLocal.tsx' does not provide an export named 'LuLink2'
[2m16:58:56[22m [31m[1m[vite][22m[39m [31m[2m(client)[22m[39m [2m[console.error] [22m[vite] Failed to reload /src/pages/crm/tasks/TaskBoard.tsx. This could be due to syntax errors or importing non-existent modules. (see errors above)
[2m16:58:56[22m [31m[1m[vite][22m[39m [31m[2m(client)[22m[39m [2m[console.error] [22m[vite] SyntaxError: The requested module '/src/components/icons/lucideLocal.tsx' does not provide an export named 'LuLink2'
[2m16:58:56[22m [31m[1m[vite][22m[39m [31m[2m(client)[22m[39m [2m[console.error] [22m[vite] Failed to reload /src/pages/calendar/components/MailComposePanel.tsx. This could be due to syntax errors or importing non-existent modules. (see errors above)
[2m16:58:56[22m [31m[1m[vite][22m[39m [31m[2m(client)[22m[39m [2m[console.error] [22m[vite] SyntaxError: The requested module '/src/components/icons/lucideLocal.tsx' does not provide an export named 'LuLink2'
[2m16:58:56[22m [31m[1m[vite][22m[39m [31m[2m(client)[22m[39m [2m[console.error] [22m[vite] Failed to reload /src/components/ui-shared/LanguageSwitcher.tsx. This could be due to syntax errors or importing non-existent modules. (see errors above)
[2m16:58:56[22m [31m[1m[vite][22m[39m [31m[2m(client)[22m[39m [2m[console.error] [22m[vite] SyntaxError: The requested module '/src/components/icons/lucideLocal.tsx' does not provide an export named 'LuLink2'
[2m16:58:56[22m [31m[1m[vite][22m[39m [31m[2m(client)[22m[39m [2m[console.error] [22m[vite] Failed to reload /src/pages/calendar/components/PeoplePickerModal.tsx. This could be due to syntax errors or importing non-existent modules. (see errors above)
[2m16:58:56[22m [31m[1m[vite][22m[39m [31m[2m(client)[22m[39m [2m[console.error] [22m[vite] SyntaxError: The requested module '/src/components/icons/lucideLocal.tsx' does not provide an export named 'LuLink2'
[2m16:58:56[22m [31m[1m[vite][22m[39m [31m[2m(client)[22m[39m [2m[console.error] [22m[vite] Failed to reload /src/pages/project/features/components/detail/tabs/overview/OrderHeaderTable.tsx. This could be due to syntax errors or importing non-existent modules. (see errors above)
[2m16:58:56[22m [31m[1m[vite][22m[39m [31m[2m(client)[22m[39m [2m[console.error] [22m[vite] SyntaxError: The requested module '/src/components/icons/lucideLocal.tsx' does not provide an export named 'LuLink2'
[2m16:58:56[22m [31m[1m[vite][22m[39m [31m[2m(client)[22m[39m [2m[console.error] [22m[vite] Failed to reload /src/pages/project/features/components/detail/tabs/ProjectOverviewTab.tsx. This could be due to syntax errors or importing non-existent modules. (see errors above)
[2m16:58:56[22m [31m[1m[vite][22m[39m [31m[2m(client)[22m[39m [2m[console.error] [22m[vite] SyntaxError: The requested module '/src/components/icons/lucideLocal.tsx' does not provide an export named 'LuLink2'
[2m16:58:56[22m [31m[1m[vite][22m[39m [31m[2m(client)[22m[39m [2m[console.error] [22m[vite] Failed to reload /src/pages/project/features/components/detail/ProjectDetailHeader.tsx. This could be due to syntax errors or importing non-existent modules. (see errors above)
[2m16:58:56[22m [31m[1m[vite][22m[39m [31m[2m(client)[22m[39m [2m[console.error] [22m[vite] SyntaxError: The requested module '/src/components/icons/lucideLocal.tsx' does not provide an export named 'LuLink2'
[2m16:58:56[22m [31m[1m[vite][22m[39m [31m[2m(client)[22m[39m [2m[console.error] [22m[vite] Failed to reload /src/pages/sales/detail/components/address/TenderAddressSection.tsx. This could be due to syntax errors or importing non-existent modules. (see errors above)
[2m16:58:56[22m [31m[1m[vite][22m[39m [31m[2m(client)[22m[39m [2m[console.error] [22m[vite] SyntaxError: The requested module '/src/components/icons/lucideLocal.tsx' does not provide an export named 'LuLink2'
[2m16:58:56[22m [31m[1m[vite][22m[39m [31m[2m(client)[22m[39m [2m[console.error] [22m[vite] Failed to reload /src/pages/inventory/components/ArticleListView.tsx. This could be due to syntax errors or importing non-existent modules. (see errors above)
[2m16:58:56[22m [31m[1m[vite][22m[39m [31m[2m(client)[22m[39m [2m[console.error] [22m[vite] SyntaxError: The requested module '/src/components/icons/lucideLocal.tsx' does not provide an export named 'LuLink2'
[2m16:58:56[22m [31m[1m[vite][22m[39m [31m[2m(client)[22m[39m [2m[console.error] [22m[vite] Failed to reload /src/pages/personnel/components/StaffQrSheet.tsx. This could be due to syntax errors or importing non-existent modules. (see errors above)
[2m16:58:56[22m [31m[1m[vite][22m[39m [31m[2m(client)[22m[39m [2m[console.error] [22m[vite] SyntaxError: The requested module '/src/components/icons/lucideLocal.tsx' does not provide an export named 'LuLink2'
[2m16:58:56[22m [31m[1m[vite][22m[39m [31m[2m(client)[22m[39m [2m[console.error] [22m[vite] Failed to reload /src/pages/inventory/detail/ArticleImagePanel.tsx. This could be due to syntax errors or importing non-existent modules. (see errors above)
[2m16:58:56[22m [31m[1m[vite][22m[39m [31m[2m(client)[22m[39m [2m[console.error] [22m[vite] SyntaxError: The requested module '/src/components/icons/lucideLocal.tsx' does not provide an export named 'LuLink2'
[2m16:58:56[22m [31m[1m[vite][22m[39m [31m[2m(client)[22m[39m [2m[console.error] [22m[vite] Failed to reload /src/pages/sales/TenderDetail.tsx. This could be due to syntax errors or importing non-existent modules. (see errors above)
[2m16:58:56[22m [31m[1m[vite][22m[39m [31m[2m(client)[22m[39m [2m[console.error] [22m[vite] SyntaxError: The requested module '/src/components/icons/lucideLocal.tsx' does not provide an export named 'LuLink2'
[2m16:58:56[22m [31m[1m[vite][22m[39m [31m[2m(client)[22m[39m [2m[console.error] [22m[vite] Failed to reload /src/pages/project/ProjectDetail.tsx. This could be due to syntax errors or importing non-existent modules. (see errors above)
[2m16:58:56[22m [31m[1m[vite][22m[39m [31m[2m(client)[22m[39m [2m[console.error] [22m[vite] SyntaxError: The requested module '/src/components/icons/lucideLocal.tsx' does not provide an export named 'LuLink2'
[2m16:58:56[22m [31m[1m[vite][22m[39m [31m[2m(client)[22m[39m [2m[console.error] [22m[vite] Failed to reload /src/pages/sales/detail/components/TenderDetailHeader.tsx. This could be due to syntax errors or importing non-existent modules. (see errors above)
[2m16:58:56[22m [31m[1m[vite][22m[39m [31m[2m(client)[22m[39m [2m[console.error] [22m[vite] SyntaxError: The requested module '/src/components/icons/lucideLocal.tsx' does not provide an export named 'LuLink2'
[2m16:58:56[22m [31m[1m[vite][22m[39m [31m[2m(client)[22m[39m [2m[console.error] [22m[vite] Failed to reload /src/pages/calendar/components/FloatingCard.tsx. This could be due to syntax errors or importing non-existent modules. (see errors above)
[2m16:58:56[22m [31m[1m[vite][22m[39m [31m[2m(client)[22m[39m [2m[console.error] [22m[vite] SyntaxError: The requested module '/src/components/icons/lucideLocal.tsx' does not provide an export named 'LuLink2'
[2m16:58:56[22m [31m[1m[vite][22m[39m [31m[2m(client)[22m[39m [2m[console.error] [22m[vite] Failed to reload /src/pages/calendar/components/DayPlanRows.tsx. This could be due to syntax errors or importing non-existent modules. (see errors above)
[2m16:58:56[22m [31m[1m[vite][22m[39m [31m[2m(client)[22m[39m [2m[console.error] [22m[vite] SyntaxError: The requested module '/src/components/icons/lucideLocal.tsx' does not provide an export named 'LuLink2'
[2m16:58:56[22m [31m[1m[vite][22m[39m [31m[2m(client)[22m[39m [2m[console.error] [22m[vite] Failed to reload /src/components/ui-shared/TableKit.tsx. This could be due to syntax errors or importing non-existent modules. (see errors above)
[2m16:58:56[22m [31m[1m[vite][22m[39m [31m[2m(client)[22m[39m [2m[console.error] [22m[vite] SyntaxError: The requested module '/src/components/icons/lucideLocal.tsx' does not provide an export named 'LuLink2'
[2m16:58:56[22m [31m[1m[vite][22m[39m [31m[2m(client)[22m[39m [2m[console.error] [22m[vite] Failed to reload /src/pages/personnel/components/PersonnelSheet.tsx. This could be due to syntax errors or importing non-existent modules. (see errors above)
[2m16:58:56[22m [31m[1m[vite][22m[39m [31m[2m(client)[22m[39m [2m[console.error] [22m[vite] SyntaxError: The requested module '/src/components/icons/lucideLocal.tsx' does not provide an export named 'LuLink2'
[2m16:58:56[22m [31m[1m[vite][22m[39m [31m[2m(client)[22m[39m [2m[console.error] [22m[vite] Failed to reload /src/pages/personnel/components/StaffCreateSheet.tsx. This could be due to syntax errors or importing non-existent modules. (see errors above)
[2m16:58:56[22m [31m[1m[vite][22m[39m [31m[2m(client)[22m[39m [2m[console.error] [22m[vite] SyntaxError: The requested module '/src/components/icons/lucideLocal.tsx' does not provide an export named 'LuLink2'
[2m16:58:56[22m [31m[1m[vite][22m[39m [31m[2m(client)[22m[39m [2m[console.error] [22m[vite] Failed to reload /src/pages/project/features/components/detail/tabs/overview/AddonOrdersBox.tsx. This could be due to syntax errors or importing non-existent modules. (see errors above)
[2m16:58:56[22m [31m[1m[vite][22m[39m [31m[2m(client)[22m[39m [2m[console.error] [22m[vite] SyntaxError: The requested module '/src/components/icons/lucideLocal.tsx' does not provide an export named 'LuLink2'
[2m16:58:56[22m [31m[1m[vite][22m[39m [31m[2m(client)[22m[39m [2m[console.error] [22m[vite] Failed to reload /src/pages/sales/TenderList.tsx. This could be due to syntax errors or importing non-existent modules. (see errors above)
[2m16:58:56[22m [31m[1m[vite][22m[39m [31m[2m(client)[22m[39m [2m[console.error] [22m[vite] SyntaxError: The requested module '/src/components/icons/lucideLocal.tsx' does not provide an export named 'LuLink2'
[2m16:58:56[22m [31m[1m[vite][22m[39m [31m[2m(client)[22m[39m [2m[console.error] [22m[vite] Failed to reload /src/pages/crm/detail/CustomerInfoCard.tsx. This could be due to syntax errors or importing non-existent modules. (see errors above)
[2m16:58:56[22m [31m[1m[vite][22m[39m [31m[2m(client)[22m[39m [2m[console.error] [22m[vite] SyntaxError: The requested module '/src/components/icons/lucideLocal.tsx' does not provide an export named 'LuLink2'
[2m16:58:56[22m [31m[1m[vite][22m[39m [31m[2m(client)[22m[39m [2m[console.error] [22m[vite] Failed to reload /src/pages/sales/detail/components/common/QuoteDatePicker.tsx. This could be due to syntax errors or importing non-existent modules. (see errors above)
[2m16:58:56[22m [31m[1m[vite][22m[39m [31m[2m(client)[22m[39m [2m[console.error] [22m[vite] SyntaxError: The requested module '/src/components/icons/lucideLocal.tsx' does not provide an export named 'LuLink2'
[2m16:58:56[22m [31m[1m[vite][22m[39m [31m[2m(client)[22m[39m [2m[console.error] [22m[vite] Failed to reload /src/components/ui-shared/UnitSelect.tsx. This could be due to syntax errors or importing non-existent modules. (see errors above)
[2m16:58:56[22m [31m[1m[vite][22m[39m [31m[2m(client)[22m[39m [2m[console.error] [22m[vite] SyntaxError: The requested module '/src/components/icons/lucideLocal.tsx' does not provide an export named 'LuLink2'
[2m16:58:56[22m [31m[1m[vite][22m[39m [31m[2m(client)[22m[39m [2m[console.error] [22m[vite] Failed to reload /src/pages/project/features/components/detail/tabs/overview/CardLink.tsx. This could be due to syntax errors or importing non-existent modules. (see errors above)
[2m16:58:56[22m [31m[1m[vite][22m[39m [31m[2m(client)[22m[39m [2m[console.error] [22m[vite] SyntaxError: The requested module '/src/components/icons/lucideLocal.tsx' does not provide an export named 'LuLink2'
[2m16:58:56[22m [31m[1m[vite][22m[39m [31m[2m(client)[22m[39m [2m[console.error] [22m[vite] Failed to reload /src/pages/calendar/components/shells.tsx. This could be due to syntax errors or importing non-existent modules. (see errors above)
[2m16:58:56[22m [31m[1m[vite][22m[39m [31m[2m(client)[22m[39m [2m[console.error] [22m[vite] SyntaxError: The requested module '/src/components/icons/lucideLocal.tsx' does not provide an export named 'LuLink2'
[2m16:58:56[22m [31m[1m[vite][22m[39m [31m[2m(client)[22m[39m [2m[console.error] [22m[vite] Failed to reload /src/pages/sales/detail/components/common/QuoteSelect.tsx. This could be due to syntax errors or importing non-existent modules. (see errors above)
[2m16:58:56[22m [31m[1m[vite][22m[39m [31m[2m(client)[22m[39m [2m[console.error] [22m[vite] SyntaxError: The requested module '/src/components/icons/lucideLocal.tsx' does not provide an export named 'LuLink2'
[2m16:58:56[22m [31m[1m[vite][22m[39m [31m[2m(client)[22m[39m [2m[console.error] [22m[vite] Failed to reload /src/pages/project/features/components/detail/tabs/overview/OverviewPieCharts.tsx. This could be due to syntax errors or importing non-existent modules. (see errors above)
[2m16:58:56[22m [31m[1m[vite][22m[39m [31m[2m(client)[22m[39m [2m[console.error] [22m[vite] SyntaxError: The requested module '/src/components/icons/lucideLocal.tsx' does not provide an export named 'LuLink2'
[2m16:58:56[22m [31m[1m[vite][22m[39m [31m[2m(client)[22m[39m [2m[console.error] [22m[vite] Failed to reload /src/pages/sales/detail/components/info/TenderPriceSummary.tsx. This could be due to syntax errors or importing non-existent modules. (see errors above)
[2m16:58:56[22m [31m[1m[vite][22m[39m [31m[2m(client)[22m[39m [2m[console.error] [22m[vite] SyntaxError: The requested module '/src/components/icons/lucideLocal.tsx' does not provide an export named 'LuLink2'
[2m16:58:56[22m [31m[1m[vite][22m[39m [31m[2m(client)[22m[39m [2m[console.error] [22m[vite] Failed to reload /src/pages/personnel/PersonnelListPage.tsx. This could be due to syntax errors or importing non-existent modules. (see errors above)
[2m16:58:56[22m [31m[1m[vite][22m[39m [31m[2m(client)[22m[39m [2m[console.error] [22m[vite] SyntaxError: The requested module '/src/components/icons/lucideLocal.tsx' does not provide an export named 'LuLink2'
[2m16:58:56[22m [31m[1m[vite][22m[39m [31m[2m(client)[22m[39m [2m[console.error] [22m[vite] Failed to reload /src/pages/crm/CustomerDashboard.tsx. This could be due to syntax errors or importing non-existent modules. (see errors above)
[2m16:58:56[22m [31m[1m[vite][22m[39m [31m[2m(client)[22m[39m [2m[console.error] [22m[vite] SyntaxError: The requested module '/src/components/icons/lucideLocal.tsx' does not provide an export named 'LuLink2'
[2m16:58:56[22m [31m[1m[vite][22m[39m [31m[2m(client)[22m[39m [2m[console.error] [22m[vite] Failed to reload /src/pages/calendar/components/MiniMonth.tsx. This could be due to syntax errors or importing non-existent modules. (see errors above)
[2m16:58:56[22m [31m[1m[vite][22m[39m [31m[2m(client)[22m[39m [2m[console.error] [22m[vite] SyntaxError: The requested module '/src/components/icons/lucideLocal.tsx' does not provide an export named 'LuLink2'
[2m16:58:56[22m [31m[1m[vite][22m[39m [31m[2m(client)[22m[39m [2m[console.error] [22m[vite] Failed to reload /src/pages/calendar/components/LabelRail.tsx. This could be due to syntax errors or importing non-existent modules. (see errors above)
[2m16:58:56[22m [31m[1m[vite][22m[39m [31m[2m(client)[22m[39m [2m[console.error] [22m[vite] SyntaxError: The requested module '/src/components/icons/lucideLocal.tsx' does not provide an export named 'LuLink2'
[2m16:58:56[22m [31m[1m[vite][22m[39m [31m[2m(client)[22m[39m [2m[console.error] [22m[vite] Failed to reload /src/components/ui-shared/BottomSheet.tsx. This could be due to syntax errors or importing non-existent modules. (see errors above)
[2m16:58:56[22m [31m[1m[vite][22m[39m [31m[2m(client)[22m[39m [2m[console.error] [22m[vite] SyntaxError: The requested module '/src/components/icons/lucideLocal.tsx' does not provide an export named 'LuLink2'
[2m16:58:56[22m [31m[1m[vite][22m[39m [31m[2m(client)[22m[39m [2m[console.error] [22m[vite] Failed to reload /src/pages/inventory/detail/ArticleSuppliersView.tsx. This could be due to syntax errors or importing non-existent modules. (see errors above)
[2m16:58:56[22m [31m[1m[vite][22m[39m [31m[2m(client)[22m[39m [2m[console.error] [22m[vite] SyntaxError: The requested module '/src/components/icons/lucideLocal.tsx' does not provide an export named 'LuLink2'
[2m16:58:56[22m [31m[1m[vite][22m[39m [31m[2m(client)[22m[39m [2m[console.error] [22m[vite] Failed to reload /src/pages/crm/tasks/TaskFilterCombo.tsx. This could be due to syntax errors or importing non-existent modules. (see errors above)
[2m16:58:56[22m [31m[1m[vite][22m[39m [31m[2m(client)[22m[39m [2m[console.error] [22m[vite] SyntaxError: The requested module '/src/components/icons/lucideLocal.tsx' does not provide an export named 'LuLink2'
[2m16:58:56[22m [31m[1m[vite][22m[39m [31m[2m(client)[22m[39m [2m[console.error] [22m[vite] Failed to reload /src/pages/sales/detail/components/info/TenderCurrencySelect.tsx. This could be due to syntax errors or importing non-existent modules. (see errors above)
[2m16:58:56[22m [31m[1m[vite][22m[39m [31m[2m(client)[22m[39m [2m[console.error] [22m[vite] SyntaxError: The requested module '/src/components/icons/lucideLocal.tsx' does not provide an export named 'LuLink2'
[2m16:58:56[22m [31m[1m[vite][22m[39m [31m[2m(client)[22m[39m [2m[console.error] [22m[vite] Failed to reload /src/pages/calendar/components/LabelSettingsCard.tsx. This could be due to syntax errors or importing non-existent modules. (see errors above)
[2m16:58:56[22m [31m[1m[vite][22m[39m [31m[2m(client)[22m[39m [2m[console.error] [22m[vite] SyntaxError: The requested module '/src/components/icons/lucideLocal.tsx' does not provide an export named 'LuLink2'
[2m16:58:56[22m [31m[1m[vite][22m[39m [31m[2m(client)[22m[39m [2m[console.error] [22m[vite] Failed to reload /src/pages/calendar/components/CreatePopup.tsx. This could be due to syntax errors or importing non-existent modules. (see errors above)
[2m16:58:56[22m [31m[1m[vite][22m[39m [31m[2m(client)[22m[39m [2m[console.error] [22m[vite] SyntaxError: The requested module '/src/components/icons/lucideLocal.tsx' does not provide an export named 'LuLink2'
[2m16:58:56[22m [31m[1m[vite][22m[39m [31m[2m(client)[22m[39m [2m[console.error] [22m[vite] Failed to reload /src/pages/crm/tasks/TaskStaffFilter.tsx. This could be due to syntax errors or importing non-existent modules. (see errors above)
[2m16:58:56[22m [31m[1m[vite][22m[39m [31m[2m(client)[22m[39m [2m[console.error] [22m[vite] SyntaxError: The requested module '/src/components/icons/lucideLocal.tsx' does not provide an export named 'LuLink2'
[2m16:58:56[22m [31m[1m[vite][22m[39m [31m[2m(client)[22m[39m [2m[console.error] [22m[vite] Failed to reload /src/pages/crm/CustomerList.tsx. This could be due to syntax errors or importing non-existent modules. (see errors above)
[2m16:58:56[22m [31m[1m[vite][22m[39m [31m[2m(client)[22m[39m [2m[console.error] [22m[vite] SyntaxError: The requested module '/src/components/icons/lucideLocal.tsx' does not provide an export named 'LuLink2'
[2m16:58:56[22m [31m[1m[vite][22m[39m [31m[2m(client)[22m[39m [2m[console.error] [22m[vite] Failed to reload /src/components/layout/RequestsAppsMenu.tsx. This could be due to syntax errors or importing non-existent modules. (see errors above)
[2m16:58:56[22m [31m[1m[vite][22m[39m [31m[2m(client)[22m[39m [2m[console.error] [22m[vite] SyntaxError: The requested module '/src/components/icons/lucideLocal.tsx' does not provide an export named 'LuLink2'
[2m16:58:56[22m [31m[1m[vite][22m[39m [31m[2m(client)[22m[39m [2m[console.error] [22m[vite] Failed to reload /src/pages/project/features/components/detail/ProjectTopNav.tsx. This could be due to syntax errors or importing non-existent modules. (see errors above)
[2m16:58:56[22m [31m[1m[vite][22m[39m [31m[2m(client)[22m[39m [2m[console.error] [22m[vite] SyntaxError: The requested module '/src/components/icons/lucideLocal.tsx' does not provide an export named 'LuLink2'
[2m16:58:56[22m [31m[1m[vite][22m[39m [31m[2m(client)[22m[39m [2m[console.error] [22m[vite] Failed to reload /src/pages/project/features/components/detail/tabs/overview/DeliveryStatusBox.tsx. This could be due to syntax errors or importing non-existent modules. (see errors above)
[2m16:58:56[22m [31m[1m[vite][22m[39m [31m[2m(client)[22m[39m [2m[console.error] [22m[vite] SyntaxError: The requested module '/src/components/icons/lucideLocal.tsx' does not provide an export named 'LuLink2'
[2m16:58:56[22m [31m[1m[vite][22m[39m [31m[2m(client)[22m[39m [2m[console.error] [22m[vite] Failed to reload /src/pages/crm/tasks/TaskBoardBar.tsx. This could be due to syntax errors or importing non-existent modules. (see errors above)
[2m16:58:56[22m [31m[1m[vite][22m[39m [31m[2m(client)[22m[39m [2m[console.error] [22m[vite] SyntaxError: The requested module '/src/components/icons/lucideLocal.tsx' does not provide an export named 'LuLink2'
[2m16:58:56[22m [31m[1m[vite][22m[39m [31m[2m(client)[22m[39m [2m[console.error] [22m[vite] Failed to reload /src/pages/calendar/CalendarPage.tsx. This could be due to syntax errors or importing non-existent modules. (see errors above)
[2m16:58:56[22m [31m[1m[vite][22m[39m [31m[2m(client)[22m[39m [2m[console.error] [22m[vite] SyntaxError: The requested module '/src/components/icons/lucideLocal.tsx' does not provide an export named 'LuLink2'
[2m16:58:56[22m [31m[1m[vite][22m[39m [31m[2m(client)[22m[39m [2m[console.error] [22m[vite] Failed to reload /src/pages/inventory/detail/ArticleMovementsView.tsx. This could be due to syntax errors or importing non-existent modules. (see errors above)
[2m16:58:56[22m [31m[1m[vite][22m[39m [31m[2m(client)[22m[39m [2m[console.error] [22m[vite] SyntaxError: The requested module '/src/components/icons/lucideLocal.tsx' does not provide an export named 'LuLink2'
[2m16:58:56[22m [31m[1m[vite][22m[39m [31m[2m(client)[22m[39m [2m[console.error] [22m[vite] Failed to reload /src/pages/crm/tasks/TaskCompletionCard.tsx. This could be due to syntax errors or importing non-existent modules. (see errors above)
[2m16:58:56[22m [31m[1m[vite][22m[39m [31m[2m(client)[22m[39m [2m[console.error] [22m[vite] SyntaxError: The requested module '/src/components/icons/lucideLocal.tsx' does not provide an export named 'LuLink2'
[2m16:58:56[22m [31m[1m[vite][22m[39m [31m[2m(client)[22m[39m [2m[console.error] [22m[vite] Failed to reload /src/pages/project/Projects.tsx. This could be due to syntax errors or importing non-existent modules. (see errors above)
[2m16:58:56[22m [31m[1m[vite][22m[39m [31m[2m(client)[22m[39m [2m[console.error] [22m[vite] SyntaxError: The requested module '/src/components/icons/lucideLocal.tsx' does not provide an export named 'LuLink2'
[2m16:58:56[22m [31m[1m[vite][22m[39m [31m[2m(client)[22m[39m [2m[console.error] [22m[vite] Failed to reload /src/pages/project/features/components/detail/ProjectSectionRenderer.tsx. This could be due to syntax errors or importing non-existent modules. (see errors above)
[2m16:58:56[22m [31m[1m[vite][22m[39m [31m[2m(client)[22m[39m [2m[console.error] [22m[vite] SyntaxError: The requested module '/src/components/icons/lucideLocal.tsx' does not provide an export named 'LuLink2'
[2m16:58:56[22m [31m[1m[vite][22m[39m [31m[2m(client)[22m[39m [2m[console.error] [22m[vite] Failed to reload /src/pages/project/features/components/detail/tabs/overview/OrderNotifications.tsx. This could be due to syntax errors or importing non-existent modules. (see errors above)
[2m16:58:56[22m [31m[1m[vite][22m[39m [31m[2m(client)[22m[39m [2m[console.error] [22m[vite] SyntaxError: The requested module '/src/components/icons/lucideLocal.tsx' does not provide an export named 'LuLink2'
[2m16:58:56[22m [31m[1m[vite][22m[39m [31m[2m(client)[22m[39m [2m[console.error] [22m[vite] Failed to reload /src/pages/sales/detail/components/customer/TenderCustomerCard.tsx. This could be due to syntax errors or importing non-existent modules. (see errors above)
[2m16:58:56[22m [31m[1m[vite][22m[39m [31m[2m(client)[22m[39m [2m[console.error] [22m[vite] SyntaxError: The requested module '/src/components/icons/lucideLocal.tsx' does not provide an export named 'LuLink2'
[2m16:58:56[22m [31m[1m[vite][22m[39m [31m[2m(client)[22m[39m [2m[console.error] [22m[vite] Failed to reload /src/pages/calendar/components/AppointmentDaysPane.tsx. This could be due to syntax errors or importing non-existent modules. (see errors above)
[2m16:58:56[22m [31m[1m[vite][22m[39m [31m[2m(client)[22m[39m [2m[console.error] [22m[vite] SyntaxError: The requested module '/src/components/icons/lucideLocal.tsx' does not provide an export named 'LuLink2'
[2m16:58:56[22m [31m[1m[vite][22m[39m [31m[2m(client)[22m[39m [2m[console.error] [22m[vite] Failed to reload /src/pages/crm/CustomerCreateModal.tsx. This could be due to syntax errors or importing non-existent modules. (see errors above)
[2m16:58:56[22m [31m[1m[vite][22m[39m [31m[2m(client)[22m[39m [2m[console.error] [22m[vite] SyntaxError: The requested module '/src/components/icons/lucideLocal.tsx' does not provide an export named 'LuLink2'
[2m16:58:56[22m [31m[1m[vite][22m[39m [31m[2m(client)[22m[39m [2m[console.error] [22m[vite] Failed to reload /src/components/layout/MainLayout.tsx. This could be due to syntax errors or importing non-existent modules. (see errors above)
[2m16:58:56[22m [31m[1m[vite][22m[39m [31m[2m(client)[22m[39m [2m[console.error] [22m[vite] SyntaxError: The requested module '/src/components/icons/lucideLocal.tsx' does not provide an export named 'LuLink2'
[2m16:58:56[22m [31m[1m[vite][22m[39m [31m[2m(client)[22m[39m [2m[console.error] [22m[vite] Failed to reload /src/pages/maintenance/MaintenanceShared.tsx. This could be due to syntax errors or importing non-existent modules. (see errors above)
[2m16:58:56[22m [31m[1m[vite][22m[39m [31m[2m(client)[22m[39m [2m[console.error] [22m[vite] SyntaxError: The requested module '/src/components/icons/lucideLocal.tsx' does not provide an export named 'LuLink2'
[2m16:58:56[22m [31m[1m[vite][22m[39m [31m[2m(client)[22m[39m [2m[console.error] [22m[vite] Failed to reload /src/pages/settings/authorization/AuthorizationPage.tsx. This could be due to syntax errors or importing non-existent modules. (see errors above)
[2m16:58:56[22m [31m[1m[vite][22m[39m [31m[2m(client)[22m[39m [2m[console.error] [22m[vite] SyntaxError: The requested module '/src/components/icons/lucideLocal.tsx' does not provide an export named 'LuLink2'
[2m16:58:56[22m [31m[1m[vite][22m[39m [31m[2m(client)[22m[39m [2m[console.error] [22m[vite] Failed to reload /src/pages/inventory/detail/ArticleDetailView.tsx. This could be due to syntax errors or importing non-existent modules. (see errors above)
[2m16:58:56[22m [31m[1m[vite][22m[39m [31m[2m(client)[22m[39m [2m[console.error] [22m[vite] SyntaxError: The requested module '/src/components/icons/lucideLocal.tsx' does not provide an export named 'LuLink2'
[2m16:58:56[22m [31m[1m[vite][22m[39m [31m[2m(client)[22m[39m [2m[console.error] [22m[vite] Failed to reload /src/pages/Login.tsx. This could be due to syntax errors or importing non-existent modules. (see errors above)
[2m16:58:56[22m [31m[1m[vite][22m[39m [31m[2m(client)[22m[39m [2m[console.error] [22m[vite] SyntaxError: The requested module '/src/components/icons/lucideLocal.tsx' does not provide an export named 'LuLink2'
[2m16:58:56[22m [31m[1m[vite][22m[39m [31m[2m(client)[22m[39m [2m[console.error] [22m[vite] Failed to reload /src/App.tsx. This could be due to syntax errors or importing non-existent modules. (see errors above)
[2m16:58:56[22m [31m[1m[vite][22m[39m [31m[2m(client)[22m[39m [2m[console.error] [22m[vite] SyntaxError: The requested module '/src/components/icons/lucideLocal.tsx' does not provide an export named 'LuLink2'
[2m16:58:56[22m [31m[1m[vite][22m[39m [31m[2m(client)[22m[39m [2m[console.error] [22m[vite] Failed to reload /src/main.tsx. This could be due to syntax errors or importing non-existent modules. (see errors above)
[2m16:58:56[22m [36m[1m[vite][22m[39m [90m[2m(client)[22m[39m [33mhmr invalidate [39m[2m/src/components/layout/SplitViewContext.tsx[22m Could not Fast Refresh ("SPLITABLE_ROUTES" export is incompatible). Learn more at https://github.com/vitejs/vite-plugin-react/tree/main/packages/plugin-react#consistent-components-exports
[2m16:58:56[22m [36m[1m[vite][22m[39m [90m[2m(client)[22m[39m [32mhmr update [39m[2m/src/components/layout/MainLayout.tsx, /src/components/layout/SplitViewToggle.tsx, /src/components/layout/PrimaryPane.tsx, /src/components/layout/SecondaryPane.tsx[22m
[2m16:58:57[22m [31m[1m[vite][22m[39m [31m[2m(client)[22m[39m [2m[console.error] [22m[vite] SyntaxError: The requested module '/src/components/icons/lucideLocal.tsx' does not provide an export named 'LuLink2'
[2m16:58:57[22m [31m[1m[vite][22m[39m [31m[2m(client)[22m[39m [2m[console.error] [22m[vite] Failed to reload /src/App.tsx. This could be due to syntax errors or importing non-existent modules. (see errors above)
[2m16:58:57[22m [31m[1m[vite][22m[39m [31m[2m(client)[22m[39m [2m[console.error] [22m[vite] SyntaxError: The requested module '/src/components/icons/lucideLocal.tsx' does not provide an export named 'LuLink2'
[2m16:58:57[22m [31m[1m[vite][22m[39m [31m[2m(client)[22m[39m [2m[console.error] [22m[vite] Failed to reload /src/main.tsx. This could be due to syntax errors or importing non-existent modules. (see errors above)
[2m16:58:57[22m [31m[1m[vite][22m[39m [31m[2m(client)[22m[39m [2m[console.error] [22m[vite] SyntaxError: The requested module '/src/components/icons/lucideLocal.tsx' does not provide an export named 'LuLink2'
[2m16:58:57[22m [31m[1m[vite][22m[39m [31m[2m(client)[22m[39m [2m[console.error] [22m[vite] Failed to reload /src/components/layout/RequestsAppsMenu.tsx. This could be due to syntax errors or importing non-existent modules. (see errors above)
[2m16:58:57[22m [31m[1m[vite][22m[39m [31m[2m(client)[22m[39m [2m[console.error] [22m[vite] SyntaxError: The requested module '/src/components/icons/lucideLocal.tsx' does not provide an export named 'LuLink2'
[2m16:58:57[22m [31m[1m[vite][22m[39m [31m[2m(client)[22m[39m [2m[console.error] [22m[vite] Failed to reload /src/components/ui-shared/LanguageSwitcher.tsx. This could be due to syntax errors or importing non-existent modules. (see errors above)
[2m16:58:57[22m [31m[1m[vite][22m[39m [31m[2m(client)[22m[39m [2m[console.error] [22m[vite] SyntaxError: The requested module '/src/components/icons/lucideLocal.tsx' does not provide an export named 'LuLink2'
[2m16:58:57[22m [31m[1m[vite][22m[39m [31m[2m(client)[22m[39m [2m[console.error] [22m[vite] Failed to reload /src/pages/crm/components/ReminderToasts.tsx. This could be due to syntax errors or importing non-existent modules. (see errors above)
[2m16:58:57[22m [31m[1m[vite][22m[39m [31m[2m(client)[22m[39m [2m[console.error] [22m[vite] SyntaxError: The requested module '/src/components/icons/lucideLocal.tsx' does not provide an export named 'LuLink2'
[2m16:58:57[22m [31m[1m[vite][22m[39m [31m[2m(client)[22m[39m [2m[console.error] [22m[vite] Failed to reload /src/components/ui-shared/TableKit.tsx. This could be due to syntax errors or importing non-existent modules. (see errors above)
[2m16:58:57[22m [31m[1m[vite][22m[39m [31m[2m(client)[22m[39m [2m[console.error] [22m[vite] SyntaxError: The requested module '/src/components/icons/lucideLocal.tsx' does not provide an export named 'LuLink2'
[2m16:58:57[22m [31m[1m[vite][22m[39m [31m[2m(client)[22m[39m [2m[console.error] [22m[vite] Failed to reload /src/components/layout/MainLayout.tsx. This could be due to syntax errors or importing non-existent modules. (see errors above)
[2m16:58:57[22m [31m[1m[vite][22m[39m [31m[2m(client)[22m[39m [2m[console.error] [22m[vite] SyntaxError: The requested module '/src/components/icons/lucideLocal.tsx' does not provide an export named 'LuLink2'
[2m16:58:57[22m [31m[1m[vite][22m[39m [31m[2m(client)[22m[39m [2m[console.error] [22m[vite] Failed to reload /src/pages/project/features/components/detail/ProjectTopNav.tsx. This could be due to syntax errors or importing non-existent modules. (see errors above)
[2m16:58:57[22m [31m[1m[vite][22m[39m [31m[2m(client)[22m[39m [2m[console.error] [22m[vite] SyntaxError: The requested module '/src/components/icons/lucideLocal.tsx' does not provide an export named 'LuLink2'
[2m16:58:57[22m [31m[1m[vite][22m[39m [31m[2m(client)[22m[39m [2m[console.error] [22m[vite] Failed to reload /src/pages/project/features/components/detail/ProjectDetailHeader.tsx. This could be due to syntax errors or importing non-existent modules. (see errors above)
[2m16:58:57[22m [31m[1m[vite][22m[39m [31m[2m(client)[22m[39m [2m[console.error] [22m[vite] SyntaxError: The requested module '/src/components/icons/lucideLocal.tsx' does not provide an export named 'LuLink2'
[2m16:58:57[22m [31m[1m[vite][22m[39m [31m[2m(client)[22m[39m [2m[console.error] [22m[vite] Failed to reload /src/pages/project/ProjectDetail.tsx. This could be due to syntax errors or importing non-existent modules. (see errors above)
[2m16:58:57[22m [31m[1m[vite][22m[39m [31m[2m(client)[22m[39m [2m[console.error] [22m[vite] SyntaxError: The requested module '/src/components/icons/lucideLocal.tsx' does not provide an export named 'LuLink2'
[2m16:58:57[22m [31m[1m[vite][22m[39m [31m[2m(client)[22m[39m [2m[console.error] [22m[vite] Failed to reload /src/pages/project/features/components/detail/tabs/ProjectOverviewTab.tsx. This could be due to syntax errors or importing non-existent modules. (see errors above)
[2m16:58:57[22m [31m[1m[vite][22m[39m [31m[2m(client)[22m[39m [2m[console.error] [22m[vite] SyntaxError: The requested module '/src/components/icons/lucideLocal.tsx' does not provide an export named 'LuLink2'
[2m16:58:57[22m [31m[1m[vite][22m[39m [31m[2m(client)[22m[39m [2m[console.error] [22m[vite] Failed to reload /src/pages/project/features/components/detail/tabs/overview/OverviewPieCharts.tsx. This could be due to syntax errors or importing non-existent modules. (see errors above)
[2m16:58:57[22m [31m[1m[vite][22m[39m [31m[2m(client)[22m[39m [2m[console.error] [22m[vite] SyntaxError: The requested module '/src/components/icons/lucideLocal.tsx' does not provide an export named 'LuLink2'
[2m16:58:57[22m [31m[1m[vite][22m[39m [31m[2m(client)[22m[39m [2m[console.error] [22m[vite] Failed to reload /src/pages/project/features/components/detail/tabs/overview/AddonOrdersBox.tsx. This could be due to syntax errors or importing non-existent modules. (see errors above)
[2m16:58:57[22m [31m[1m[vite][22m[39m [31m[2m(client)[22m[39m [2m[console.error] [22m[vite] SyntaxError: The requested module '/src/components/icons/lucideLocal.tsx' does not provide an export named 'LuLink2'
[2m16:58:57[22m [31m[1m[vite][22m[39m [31m[2m(client)[22m[39m [2m[console.error] [22m[vite] Failed to reload /src/pages/project/features/components/detail/ProjectSectionRenderer.tsx. This could be due to syntax errors or importing non-existent modules. (see errors above)
[2m16:58:57[22m [31m[1m[vite][22m[39m [31m[2m(client)[22m[39m [2m[console.error] [22m[vite] SyntaxError: The requested module '/src/components/icons/lucideLocal.tsx' does not provide an export named 'LuLink2'
[2m16:58:57[22m [31m[1m[vite][22m[39m [31m[2m(client)[22m[39m [2m[console.error] [22m[vite] Failed to reload /src/pages/project/Projects.tsx. This could be due to syntax errors or importing non-existent modules. (see errors above)
[2m16:58:57[22m [31m[1m[vite][22m[39m [31m[2m(client)[22m[39m [2m[console.error] [22m[vite] SyntaxError: The requested module '/src/components/icons/lucideLocal.tsx' does not provide an export named 'LuLink2'
[2m16:58:57[22m [31m[1m[vite][22m[39m [31m[2m(client)[22m[39m [2m[console.error] [22m[vite] Failed to reload /src/pages/project/features/components/detail/tabs/overview/OrderHeaderTable.tsx. This could be due to syntax errors or importing non-existent modules. (see errors above)
[2m16:58:57[22m [31m[1m[vite][22m[39m [31m[2m(client)[22m[39m [2m[console.error] [22m[vite] SyntaxError: The requested module '/src/components/icons/lucideLocal.tsx' does not provide an export named 'LuLink2'
[2m16:58:57[22m [31m[1m[vite][22m[39m [31m[2m(client)[22m[39m [2m[console.error] [22m[vite] Failed to reload /src/pages/project/features/components/detail/tabs/overview/DeliveryStatusBox.tsx. This could be due to syntax errors or importing non-existent modules. (see errors above)
[2m16:58:57[22m [31m[1m[vite][22m[39m [31m[2m(client)[22m[39m [2m[console.error] [22m[vite] SyntaxError: The requested module '/src/components/icons/lucideLocal.tsx' does not provide an export named 'LuLink2'
[2m16:58:57[22m [31m[1m[vite][22m[39m [31m[2m(client)[22m[39m [2m[console.error] [22m[vite] Failed to reload /src/pages/project/features/components/detail/tabs/overview/OrderNotifications.tsx. This could be due to syntax errors or importing non-existent modules. (see errors above)
[2m16:58:57[22m [31m[1m[vite][22m[39m [31m[2m(client)[22m[39m [2m[console.error] [22m[vite] SyntaxError: The requested module '/src/components/icons/lucideLocal.tsx' does not provide an export named 'LuLink2'
[2m16:58:57[22m [31m[1m[vite][22m[39m [31m[2m(client)[22m[39m [2m[console.error] [22m[vite] Failed to reload /src/pages/project/features/components/detail/tabs/overview/CardLink.tsx. This could be due to syntax errors or importing non-existent modules. (see errors above)
[2m16:58:57[22m [31m[1m[vite][22m[39m [31m[2m(client)[22m[39m [2m[console.error] [22m[vite] SyntaxError: The requested module '/src/components/icons/lucideLocal.tsx' does not provide an export named 'LuLink2'
[2m16:58:57[22m [31m[1m[vite][22m[39m [31m[2m(client)[22m[39m [2m[console.error] [22m[vite] Failed to reload /src/components/ui-shared/PopupKit.tsx. This could be due to syntax errors or importing non-existent modules. (see errors above)
[2m16:58:57[22m [31m[1m[vite][22m[39m [31m[2m(client)[22m[39m [2m[console.error] [22m[vite] SyntaxError: The requested module '/src/components/icons/lucideLocal.tsx' does not provide an export named 'LuLink2'
[2m16:58:57[22m [31m[1m[vite][22m[39m [31m[2m(client)[22m[39m [2m[console.error] [22m[vite] Failed to reload /src/pages/project/features/components/detail/tabs/overview/SalesPdfButton.tsx. This could be due to syntax errors or importing non-existent modules. (see errors above)
[2m16:58:57[22m [31m[1m[vite][22m[39m [31m[2m(client)[22m[39m [2m[console.error] [22m[vite] SyntaxError: The requested module '/src/components/icons/lucideLocal.tsx' does not provide an export named 'LuLink2'
[2m16:58:57[22m [31m[1m[vite][22m[39m [31m[2m(client)[22m[39m [2m[console.error] [22m[vite] Failed to reload /src/pages/inventory/components/BottomSheet.tsx. This could be due to syntax errors or importing non-existent modules. (see errors above)
[2m16:58:57[22m [31m[1m[vite][22m[39m [31m[2m(client)[22m[39m [2m[console.error] [22m[vite] SyntaxError: The requested module '/src/components/icons/lucideLocal.tsx' does not provide an export named 'LuLink2'
[2m16:58:57[22m [31m[1m[vite][22m[39m [31m[2m(client)[22m[39m [2m[console.error] [22m[vite] Failed to reload /src/components/pdf/PdfPreviewSheet.tsx. This could be due to syntax errors or importing non-existent modules. (see errors above)
[2m16:58:57[22m [31m[1m[vite][22m[39m [31m[2m(client)[22m[39m [2m[console.error] [22m[vite] SyntaxError: The requested module '/src/components/icons/lucideLocal.tsx' does not provide an export named 'LuLink2'
[2m16:58:57[22m [31m[1m[vite][22m[39m [31m[2m(client)[22m[39m [2m[console.error] [22m[vite] Failed to reload /src/pages/calendar/components/FloatingCard.tsx. This could be due to syntax errors or importing non-existent modules. (see errors above)
[2m16:58:57[22m [31m[1m[vite][22m[39m [31m[2m(client)[22m[39m [2m[console.error] [22m[vite] SyntaxError: The requested module '/src/components/icons/lucideLocal.tsx' does not provide an export named 'LuLink2'
[2m16:58:57[22m [31m[1m[vite][22m[39m [31m[2m(client)[22m[39m [2m[console.error] [22m[vite] Failed to reload /src/pages/calendar/components/shells.tsx. This could be due to syntax errors or importing non-existent modules. (see errors above)
[2m16:58:57[22m [31m[1m[vite][22m[39m [31m[2m(client)[22m[39m [2m[console.error] [22m[vite] SyntaxError: The requested module '/src/components/icons/lucideLocal.tsx' does not provide an export named 'LuLink2'
[2m16:58:57[22m [31m[1m[vite][22m[39m [31m[2m(client)[22m[39m [2m[console.error] [22m[vite] Failed to reload /src/pages/sales/TenderList.tsx. This could be due to syntax errors or importing non-existent modules. (see errors above)
[2m16:58:57[22m [31m[1m[vite][22m[39m [31m[2m(client)[22m[39m [2m[console.error] [22m[vite] SyntaxError: The requested module '/src/components/icons/lucideLocal.tsx' does not provide an export named 'LuLink2'
[2m16:58:57[22m [31m[1m[vite][22m[39m [31m[2m(client)[22m[39m [2m[console.error] [22m[vite] Failed to reload /src/pages/sales/detail/popups/ImportOrdersPopup.tsx. This could be due to syntax errors or importing non-existent modules. (see errors above)
[2m16:58:57[22m [31m[1m[vite][22m[39m [31m[2m(client)[22m[39m [2m[console.error] [22m[vite] SyntaxError: The requested module '/src/components/icons/lucideLocal.tsx' does not provide an export named 'LuLink2'
[2m16:58:57[22m [31m[1m[vite][22m[39m [31m[2m(client)[22m[39m [2m[console.error] [22m[vite] Failed to reload /src/pages/sales/TenderDetail.tsx. This could be due to syntax errors or importing non-existent modules. (see errors above)
[2m16:58:57[22m [31m[1m[vite][22m[39m [31m[2m(client)[22m[39m [2m[console.error] [22m[vite] SyntaxError: The requested module '/src/components/icons/lucideLocal.tsx' does not provide an export named 'LuLink2'
[2m16:58:57[22m [31m[1m[vite][22m[39m [31m[2m(client)[22m[39m [2m[console.error] [22m[vite] Failed to reload /src/pages/sales/detail/components/info/TenderPriceSummary.tsx. This could be due to syntax errors or importing non-existent modules. (see errors above)
[2m16:58:57[22m [31m[1m[vite][22m[39m [31m[2m(client)[22m[39m [2m[console.error] [22m[vite] SyntaxError: The requested module '/src/components/icons/lucideLocal.tsx' does not provide an export named 'LuLink2'
[2m16:58:57[22m [31m[1m[vite][22m[39m [31m[2m(client)[22m[39m [2m[console.error] [22m[vite] Failed to reload /src/pages/sales/detail/components/lines/TenderLineTable.tsx. This could be due to syntax errors or importing non-existent modules. (see errors above)
[2m16:58:57[22m [31m[1m[vite][22m[39m [31m[2m(client)[22m[39m [2m[console.error] [22m[vite] SyntaxError: The requested module '/src/components/icons/lucideLocal.tsx' does not provide an export named 'LuLink2'
[2m16:58:57[22m [31m[1m[vite][22m[39m [31m[2m(client)[22m[39m [2m[console.error] [22m[vite] Failed to reload /src/pages/sales/detail/components/common/QuoteDatePicker.tsx. This could be due to syntax errors or importing non-existent modules. (see errors above)
[2m16:58:57[22m [31m[1m[vite][22m[39m [31m[2m(client)[22m[39m [2m[console.error] [22m[vite] SyntaxError: The requested module '/src/components/icons/lucideLocal.tsx' does not provide an export named 'LuLink2'
[2m16:58:57[22m [31m[1m[vite][22m[39m [31m[2m(client)[22m[39m [2m[console.error] [22m[vite] Failed to reload /src/pages/sales/detail/components/customer/TenderCustomerCard.tsx. This could be due to syntax errors or importing non-existent modules. (see errors above)
[2m16:58:57[22m [31m[1m[vite][22m[39m [31m[2m(client)[22m[39m [2m[console.error] [22m[vite] SyntaxError: The requested module '/src/components/icons/lucideLocal.tsx' does not provide an export named 'LuLink2'
[2m16:58:57[22m [31m[1m[vite][22m[39m [31m[2m(client)[22m[39m [2m[console.error] [22m[vite] Failed to reload /src/pages/sales/detail/components/TenderDetailHeader.tsx. This could be due to syntax errors or importing non-existent modules. (see errors above)
[2m16:58:57[22m [31m[1m[vite][22m[39m [31m[2m(client)[22m[39m [2m[console.error] [22m[vite] SyntaxError: The requested module '/src/components/icons/lucideLocal.tsx' does not provide an export named 'LuLink2'
[2m16:58:57[22m [31m[1m[vite][22m[39m [31m[2m(client)[22m[39m [2m[console.error] [22m[vite] Failed to reload /src/pages/sales/detail/components/customer/TenderCustomerSection.tsx. This could be due to syntax errors or importing non-existent modules. (see errors above)
[2m16:58:57[22m [31m[1m[vite][22m[39m [31m[2m(client)[22m[39m [2m[console.error] [22m[vite] SyntaxError: The requested module '/src/components/icons/lucideLocal.tsx' does not provide an export named 'LuLink2'
[2m16:58:57[22m [31m[1m[vite][22m[39m [31m[2m(client)[22m[39m [2m[console.error] [22m[vite] Failed to reload /src/pages/sales/detail/components/info/TenderCurrencySelect.tsx. This could be due to syntax errors or importing non-existent modules. (see errors above)
[2m16:58:57[22m [31m[1m[vite][22m[39m [31m[2m(client)[22m[39m [2m[console.error] [22m[vite] SyntaxError: The requested module '/src/components/icons/lucideLocal.tsx' does not provide an export named 'LuLink2'
[2m16:58:57[22m [31m[1m[vite][22m[39m [31m[2m(client)[22m[39m [2m[console.error] [22m[vite] Failed to reload /src/pages/sales/detail/components/address/TenderAddressSection.tsx. This could be due to syntax errors or importing non-existent modules. (see errors above)
[2m16:58:57[22m [31m[1m[vite][22m[39m [31m[2m(client)[22m[39m [2m[console.error] [22m[vite] SyntaxError: The requested module '/src/components/icons/lucideLocal.tsx' does not provide an export named 'LuLink2'
[2m16:58:57[22m [31m[1m[vite][22m[39m [31m[2m(client)[22m[39m [2m[console.error] [22m[vite] Failed to reload /src/pages/sales/detail/components/common/QuoteSelect.tsx. This could be due to syntax errors or importing non-existent modules. (see errors above)
[2m16:58:57[22m [31m[1m[vite][22m[39m [31m[2m(client)[22m[39m [2m[console.error] [22m[vite] SyntaxError: The requested module '/src/components/icons/lucideLocal.tsx' does not provide an export named 'LuLink2'
[2m16:58:57[22m [31m[1m[vite][22m[39m [31m[2m(client)[22m[39m [2m[console.error] [22m[vite] Failed to reload /src/pages/sales/detail/components/TenderSettingsMenu.tsx. This could be due to syntax errors or importing non-existent modules. (see errors above)
[2m16:58:57[22m [31m[1m[vite][22m[39m [31m[2m(client)[22m[39m [2m[console.error] [22m[vite] SyntaxError: The requested module '/src/components/icons/lucideLocal.tsx' does not provide an export named 'LuLink2'
[2m16:58:57[22m [31m[1m[vite][22m[39m [31m[2m(client)[22m[39m [2m[console.error] [22m[vite] Failed to reload /src/pages/crm/components/StaffMultiCombo.tsx. This could be due to syntax errors or importing non-existent modules. (see errors above)
[2m16:58:57[22m [31m[1m[vite][22m[39m [31m[2m(client)[22m[39m [2m[console.error] [22m[vite] SyntaxError: The requested module '/src/components/icons/lucideLocal.tsx' does not provide an export named 'LuLink2'
[2m16:58:57[22m [31m[1m[vite][22m[39m [31m[2m(client)[22m[39m [2m[console.error] [22m[vite] Failed to reload /src/pages/calendar/CalendarPage.tsx. This could be due to syntax errors or importing non-existent modules. (see errors above)
[2m16:58:57[22m [31m[1m[vite][22m[39m [31m[2m(client)[22m[39m [2m[console.error] [22m[vite] SyntaxError: The requested module '/src/components/icons/lucideLocal.tsx' does not provide an export named 'LuLink2'
[2m16:58:57[22m [31m[1m[vite][22m[39m [31m[2m(client)[22m[39m [2m[console.error] [22m[vite] Failed to reload /src/pages/crm/tasks/TaskCompletionCard.tsx. This could be due to syntax errors or importing non-existent modules. (see errors above)
[2m16:58:57[22m [31m[1m[vite][22m[39m [31m[2m(client)[22m[39m [2m[console.error] [22m[vite] SyntaxError: The requested module '/src/components/icons/lucideLocal.tsx' does not provide an export named 'LuLink2'
[2m16:58:57[22m [31m[1m[vite][22m[39m [31m[2m(client)[22m[39m [2m[console.error] [22m[vite] Failed to reload /src/pages/crm/tasks/TaskBoard.tsx. This could be due to syntax errors or importing non-existent modules. (see errors above)
[2m16:58:57[22m [31m[1m[vite][22m[39m [31m[2m(client)[22m[39m [2m[console.error] [22m[vite] SyntaxError: The requested module '/src/components/icons/lucideLocal.tsx' does not provide an export named 'LuLink2'
[2m16:58:57[22m [31m[1m[vite][22m[39m [31m[2m(client)[22m[39m [2m[console.error] [22m[vite] Failed to reload /src/pages/crm/tasks/TaskStaffFilter.tsx. This could be due to syntax errors or importing non-existent modules. (see errors above)
[2m16:58:57[22m [31m[1m[vite][22m[39m [31m[2m(client)[22m[39m [2m[console.error] [22m[vite] SyntaxError: The requested module '/src/components/icons/lucideLocal.tsx' does not provide an export named 'LuLink2'
[2m16:58:57[22m [31m[1m[vite][22m[39m [31m[2m(client)[22m[39m [2m[console.error] [22m[vite] Failed to reload /src/pages/crm/CustomerList.tsx. This could be due to syntax errors or importing non-existent modules. (see errors above)
[2m16:58:57[22m [31m[1m[vite][22m[39m [31m[2m(client)[22m[39m [2m[console.error] [22m[vite] SyntaxError: The requested module '/src/components/icons/lucideLocal.tsx' does not provide an export named 'LuLink2'
[2m16:58:57[22m [31m[1m[vite][22m[39m [31m[2m(client)[22m[39m [2m[console.error] [22m[vite] Failed to reload /src/pages/crm/CustomerCreateModal.tsx. This could be due to syntax errors or importing non-existent modules. (see errors above)
[2m16:58:57[22m [31m[1m[vite][22m[39m [31m[2m(client)[22m[39m [2m[console.error] [22m[vite] SyntaxError: The requested module '/src/components/icons/lucideLocal.tsx' does not provide an export named 'LuLink2'
[2m16:58:57[22m [31m[1m[vite][22m[39m [31m[2m(client)[22m[39m [2m[console.error] [22m[vite] Failed to reload /src/pages/crm/CustomerDashboard.tsx. This could be due to syntax errors or importing non-existent modules. (see errors above)
[2m16:58:57[22m [31m[1m[vite][22m[39m [31m[2m(client)[22m[39m [2m[console.error] [22m[vite] SyntaxError: The requested module '/src/components/icons/lucideLocal.tsx' does not provide an export named 'LuLink2'
[2m16:58:57[22m [31m[1m[vite][22m[39m [31m[2m(client)[22m[39m [2m[console.error] [22m[vite] Failed to reload /src/pages/crm/detail/CustomerInfoCard.tsx. This could be due to syntax errors or importing non-existent modules. (see errors above)
[2m16:58:57[22m [31m[1m[vite][22m[39m [31m[2m(client)[22m[39m [2m[console.error] [22m[vite] SyntaxError: The requested module '/src/components/icons/lucideLocal.tsx' does not provide an export named 'LuLink2'
[2m16:58:57[22m [31m[1m[vite][22m[39m [31m[2m(client)[22m[39m [2m[console.error] [22m[vite] Failed to reload /src/components/ui-shared/BottomSheet.tsx. This could be due to syntax errors or importing non-existent modules. (see errors above)
[2m16:58:57[22m [31m[1m[vite][22m[39m [31m[2m(client)[22m[39m [2m[console.error] [22m[vite] SyntaxError: The requested module '/src/components/icons/lucideLocal.tsx' does not provide an export named 'LuLink2'
[2m16:58:57[22m [31m[1m[vite][22m[39m [31m[2m(client)[22m[39m [2m[console.error] [22m[vite] Failed to reload /src/pages/personnel/PersonnelListPage.tsx. This could be due to syntax errors or importing non-existent modules. (see errors above)
[2m16:58:57[22m [31m[1m[vite][22m[39m [31m[2m(client)[22m[39m [2m[console.error] [22m[vite] SyntaxError: The requested module '/src/components/icons/lucideLocal.tsx' does not provide an export named 'LuLink2'
[2m16:58:57[22m [31m[1m[vite][22m[39m [31m[2m(client)[22m[39m [2m[console.error] [22m[vite] Failed to reload /src/pages/personnel/components/StaffQrSheet.tsx. This could be due to syntax errors or importing non-existent modules. (see errors above)
[2m16:58:57[22m [31m[1m[vite][22m[39m [31m[2m(client)[22m[39m [2m[console.error] [22m[vite] SyntaxError: The requested module '/src/components/icons/lucideLocal.tsx' does not provide an export named 'LuLink2'
[2m16:58:57[22m [31m[1m[vite][22m[39m [31m[2m(client)[22m[39m [2m[console.error] [22m[vite] Failed to reload /src/pages/personnel/components/StaffCreateSheet.tsx. This could be due to syntax errors or importing non-existent modules. (see errors above)
[2m16:58:57[22m [31m[1m[vite][22m[39m [31m[2m(client)[22m[39m [2m[console.error] [22m[vite] SyntaxError: The requested module '/src/components/icons/lucideLocal.tsx' does not provide an export named 'LuLink2'
[2m16:58:57[22m [31m[1m[vite][22m[39m [31m[2m(client)[22m[39m [2m[console.error] [22m[vite] Failed to reload /src/pages/personnel/components/PersonnelSheet.tsx. This could be due to syntax errors or importing non-existent modules. (see errors above)
[2m16:58:57[22m [31m[1m[vite][22m[39m [31m[2m(client)[22m[39m [2m[console.error] [22m[vite] SyntaxError: The requested module '/src/components/icons/lucideLocal.tsx' does not provide an export named 'LuLink2'
[2m16:58:57[22m [31m[1m[vite][22m[39m [31m[2m(client)[22m[39m [2m[console.error] [22m[vite] Failed to reload /src/pages/calendar/components/LabelRail.tsx. This could be due to syntax errors or importing non-existent modules. (see errors above)
[2m16:58:57[22m [31m[1m[vite][22m[39m [31m[2m(client)[22m[39m [2m[console.error] [22m[vite] SyntaxError: The requested module '/src/components/icons/lucideLocal.tsx' does not provide an export named 'LuLink2'
[2m16:58:57[22m [31m[1m[vite][22m[39m [31m[2m(client)[22m[39m [2m[console.error] [22m[vite] Failed to reload /src/pages/calendar/components/DetailPopup.tsx. This could be due to syntax errors or importing non-existent modules. (see errors above)
[2m16:58:57[22m [31m[1m[vite][22m[39m [31m[2m(client)[22m[39m [2m[console.error] [22m[vite] SyntaxError: The requested module '/src/components/icons/lucideLocal.tsx' does not provide an export named 'LuLink2'
[2m16:58:57[22m [31m[1m[vite][22m[39m [31m[2m(client)[22m[39m [2m[console.error] [22m[vite] Failed to reload /src/pages/calendar/components/LabelSettingsCard.tsx. This could be due to syntax errors or importing non-existent modules. (see errors above)
[2m16:58:57[22m [31m[1m[vite][22m[39m [31m[2m(client)[22m[39m [2m[console.error] [22m[vite] SyntaxError: The requested module '/src/components/icons/lucideLocal.tsx' does not provide an export named 'LuLink2'
[2m16:58:57[22m [31m[1m[vite][22m[39m [31m[2m(client)[22m[39m [2m[console.error] [22m[vite] Failed to reload /src/pages/calendar/components/DayPlanRows.tsx. This could be due to syntax errors or importing non-existent modules. (see errors above)
[2m16:58:57[22m [31m[1m[vite][22m[39m [31m[2m(client)[22m[39m [2m[console.error] [22m[vite] SyntaxError: The requested module '/src/components/icons/lucideLocal.tsx' does not provide an export named 'LuLink2'
[2m16:58:57[22m [31m[1m[vite][22m[39m [31m[2m(client)[22m[39m [2m[console.error] [22m[vite] Failed to reload /src/pages/calendar/components/MiniMonth.tsx. This could be due to syntax errors or importing non-existent modules. (see errors above)
[2m16:58:57[22m [31m[1m[vite][22m[39m [31m[2m(client)[22m[39m [31m[Unhandled error] [1mError[22m: Usesplitview Must Be Used Within Splitviewprovid
[39m > useSplitView src/components/layout/SplitViewContext.tsx:126:20
    124 |  export const useSplitView = () => {
    125 |      const ctx = useContext(SplitViewContext);
    126 |      if (!ctx) throw new Error(t('auto.usesplitview_must_be_used_within_splitviewprovid'));
        |                      ^
    127 |      return ctx;
    128 |  };
 > MainLayoutInner src/components/layout/MainLayout.tsx:631:54
 > Object.react_stack_bottom_frame node_modules/react-dom/cjs/react-dom-client.development.js:25904:19
 > renderWithHooks node_modules/react-dom/cjs/react-dom-client.development.js:7662:21
 > updateFunctionComponent node_modules/react-dom/cjs/react-dom-client.development.js:10166:18
 > beginWork node_modules/react-dom/cjs/react-dom-client.development.js:11778:17
 > runWithFiberInDEV node_modules/react-dom/cjs/react-dom-client.development.js:871:29
 > performUnitOfWork node_modules/react-dom/cjs/react-dom-client.development.js:17641:21
 > workLoopSync node_modules/react-dom/cjs/react-dom-client.development.js:17469:40
 > renderRootSync node_modules/react-dom/cjs/react-dom-client.development.js:17450:10

[2m16:58:57[22m [33m[1m[vite][22m[39m [33m[2m(client)[22m[39m [2m[console.warn] [22mAn error occurred in the <MainLayoutInner> component.

Consider adding an error boundary to your tree to customize error handling behavior.
Visit https://react.dev/link/error-boundaries to learn more about error boundaries.

[2m16:58:57[22m [31m[1m[vite][22m[39m [31m[2m(client)[22m[39m [2m[console.error] [22m[vite] SyntaxError: The requested module '/src/components/icons/lucideLocal.tsx' does not provide an export named 'LuLink2'
[2m16:58:57[22m [31m[1m[vite][22m[39m [31m[2m(client)[22m[39m [2m[console.error] [22m[vite] Failed to reload /src/pages/calendar/components/CreatePopup.tsx. This could be due to syntax errors or importing non-existent modules. (see errors above)
[2m16:58:57[22m [31m[1m[vite][22m[39m [31m[2m(client)[22m[39m [2m[console.error] [22m[vite] SyntaxError: The requested module '/src/components/icons/lucideLocal.tsx' does not provide an export named 'LuLink2'
[2m16:58:57[22m [31m[1m[vite][22m[39m [31m[2m(client)[22m[39m [2m[console.error] [22m[vite] Failed to reload /src/pages/calendar/components/AppointmentDaysPane.tsx. This could be due to syntax errors or importing non-existent modules. (see errors above)
[2m16:58:57[22m [31m[1m[vite][22m[39m [31m[2m(client)[22m[39m [2m[console.error] [22m[vite] SyntaxError: The requested module '/src/components/icons/lucideLocal.tsx' does not provide an export named 'LuLink2'
[2m16:58:57[22m [31m[1m[vite][22m[39m [31m[2m(client)[22m[39m [2m[console.error] [22m[vite] Failed to reload /src/pages/calendar/components/LabelPicker.tsx. This could be due to syntax errors or importing non-existent modules. (see errors above)
[2m16:58:57[22m [31m[1m[vite][22m[39m [31m[2m(client)[22m[39m [2m[console.error] [22m[vite] SyntaxError: The requested module '/src/components/icons/lucideLocal.tsx' does not provide an export named 'LuLink2'
[2m16:58:57[22m [31m[1m[vite][22m[39m [31m[2m(client)[22m[39m [2m[console.error] [22m[vite] Failed to reload /src/pages/calendar/components/PeoplePickerModal.tsx. This could be due to syntax errors or importing non-existent modules. (see errors above)
[2m16:58:57[22m [31m[1m[vite][22m[39m [31m[2m(client)[22m[39m [2m[console.error] [22m[vite] SyntaxError: The requested module '/src/components/icons/lucideLocal.tsx' does not provide an export named 'LuLink2'
[2m16:58:57[22m [31m[1m[vite][22m[39m [31m[2m(client)[22m[39m [2m[console.error] [22m[vite] Failed to reload /src/pages/calendar/components/CustomerPicker.tsx. This could be due to syntax errors or importing non-existent modules. (see errors above)
[2m16:58:57[22m [31m[1m[vite][22m[39m [31m[2m(client)[22m[39m [2m[console.error] [22m[vite] SyntaxError: The requested module '/src/components/icons/lucideLocal.tsx' does not provide an export named 'LuLink2'
[2m16:58:57[22m [31m[1m[vite][22m[39m [31m[2m(client)[22m[39m [2m[console.error] [22m[vite] Failed to reload /src/pages/crm/tasks/TaskBoardBar.tsx. This could be due to syntax errors or importing non-existent modules. (see errors above)
[2m16:58:57[22m [31m[1m[vite][22m[39m [31m[2m(client)[22m[39m [2m[console.error] [22m[vite] SyntaxError: The requested module '/src/components/icons/lucideLocal.tsx' does not provide an export named 'LuLink2'
[2m16:58:57[22m [31m[1m[vite][22m[39m [31m[2m(client)[22m[39m [2m[console.error] [22m[vite] Failed to reload /src/pages/maintenance/MaintenanceShared.tsx. This could be due to syntax errors or importing non-existent modules. (see errors above)
[2m16:58:57[22m [31m[1m[vite][22m[39m [31m[2m(client)[22m[39m [2m[console.error] [22m[vite] SyntaxError: The requested module '/src/components/icons/lucideLocal.tsx' does not provide an export named 'LuLink2'
[2m16:58:57[22m [31m[1m[vite][22m[39m [31m[2m(client)[22m[39m [2m[console.error] [22m[vite] Failed to reload /src/pages/calendar/components/InviteSendPanel.tsx. This could be due to syntax errors or importing non-existent modules. (see errors above)
[2m16:58:57[22m [31m[1m[vite][22m[39m [31m[2m(client)[22m[39m [2m[console.error] [22m[vite] SyntaxError: The requested module '/src/components/icons/lucideLocal.tsx' does not provide an export named 'LuLink2'
[2m16:58:57[22m [31m[1m[vite][22m[39m [31m[2m(client)[22m[39m [2m[console.error] [22m[vite] Failed to reload /src/components/ui-shared/ReportImageUploader.tsx. This could be due to syntax errors or importing non-existent modules. (see errors above)
[2m16:58:57[22m [31m[1m[vite][22m[39m [31m[2m(client)[22m[39m [2m[console.error] [22m[vite] SyntaxError: The requested module '/src/components/icons/lucideLocal.tsx' does not provide an export named 'LuLink2'
[2m16:58:57[22m [31m[1m[vite][22m[39m [31m[2m(client)[22m[39m [2m[console.error] [22m[vite] Failed to reload /src/pages/calendar/components/MailComposePanel.tsx. This could be due to syntax errors or importing non-existent modules. (see errors above)
[2m16:58:57[22m [31m[1m[vite][22m[39m [31m[2m(client)[22m[39m [2m[console.error] [22m[vite] SyntaxError: The requested module '/src/components/icons/lucideLocal.tsx' does not provide an export named 'LuLink2'
[2m16:58:57[22m [31m[1m[vite][22m[39m [31m[2m(client)[22m[39m [2m[console.error] [22m[vite] Failed to reload /src/components/ui-shared/AppointmentDocuments.tsx. This could be due to syntax errors or importing non-existent modules. (see errors above)
[2m16:58:57[22m [31m[1m[vite][22m[39m [31m[2m(client)[22m[39m [2m[console.error] [22m[vite] SyntaxError: The requested module '/src/components/icons/lucideLocal.tsx' does not provide an export named 'LuLink2'
[2m16:58:57[22m [31m[1m[vite][22m[39m [31m[2m(client)[22m[39m [2m[console.error] [22m[vite] Failed to reload /src/pages/crm/tasks/TaskFilterCombo.tsx. This could be due to syntax errors or importing non-existent modules. (see errors above)
[2m16:58:57[22m [31m[1m[vite][22m[39m [31m[2m(client)[22m[39m [2m[console.error] [22m[vite] SyntaxError: The requested module '/src/components/icons/lucideLocal.tsx' does not provide an export named 'LuLink2'
[2m16:58:57[22m [31m[1m[vite][22m[39m [31m[2m(client)[22m[39m [2m[console.error] [22m[vite] Failed to reload /src/components/ui-shared/DangerConfirmDialog.tsx. This could be due to syntax errors or importing non-existent modules. (see errors above)
[2m16:58:57[22m [31m[1m[vite][22m[39m [31m[2m(client)[22m[39m [2m[console.error] [22m[vite] SyntaxError: The requested module '/src/components/icons/lucideLocal.tsx' does not provide an export named 'LuLink2'
[2m16:58:57[22m [31m[1m[vite][22m[39m [31m[2m(client)[22m[39m [2m[console.error] [22m[vite] Failed to reload /src/pages/inventory/components/ArticleListView.tsx. This could be due to syntax errors or importing non-existent modules. (see errors above)
[2m16:58:57[22m [31m[1m[vite][22m[39m [31m[2m(client)[22m[39m [2m[console.error] [22m[vite] SyntaxError: The requested module '/src/components/icons/lucideLocal.tsx' does not provide an export named 'LuLink2'
[2m16:58:57[22m [31m[1m[vite][22m[39m [31m[2m(client)[22m[39m [2m[console.error] [22m[vite] Failed to reload /src/pages/inventory/detail/ArticleImagePanel.tsx. This could be due to syntax errors or importing non-existent modules. (see errors above)
[2m16:58:57[22m [31m[1m[vite][22m[39m [31m[2m(client)[22m[39m [2m[console.error] [22m[vite] SyntaxError: The requested module '/src/components/icons/lucideLocal.tsx' does not provide an export named 'LuLink2'
[2m16:58:57[22m [31m[1m[vite][22m[39m [31m[2m(client)[22m[39m [2m[console.error] [22m[vite] Failed to reload /src/pages/inventory/detail/ArticleDetailView.tsx. This could be due to syntax errors or importing non-existent modules. (see errors above)
[2m16:58:57[22m [31m[1m[vite][22m[39m [31m[2m(client)[22m[39m [2m[console.error] [22m[vite] SyntaxError: The requested module '/src/components/icons/lucideLocal.tsx' does not provide an export named 'LuLink2'
[2m16:58:57[22m [31m[1m[vite][22m[39m [31m[2m(client)[22m[39m [2m[console.error] [22m[vite] Failed to reload /src/pages/inventory/detail/ArticleMovementsView.tsx. This could be due to syntax errors or importing non-existent modules. (see errors above)
[2m16:58:57[22m [31m[1m[vite][22m[39m [31m[2m(client)[22m[39m [2m[console.error] [22m[vite] SyntaxError: The requested module '/src/components/icons/lucideLocal.tsx' does not provide an export named 'LuLink2'
[2m16:58:57[22m [31m[1m[vite][22m[39m [31m[2m(client)[22m[39m [2m[console.error] [22m[vite] Failed to reload /src/pages/inventory/detail/ArticleSuppliersView.tsx. This could be due to syntax errors or importing non-existent modules. (see errors above)
[2m16:58:57[22m [31m[1m[vite][22m[39m [31m[2m(client)[22m[39m [2m[console.error] [22m[vite] SyntaxError: The requested module '/src/components/icons/lucideLocal.tsx' does not provide an export named 'LuLink2'
[2m16:58:57[22m [31m[1m[vite][22m[39m [31m[2m(client)[22m[39m [2m[console.error] [22m[vite] Failed to reload /src/pages/Login.tsx. This could be due to syntax errors or importing non-existent modules. (see errors above)
[2m16:58:57[22m [31m[1m[vite][22m[39m [31m[2m(client)[22m[39m [2m[console.error] [22m[vite] SyntaxError: The requested module '/src/components/icons/lucideLocal.tsx' does not provide an export named 'LuLink2'
[2m16:58:57[22m [31m[1m[vite][22m[39m [31m[2m(client)[22m[39m [2m[console.error] [22m[vite] Failed to reload /src/components/ui-shared/UnitSelect.tsx. This could be due to syntax errors or importing non-existent modules. (see errors above)
[2m16:58:57[22m [31m[1m[vite][22m[39m [31m[2m(client)[22m[39m [2m[console.error] [22m[vite] SyntaxError: The requested module '/src/components/icons/lucideLocal.tsx' does not provide an export named 'LuLink2'
[2m16:58:57[22m [31m[1m[vite][22m[39m [31m[2m(client)[22m[39m [2m[console.error] [22m[vite] Failed to reload /src/pages/settings/authorization/AuthorizationPage.tsx. This could be due to syntax errors or importing non-existent modules. (see errors above)
[2m16:58:57[22m [31m[1m[vite][22m[39m [31m[2m(client)[22m[39m [2m[console.error] [22m[vite] SyntaxError: The requested module '/src/components/icons/lucideLocal.tsx' does not provide an export named 'LuLink2'
[2m16:58:57[22m [31m[1m[vite][22m[39m [31m[2m(client)[22m[39m [2m[console.error] [22m[vite] Failed to reload /src/pages/Login.tsx. This could be due to syntax errors or importing non-existent modules. (see errors above)
[2m16:58:57[22m [31m[1m[vite][22m[39m [31m[2m(client)[22m[39m [2m[console.error] [22m[vite] SyntaxError: The requested module '/src/components/icons/lucideLocal.tsx' does not provide an export named 'LuLink2'
[2m16:58:57[22m [31m[1m[vite][22m[39m [31m[2m(client)[22m[39m [2m[console.error] [22m[vite] Failed to reload /src/components/layout/RequestsAppsMenu.tsx. This could be due to syntax errors or importing non-existent modules. (see errors above)
[2m16:58:57[22m [31m[1m[vite][22m[39m [31m[2m(client)[22m[39m [2m[console.error] [22m[vite] SyntaxError: The requested module '/src/components/icons/lucideLocal.tsx' does not provide an export named 'LuLink2'
[2m16:58:57[22m [31m[1m[vite][22m[39m [31m[2m(client)[22m[39m [2m[console.error] [22m[vite] Failed to reload /src/components/ui-shared/LanguageSwitcher.tsx. This could be due to syntax errors or importing non-existent modules. (see errors above)
[2m16:58:57[22m [31m[1m[vite][22m[39m [31m[2m(client)[22m[39m [2m[console.error] [22m[vite] SyntaxError: The requested module '/src/components/icons/lucideLocal.tsx' does not provide an export named 'LuLink2'
[2m16:58:57[22m [31m[1m[vite][22m[39m [31m[2m(client)[22m[39m [2m[console.error] [22m[vite] Failed to reload /src/pages/crm/components/ReminderToasts.tsx. This could be due to syntax errors or importing non-existent modules. (see errors above)
[2m16:58:57[22m [31m[1m[vite][22m[39m [31m[2m(client)[22m[39m [2m[console.error] [22m[vite] SyntaxError: The requested module '/src/components/icons/lucideLocal.tsx' does not provide an export named 'LuLink2'
[2m16:58:57[22m [31m[1m[vite][22m[39m [31m[2m(client)[22m[39m [2m[console.error] [22m[vite] Failed to reload /src/components/ui-shared/TableKit.tsx. This could be due to syntax errors or importing non-existent modules. (see errors above)
[2m16:58:57[22m [31m[1m[vite][22m[39m [31m[2m(client)[22m[39m [2m[console.error] [22m[vite] SyntaxError: The requested module '/src/components/icons/lucideLocal.tsx' does not provide an export named 'LuLink2'
[2m16:58:57[22m [31m[1m[vite][22m[39m [31m[2m(client)[22m[39m [2m[console.error] [22m[vite] Failed to reload /src/pages/project/features/components/detail/ProjectDetailHeader.tsx. This could be due to syntax errors or importing non-existent modules. (see errors above)
[2m16:58:57[22m [31m[1m[vite][22m[39m [31m[2m(client)[22m[39m [2m[console.error] [22m[vite] SyntaxError: The requested module '/src/components/icons/lucideLocal.tsx' does not provide an export named 'LuLink2'
[2m16:58:57[22m [31m[1m[vite][22m[39m [31m[2m(client)[22m[39m [2m[console.error] [22m[vite] Failed to reload /src/pages/project/features/components/detail/ProjectTopNav.tsx. This could be due to syntax errors or importing non-existent modules. (see errors above)
[2m16:58:57[22m [31m[1m[vite][22m[39m [31m[2m(client)[22m[39m [2m[console.error] [22m[vite] SyntaxError: The requested module '/src/components/icons/lucideLocal.tsx' does not provide an export named 'LuLink2'
[2m16:58:57[22m [31m[1m[vite][22m[39m [31m[2m(client)[22m[39m [2m[console.error] [22m[vite] Failed to reload /src/pages/project/features/components/detail/tabs/overview/OverviewPieCharts.tsx. This could be due to syntax errors or importing non-existent modules. (see errors above)
[2m16:58:57[22m [31m[1m[vite][22m[39m [31m[2m(client)[22m[39m [2m[console.error] [22m[vite] SyntaxError: The requested module '/src/components/icons/lucideLocal.tsx' does not provide an export named 'LuLink2'
[2m16:58:57[22m [31m[1m[vite][22m[39m [31m[2m(client)[22m[39m [2m[console.error] [22m[vite] Failed to reload /src/pages/project/features/components/detail/tabs/overview/DeliveryStatusBox.tsx. This could be due to syntax errors or importing non-existent modules. (see errors above)
[2m16:58:57[22m [31m[1m[vite][22m[39m [31m[2m(client)[22m[39m [2m[console.error] [22m[vite] SyntaxError: The requested module '/src/components/icons/lucideLocal.tsx' does not provide an export named 'LuLink2'
[2m16:58:57[22m [31m[1m[vite][22m[39m [31m[2m(client)[22m[39m [2m[console.error] [22m[vite] Failed to reload /src/pages/project/features/components/detail/tabs/overview/OrderNotifications.tsx. This could be due to syntax errors or importing non-existent modules. (see errors above)
[2m16:58:57[22m [31m[1m[vite][22m[39m [31m[2m(client)[22m[39m [2m[console.error] [22m[vite] SyntaxError: The requested module '/src/components/icons/lucideLocal.tsx' does not provide an export named 'LuLink2'
[2m16:58:57[22m [31m[1m[vite][22m[39m [31m[2m(client)[22m[39m [2m[console.error] [22m[vite] Failed to reload /src/pages/project/features/components/detail/tabs/overview/CardLink.tsx. This could be due to syntax errors or importing non-existent modules. (see errors above)
[2m16:58:57[22m [31m[1m[vite][22m[39m [31m[2m(client)[22m[39m [2m[console.error] [22m[vite] SyntaxError: The requested module '/src/components/icons/lucideLocal.tsx' does not provide an export named 'LuLink2'
[2m16:58:57[22m [31m[1m[vite][22m[39m [31m[2m(client)[22m[39m [2m[console.error] [22m[vite] Failed to reload /src/components/ui-shared/PopupKit.tsx. This could be due to syntax errors or importing non-existent modules. (see errors above)
[2m16:58:57[22m [31m[1m[vite][22m[39m [31m[2m(client)[22m[39m [2m[console.error] [22m[vite] SyntaxError: The requested module '/src/components/icons/lucideLocal.tsx' does not provide an export named 'LuLink2'
[2m16:58:57[22m [31m[1m[vite][22m[39m [31m[2m(client)[22m[39m [2m[console.error] [22m[vite] Failed to reload /src/pages/inventory/components/BottomSheet.tsx. This could be due to syntax errors or importing non-existent modules. (see errors above)
[2m16:58:57[22m [31m[1m[vite][22m[39m [31m[2m(client)[22m[39m [2m[console.error] [22m[vite] SyntaxError: The requested module '/src/components/icons/lucideLocal.tsx' does not provide an export named 'LuLink2'
[2m16:58:57[22m [31m[1m[vite][22m[39m [31m[2m(client)[22m[39m [2m[console.error] [22m[vite] Failed to reload /src/pages/calendar/components/FloatingCard.tsx. This could be due to syntax errors or importing non-existent modules. (see errors above)
[2m16:58:58[22m [31m[1m[vite][22m[39m [31m[2m(client)[22m[39m [2m[console.error] [22m[vite] SyntaxError: The requested module '/src/components/icons/lucideLocal.tsx' does not provide an export named 'LuLink2'
[2m16:58:58[22m [31m[1m[vite][22m[39m [31m[2m(client)[22m[39m [2m[console.error] [22m[vite] Failed to reload /src/pages/calendar/components/shells.tsx. This could be due to syntax errors or importing non-existent modules. (see errors above)
[2m16:58:58[22m [31m[1m[vite][22m[39m [31m[2m(client)[22m[39m [2m[console.error] [22m[vite] SyntaxError: The requested module '/src/components/icons/lucideLocal.tsx' does not provide an export named 'LuLink2'
[2m16:58:58[22m [31m[1m[vite][22m[39m [31m[2m(client)[22m[39m [2m[console.error] [22m[vite] Failed to reload /src/pages/sales/detail/components/common/QuoteDatePicker.tsx. This could be due to syntax errors or importing non-existent modules. (see errors above)
[2m16:58:58[22m [31m[1m[vite][22m[39m [31m[2m(client)[22m[39m [2m[console.error] [22m[vite] SyntaxError: The requested module '/src/components/icons/lucideLocal.tsx' does not provide an export named 'LuLink2'
[2m16:58:58[22m [31m[1m[vite][22m[39m [31m[2m(client)[22m[39m [2m[console.error] [22m[vite] Failed to reload /src/pages/sales/detail/components/customer/TenderCustomerCard.tsx. This could be due to syntax errors or importing non-existent modules. (see errors above)
[2m16:58:58[22m [31m[1m[vite][22m[39m [31m[2m(client)[22m[39m [2m[console.error] [22m[vite] SyntaxError: The requested module '/src/components/icons/lucideLocal.tsx' does not provide an export named 'LuLink2'
[2m16:58:58[22m [31m[1m[vite][22m[39m [31m[2m(client)[22m[39m [2m[console.error] [22m[vite] Failed to reload /src/pages/sales/detail/components/TenderDetailHeader.tsx. This could be due to syntax errors or importing non-existent modules. (see errors above)
[2m16:58:58[22m [31m[1m[vite][22m[39m [31m[2m(client)[22m[39m [2m[console.error] [22m[vite] SyntaxError: The requested module '/src/components/icons/lucideLocal.tsx' does not provide an export named 'LuLink2'
[2m16:58:58[22m [31m[1m[vite][22m[39m [31m[2m(client)[22m[39m [2m[console.error] [22m[vite] Failed to reload /src/pages/sales/detail/components/customer/TenderCustomerSection.tsx. This could be due to syntax errors or importing non-existent modules. (see errors above)
[2m16:58:58[22m [31m[1m[vite][22m[39m [31m[2m(client)[22m[39m [2m[console.error] [22m[vite] SyntaxError: The requested module '/src/components/icons/lucideLocal.tsx' does not provide an export named 'LuLink2'
[2m16:58:58[22m [31m[1m[vite][22m[39m [31m[2m(client)[22m[39m [2m[console.error] [22m[vite] Failed to reload /src/pages/sales/detail/components/info/TenderCurrencySelect.tsx. This could be due to syntax errors or importing non-existent modules. (see errors above)
[2m16:58:58[22m [31m[1m[vite][22m[39m [31m[2m(client)[22m[39m [2m[console.error] [22m[vite] SyntaxError: The requested module '/src/components/icons/lucideLocal.tsx' does not provide an export named 'LuLink2'
[2m16:58:58[22m [31m[1m[vite][22m[39m [31m[2m(client)[22m[39m [2m[console.error] [22m[vite] Failed to reload /src/pages/sales/detail/components/address/TenderAddressSection.tsx. This could be due to syntax errors or importing non-existent modules. (see errors above)
[2m16:58:58[22m [31m[1m[vite][22m[39m [31m[2m(client)[22m[39m [2m[console.error] [22m[vite] SyntaxError: The requested module '/src/components/icons/lucideLocal.tsx' does not provide an export named 'LuLink2'
[2m16:58:58[22m [31m[1m[vite][22m[39m [31m[2m(client)[22m[39m [2m[console.error] [22m[vite] Failed to reload /src/pages/sales/detail/components/common/QuoteSelect.tsx. This could be due to syntax errors or importing non-existent modules. (see errors above)
[2m16:58:58[22m [31m[1m[vite][22m[39m [31m[2m(client)[22m[39m [2m[console.error] [22m[vite] SyntaxError: The requested module '/src/components/icons/lucideLocal.tsx' does not provide an export named 'LuLink2'
[2m16:58:58[22m [31m[1m[vite][22m[39m [31m[2m(client)[22m[39m [2m[console.error] [22m[vite] Failed to reload /src/pages/sales/detail/components/TenderSettingsMenu.tsx. This could be due to syntax errors or importing non-existent modules. (see errors above)
[2m16:58:58[22m [31m[1m[vite][22m[39m [31m[2m(client)[22m[39m [2m[console.error] [22m[vite] SyntaxError: The requested module '/src/components/icons/lucideLocal.tsx' does not provide an export named 'LuLink2'
[2m16:58:58[22m [31m[1m[vite][22m[39m [31m[2m(client)[22m[39m [2m[console.error] [22m[vite] Failed to reload /src/components/ui-shared/BottomSheet.tsx. This could be due to syntax errors or importing non-existent modules. (see errors above)
[2m16:58:58[22m [31m[1m[vite][22m[39m [31m[2m(client)[22m[39m [2m[console.error] [22m[vite] SyntaxError: The requested module '/src/components/icons/lucideLocal.tsx' does not provide an export named 'LuLink2'
[2m16:58:58[22m [31m[1m[vite][22m[39m [31m[2m(client)[22m[39m [2m[console.error] [22m[vite] Failed to reload /src/pages/personnel/PersonnelListPage.tsx. This could be due to syntax errors or importing non-existent modules. (see errors above)
[2m16:58:58[22m [31m[1m[vite][22m[39m [31m[2m(client)[22m[39m [2m[console.error] [22m[vite] SyntaxError: The requested module '/src/components/icons/lucideLocal.tsx' does not provide an export named 'LuLink2'
[2m16:58:58[22m [31m[1m[vite][22m[39m [31m[2m(client)[22m[39m [2m[console.error] [22m[vite] Failed to reload /src/pages/personnel/components/PersonnelSheet.tsx. This could be due to syntax errors or importing non-existent modules. (see errors above)
[2m16:58:58[22m [31m[1m[vite][22m[39m [31m[2m(client)[22m[39m [2m[console.error] [22m[vite] SyntaxError: The requested module '/src/components/icons/lucideLocal.tsx' does not provide an export named 'LuLink2'
[2m16:58:58[22m [31m[1m[vite][22m[39m [31m[2m(client)[22m[39m [2m[console.error] [22m[vite] Failed to reload /src/pages/calendar/components/LabelRail.tsx. This could be due to syntax errors or importing non-existent modules. (see errors above)
[2m16:58:58[22m [31m[1m[vite][22m[39m [31m[2m(client)[22m[39m [2m[console.error] [22m[vite] SyntaxError: The requested module '/src/components/icons/lucideLocal.tsx' does not provide an export named 'LuLink2'
[2m16:58:58[22m [31m[1m[vite][22m[39m [31m[2m(client)[22m[39m [2m[console.error] [22m[vite] Failed to reload /src/pages/calendar/components/LabelSettingsCard.tsx. This could be due to syntax errors or importing non-existent modules. (see errors above)
[2m16:58:58[22m [31m[1m[vite][22m[39m [31m[2m(client)[22m[39m [2m[console.error] [22m[vite] SyntaxError: The requested module '/src/components/icons/lucideLocal.tsx' does not provide an export named 'LuLink2'
[2m16:58:58[22m [31m[1m[vite][22m[39m [31m[2m(client)[22m[39m [2m[console.error] [22m[vite] Failed to reload /src/pages/calendar/components/DayPlanRows.tsx. This could be due to syntax errors or importing non-existent modules. (see errors above)
[2m16:58:58[22m [31m[1m[vite][22m[39m [31m[2m(client)[22m[39m [2m[console.error] [22m[vite] SyntaxError: The requested module '/src/components/icons/lucideLocal.tsx' does not provide an export named 'LuLink2'
[2m16:58:58[22m [31m[1m[vite][22m[39m [31m[2m(client)[22m[39m [2m[console.error] [22m[vite] Failed to reload /src/pages/calendar/components/PeoplePickerModal.tsx. This could be due to syntax errors or importing non-existent modules. (see errors above)
[2m16:58:58[22m [31m[1m[vite][22m[39m [31m[2m(client)[22m[39m [2m[console.error] [22m[vite] SyntaxError: The requested module '/src/components/icons/lucideLocal.tsx' does not provide an export named 'LuLink2'
[2m16:58:58[22m [31m[1m[vite][22m[39m [31m[2m(client)[22m[39m [2m[console.error] [22m[vite] Failed to reload /src/pages/calendar/components/CustomerPicker.tsx. This could be due to syntax errors or importing non-existent modules. (see errors above)
[2m16:58:58[22m [31m[1m[vite][22m[39m [31m[2m(client)[22m[39m [2m[console.error] [22m[vite] SyntaxError: The requested module '/src/components/icons/lucideLocal.tsx' does not provide an export named 'LuLink2'
[2m16:58:58[22m [31m[1m[vite][22m[39m [31m[2m(client)[22m[39m [2m[console.error] [22m[vite] Failed to reload /src/pages/calendar/components/LabelPicker.tsx. This could be due to syntax errors or importing non-existent modules. (see errors above)
[2m16:58:58[22m [31m[1m[vite][22m[39m [31m[2m(client)[22m[39m [2m[console.error] [22m[vite] SyntaxError: The requested module '/src/components/icons/lucideLocal.tsx' does not provide an export named 'LuLink2'
[2m16:58:58[22m [31m[1m[vite][22m[39m [31m[2m(client)[22m[39m [2m[console.error] [22m[vite] Failed to reload /src/components/ui-shared/ReportImageUploader.tsx. This could be due to syntax errors or importing non-existent modules. (see errors above)
[2m16:58:58[22m [31m[1m[vite][22m[39m [31m[2m(client)[22m[39m [2m[console.error] [22m[vite] SyntaxError: The requested module '/src/components/icons/lucideLocal.tsx' does not provide an export named 'LuLink2'
[2m16:58:58[22m [31m[1m[vite][22m[39m [31m[2m(client)[22m[39m [2m[console.error] [22m[vite] Failed to reload /src/pages/calendar/components/MailComposePanel.tsx. This could be due to syntax errors or importing non-existent modules. (see errors above)
[2m16:58:58[22m [31m[1m[vite][22m[39m [31m[2m(client)[22m[39m [2m[console.error] [22m[vite] SyntaxError: The requested module '/src/components/icons/lucideLocal.tsx' does not provide an export named 'LuLink2'
[2m16:58:58[22m [31m[1m[vite][22m[39m [31m[2m(client)[22m[39m [2m[console.error] [22m[vite] Failed to reload /src/pages/crm/tasks/TaskFilterCombo.tsx. This could be due to syntax errors or importing non-existent modules. (see errors above)
[2m16:58:58[22m [31m[1m[vite][22m[39m [31m[2m(client)[22m[39m [2m[console.error] [22m[vite] SyntaxError: The requested module '/src/components/icons/lucideLocal.tsx' does not provide an export named 'LuLink2'
[2m16:58:58[22m [31m[1m[vite][22m[39m [31m[2m(client)[22m[39m [2m[console.error] [22m[vite] Failed to reload /src/pages/inventory/components/ArticleListView.tsx. This could be due to syntax errors or importing non-existent modules. (see errors above)
[2m16:58:58[22m [31m[1m[vite][22m[39m [31m[2m(client)[22m[39m [2m[console.error] [22m[vite] SyntaxError: The requested module '/src/components/icons/lucideLocal.tsx' does not provide an export named 'LuLink2'
[2m16:58:58[22m [31m[1m[vite][22m[39m [31m[2m(client)[22m[39m [2m[console.error] [22m[vite] Failed to reload /src/components/ui-shared/DangerConfirmDialog.tsx. This could be due to syntax errors or importing non-existent modules. (see errors above)
[2m16:58:58[22m [31m[1m[vite][22m[39m [31m[2m(client)[22m[39m [2m[console.error] [22m[vite] SyntaxError: The requested module '/src/components/icons/lucideLocal.tsx' does not provide an export named 'LuLink2'
[2m16:58:58[22m [31m[1m[vite][22m[39m [31m[2m(client)[22m[39m [2m[console.error] [22m[vite] Failed to reload /src/pages/inventory/detail/ArticleDetailView.tsx. This could be due to syntax errors or importing non-existent modules. (see errors above)
[2m16:58:58[22m [31m[1m[vite][22m[39m [31m[2m(client)[22m[39m [2m[console.error] [22m[vite] SyntaxError: The requested module '/src/components/icons/lucideLocal.tsx' does not provide an export named 'LuLink2'
[2m16:58:58[22m [31m[1m[vite][22m[39m [31m[2m(client)[22m[39m [2m[console.error] [22m[vite] Failed to reload /src/App.tsx. This could be due to syntax errors or importing non-existent modules. (see errors above)
[2m16:58:58[22m [31m[1m[vite][22m[39m [31m[2m(client)[22m[39m [2m[console.error] [22m[vite] SyntaxError: The requested module '/src/components/icons/lucideLocal.tsx' does not provide an export named 'LuLink2'
[2m16:58:58[22m [31m[1m[vite][22m[39m [31m[2m(client)[22m[39m [2m[console.error] [22m[vite] Failed to reload /src/components/layout/MainLayout.tsx. This could be due to syntax errors or importing non-existent modules. (see errors above)
[2m16:58:58[22m [31m[1m[vite][22m[39m [31m[2m(client)[22m[39m [2m[console.error] [22m[vite] SyntaxError: The requested module '/src/components/icons/lucideLocal.tsx' does not provide an export named 'LuLink2'
[2m16:58:58[22m [31m[1m[vite][22m[39m [31m[2m(client)[22m[39m [2m[console.error] [22m[vite] Failed to reload /src/pages/project/features/components/detail/tabs/overview/AddonOrdersBox.tsx. This could be due to syntax errors or importing non-existent modules. (see errors above)
[2m16:58:58[22m [31m[1m[vite][22m[39m [31m[2m(client)[22m[39m [2m[console.error] [22m[vite] SyntaxError: The requested module '/src/components/icons/lucideLocal.tsx' does not provide an export named 'LuLink2'
[2m16:58:58[22m [31m[1m[vite][22m[39m [31m[2m(client)[22m[39m [2m[console.error] [22m[vite] Failed to reload /src/pages/project/Projects.tsx. This could be due to syntax errors or importing non-existent modules. (see errors above)
[2m16:58:58[22m [31m[1m[vite][22m[39m [31m[2m(client)[22m[39m [2m[console.error] [22m[vite] SyntaxError: The requested module '/src/components/icons/lucideLocal.tsx' does not provide an export named 'LuLink2'
[2m16:58:58[22m [31m[1m[vite][22m[39m [31m[2m(client)[22m[39m [2m[console.error] [22m[vite] Failed to reload /src/pages/sales/TenderDetail.tsx. This could be due to syntax errors or importing non-existent modules. (see errors above)
[2m16:58:58[22m [31m[1m[vite][22m[39m [31m[2m(client)[22m[39m [2m[console.error] [22m[vite] SyntaxError: The requested module '/src/components/icons/lucideLocal.tsx' does not provide an export named 'LuLink2'
[2m16:58:58[22m [31m[1m[vite][22m[39m [31m[2m(client)[22m[39m [2m[console.error] [22m[vite] Failed to reload /src/pages/sales/detail/popups/ImportOrdersPopup.tsx. This could be due to syntax errors or importing non-existent modules. (see errors above)
[2m16:58:58[22m [31m[1m[vite][22m[39m [31m[2m(client)[22m[39m [2m[console.error] [22m[vite] SyntaxError: The requested module '/src/components/icons/lucideLocal.tsx' does not provide an export named 'LuLink2'
[2m16:58:58[22m [31m[1m[vite][22m[39m [31m[2m(client)[22m[39m [2m[console.error] [22m[vite] Failed to reload /src/pages/crm/tasks/TaskCompletionCard.tsx. This could be due to syntax errors or importing non-existent modules. (see errors above)
[2m16:58:58[22m [31m[1m[vite][22m[39m [31m[2m(client)[22m[39m [2m[console.error] [22m[vite] SyntaxError: The requested module '/src/components/icons/lucideLocal.tsx' does not provide an export named 'LuLink2'
[2m16:58:58[22m [31m[1m[vite][22m[39m [31m[2m(client)[22m[39m [2m[console.error] [22m[vite] Failed to reload /src/pages/crm/CustomerCreateModal.tsx. This could be due to syntax errors or importing non-existent modules. (see errors above)
[2m16:58:58[22m [31m[1m[vite][22m[39m [31m[2m(client)[22m[39m [2m[console.error] [22m[vite] SyntaxError: The requested module '/src/components/icons/lucideLocal.tsx' does not provide an export named 'LuLink2'
[2m16:58:58[22m [31m[1m[vite][22m[39m [31m[2m(client)[22m[39m [2m[console.error] [22m[vite] Failed to reload /src/pages/crm/CustomerDashboard.tsx. This could be due to syntax errors or importing non-existent modules. (see errors above)
[2m16:58:58[22m [31m[1m[vite][22m[39m [31m[2m(client)[22m[39m [2m[console.error] [22m[vite] SyntaxError: The requested module '/src/components/icons/lucideLocal.tsx' does not provide an export named 'LuLink2'
[2m16:58:58[22m [31m[1m[vite][22m[39m [31m[2m(client)[22m[39m [2m[console.error] [22m[vite] Failed to reload /src/pages/personnel/components/StaffQrSheet.tsx. This could be due to syntax errors or importing non-existent modules. (see errors above)
[2m16:58:58[22m [31m[1m[vite][22m[39m [31m[2m(client)[22m[39m [2m[console.error] [22m[vite] SyntaxError: The requested module '/src/components/icons/lucideLocal.tsx' does not provide an export named 'LuLink2'
[2m16:58:58[22m [31m[1m[vite][22m[39m [31m[2m(client)[22m[39m [2m[console.error] [22m[vite] Failed to reload /src/pages/personnel/components/StaffCreateSheet.tsx. This could be due to syntax errors or importing non-existent modules. (see errors above)
[2m16:58:58[22m [31m[1m[vite][22m[39m [31m[2m(client)[22m[39m [2m[console.error] [22m[vite] SyntaxError: The requested module '/src/components/icons/lucideLocal.tsx' does not provide an export named 'LuLink2'
[2m16:58:58[22m [31m[1m[vite][22m[39m [31m[2m(client)[22m[39m [2m[console.error] [22m[vite] Failed to reload /src/pages/calendar/components/DetailPopup.tsx. This could be due to syntax errors or importing non-existent modules. (see errors above)
[2m16:58:58[22m [31m[1m[vite][22m[39m [31m[2m(client)[22m[39m [2m[console.error] [22m[vite] SyntaxError: The requested module '/src/components/icons/lucideLocal.tsx' does not provide an export named 'LuLink2'
[2m16:58:58[22m [31m[1m[vite][22m[39m [31m[2m(client)[22m[39m [2m[console.error] [22m[vite] Failed to reload /src/pages/calendar/components/CreatePopup.tsx. This could be due to syntax errors or importing non-existent modules. (see errors above)
[2m16:58:58[22m [31m[1m[vite][22m[39m [31m[2m(client)[22m[39m [2m[console.error] [22m[vite] SyntaxError: The requested module '/src/components/icons/lucideLocal.tsx' does not provide an export named 'LuLink2'
[2m16:58:58[22m [31m[1m[vite][22m[39m [31m[2m(client)[22m[39m [2m[console.error] [22m[vite] Failed to reload /src/pages/calendar/components/MiniMonth.tsx. This could be due to syntax errors or importing non-existent modules. (see errors above)
[2m16:58:58[22m [31m[1m[vite][22m[39m [31m[2m(client)[22m[39m [2m[console.error] [22m[vite] SyntaxError: The requested module '/src/components/icons/lucideLocal.tsx' does not provide an export named 'LuLink2'
[2m16:58:58[22m [31m[1m[vite][22m[39m [31m[2m(client)[22m[39m [2m[console.error] [22m[vite] Failed to reload /src/pages/calendar/components/AppointmentDaysPane.tsx. This could be due to syntax errors or importing non-existent modules. (see errors above)
[2m16:58:58[22m [31m[1m[vite][22m[39m [31m[2m(client)[22m[39m [2m[console.error] [22m[vite] SyntaxError: The requested module '/src/components/icons/lucideLocal.tsx' does not provide an export named 'LuLink2'
[2m16:58:58[22m [31m[1m[vite][22m[39m [31m[2m(client)[22m[39m [2m[console.error] [22m[vite] Failed to reload /src/pages/maintenance/MaintenanceShared.tsx. This could be due to syntax errors or importing non-existent modules. (see errors above)
[2m16:58:58[22m [31m[1m[vite][22m[39m [31m[2m(client)[22m[39m [2m[console.error] [22m[vite] SyntaxError: The requested module '/src/components/icons/lucideLocal.tsx' does not provide an export named 'LuLink2'
[2m16:58:58[22m [31m[1m[vite][22m[39m [31m[2m(client)[22m[39m [2m[console.error] [22m[vite] Failed to reload /src/pages/calendar/components/InviteSendPanel.tsx. This could be due to syntax errors or importing non-existent modules. (see errors above)
[2m16:58:58[22m [31m[1m[vite][22m[39m [31m[2m(client)[22m[39m [2m[console.error] [22m[vite] SyntaxError: The requested module '/src/components/icons/lucideLocal.tsx' does not provide an export named 'LuLink2'
[2m16:58:58[22m [31m[1m[vite][22m[39m [31m[2m(client)[22m[39m [2m[console.error] [22m[vite] Failed to reload /src/components/ui-shared/AppointmentDocuments.tsx. This could be due to syntax errors or importing non-existent modules. (see errors above)
[2m16:58:58[22m [31m[1m[vite][22m[39m [31m[2m(client)[22m[39m [2m[console.error] [22m[vite] SyntaxError: The requested module '/src/components/icons/lucideLocal.tsx' does not provide an export named 'LuLink2'
[2m16:58:58[22m [31m[1m[vite][22m[39m [31m[2m(client)[22m[39m [2m[console.error] [22m[vite] Failed to reload /src/pages/inventory/detail/ArticleImagePanel.tsx. This could be due to syntax errors or importing non-existent modules. (see errors above)
[2m16:58:58[22m [31m[1m[vite][22m[39m [31m[2m(client)[22m[39m [2m[console.error] [22m[vite] SyntaxError: The requested module '/src/components/icons/lucideLocal.tsx' does not provide an export named 'LuLink2'
[2m16:58:58[22m [31m[1m[vite][22m[39m [31m[2m(client)[22m[39m [2m[console.error] [22m[vite] Failed to reload /src/pages/inventory/detail/ArticleSuppliersView.tsx. This could be due to syntax errors or importing non-existent modules. (see errors above)
[2m16:58:58[22m [31m[1m[vite][22m[39m [31m[2m(client)[22m[39m [2m[console.error] [22m[vite] SyntaxError: The requested module '/src/components/icons/lucideLocal.tsx' does not provide an export named 'LuLink2'
[2m16:58:58[22m [31m[1m[vite][22m[39m [31m[2m(client)[22m[39m [2m[console.error] [22m[vite] Failed to reload /src/pages/settings/authorization/AuthorizationPage.tsx. This could be due to syntax errors or importing non-existent modules. (see errors above)
[2m16:58:58[22m [31m[1m[vite][22m[39m [31m[2m(client)[22m[39m [2m[console.error] [22m[vite] SyntaxError: The requested module '/src/components/icons/lucideLocal.tsx' does not provide an export named 'LuLink2'
[2m16:58:58[22m [31m[1m[vite][22m[39m [31m[2m(client)[22m[39m [2m[console.error] [22m[vite] Failed to reload /src/main.tsx. This could be due to syntax errors or importing non-existent modules. (see errors above)
[2m16:58:58[22m [31m[1m[vite][22m[39m [31m[2m(client)[22m[39m [2m[console.error] [22m[vite] SyntaxError: The requested module '/src/components/icons/lucideLocal.tsx' does not provide an export named 'LuLink2'
[2m16:58:58[22m [31m[1m[vite][22m[39m [31m[2m(client)[22m[39m [2m[console.error] [22m[vite] Failed to reload /src/components/pdf/PdfPreviewSheet.tsx. This could be due to syntax errors or importing non-existent modules. (see errors above)
[2m16:58:58[22m [31m[1m[vite][22m[39m [31m[2m(client)[22m[39m [2m[console.error] [22m[vite] SyntaxError: The requested module '/src/components/icons/lucideLocal.tsx' does not provide an export named 'LuLink2'
[2m16:58:58[22m [31m[1m[vite][22m[39m [31m[2m(client)[22m[39m [2m[console.error] [22m[vite] Failed to reload /src/pages/sales/TenderList.tsx. This could be due to syntax errors or importing non-existent modules. (see errors above)
[2m16:58:58[22m [31m[1m[vite][22m[39m [31m[2m(client)[22m[39m [2m[console.error] [22m[vite] SyntaxError: The requested module '/src/components/icons/lucideLocal.tsx' does not provide an export named 'LuLink2'
[2m16:58:58[22m [31m[1m[vite][22m[39m [31m[2m(client)[22m[39m [2m[console.error] [22m[vite] Failed to reload /src/pages/crm/components/StaffMultiCombo.tsx. This could be due to syntax errors or importing non-existent modules. (see errors above)
[2m16:58:58[22m [31m[1m[vite][22m[39m [31m[2m(client)[22m[39m [2m[console.error] [22m[vite] SyntaxError: The requested module '/src/components/icons/lucideLocal.tsx' does not provide an export named 'LuLink2'
[2m16:58:58[22m [31m[1m[vite][22m[39m [31m[2m(client)[22m[39m [2m[console.error] [22m[vite] Failed to reload /src/pages/calendar/CalendarPage.tsx. This could be due to syntax errors or importing non-existent modules. (see errors above)
[2m16:58:58[22m [31m[1m[vite][22m[39m [31m[2m(client)[22m[39m [2m[console.error] [22m[vite] SyntaxError: The requested module '/src/components/icons/lucideLocal.tsx' does not provide an export named 'LuLink2'
[2m16:58:58[22m [31m[1m[vite][22m[39m [31m[2m(client)[22m[39m [2m[console.error] [22m[vite] Failed to reload /src/pages/crm/tasks/TaskBoard.tsx. This could be due to syntax errors or importing non-existent modules. (see errors above)
[2m16:58:58[22m [31m[1m[vite][22m[39m [31m[2m(client)[22m[39m [2m[console.error] [22m[vite] SyntaxError: The requested module '/src/components/icons/lucideLocal.tsx' does not provide an export named 'LuLink2'
[2m16:58:58[22m [31m[1m[vite][22m[39m [31m[2m(client)[22m[39m [2m[console.error] [22m[vite] Failed to reload /src/pages/crm/tasks/TaskStaffFilter.tsx. This could be due to syntax errors or importing non-existent modules. (see errors above)
[2m16:58:58[22m [31m[1m[vite][22m[39m [31m[2m(client)[22m[39m [2m[console.error] [22m[vite] SyntaxError: The requested module '/src/components/icons/lucideLocal.tsx' does not provide an export named 'LuLink2'
[2m16:58:58[22m [31m[1m[vite][22m[39m [31m[2m(client)[22m[39m [2m[console.error] [22m[vite] Failed to reload /src/pages/crm/CustomerList.tsx. This could be due to syntax errors or importing non-existent modules. (see errors above)
[2m16:58:58[22m [31m[1m[vite][22m[39m [31m[2m(client)[22m[39m [2m[console.error] [22m[vite] SyntaxError: The requested module '/src/components/icons/lucideLocal.tsx' does not provide an export named 'LuLink2'
[2m16:58:58[22m [31m[1m[vite][22m[39m [31m[2m(client)[22m[39m [2m[console.error] [22m[vite] Failed to reload /src/pages/crm/detail/CustomerInfoCard.tsx. This could be due to syntax errors or importing non-existent modules. (see errors above)
[2m16:58:58[22m [31m[1m[vite][22m[39m [31m[2m(client)[22m[39m [2m[console.error] [22m[vite] SyntaxError: The requested module '/src/components/icons/lucideLocal.tsx' does not provide an export named 'LuLink2'
[2m16:58:58[22m [31m[1m[vite][22m[39m [31m[2m(client)[22m[39m [2m[console.error] [22m[vite] Failed to reload /src/pages/inventory/detail/ArticleMovementsView.tsx. This could be due to syntax errors or importing non-existent modules. (see errors above)
[2m16:58:58[22m [31m[1m[vite][22m[39m [31m[2m(client)[22m[39m [2m[console.error] [22m[vite] SyntaxError: The requested module '/src/components/icons/lucideLocal.tsx' does not provide an export named 'LuLink2'
[2m16:58:58[22m [31m[1m[vite][22m[39m [31m[2m(client)[22m[39m [2m[console.error] [22m[vite] Failed to reload /src/components/ui-shared/UnitSelect.tsx. This could be due to syntax errors or importing non-existent modules. (see errors above)
[2m16:58:58[22m [31m[1m[vite][22m[39m [31m[2m(client)[22m[39m [2m[console.error] [22m[vite] SyntaxError: The requested module '/src/components/icons/lucideLocal.tsx' does not provide an export named 'LuLink2'
[2m16:58:58[22m [31m[1m[vite][22m[39m [31m[2m(client)[22m[39m [2m[console.error] [22m[vite] Failed to reload /src/pages/project/features/components/detail/tabs/overview/SalesPdfButton.tsx. This could be due to syntax errors or importing non-existent modules. (see errors above)
[2m16:58:58[22m [31m[1m[vite][22m[39m [31m[2m(client)[22m[39m [2m[console.error] [22m[vite] SyntaxError: The requested module '/src/components/icons/lucideLocal.tsx' does not provide an export named 'LuLink2'
[2m16:58:58[22m [31m[1m[vite][22m[39m [31m[2m(client)[22m[39m [2m[console.error] [22m[vite] Failed to reload /src/pages/sales/detail/components/info/TenderPriceSummary.tsx. This could be due to syntax errors or importing non-existent modules. (see errors above)
[2m16:58:58[22m [31m[1m[vite][22m[39m [31m[2m(client)[22m[39m [2m[console.error] [22m[vite] SyntaxError: The requested module '/src/components/icons/lucideLocal.tsx' does not provide an export named 'LuLink2'
[2m16:58:58[22m [31m[1m[vite][22m[39m [31m[2m(client)[22m[39m [2m[console.error] [22m[vite] Failed to reload /src/pages/sales/detail/components/lines/TenderLineTable.tsx. This could be due to syntax errors or importing non-existent modules. (see errors above)
[2m16:58:58[22m [31m[1m[vite][22m[39m [31m[2m(client)[22m[39m [2m[console.error] [22m[vite] SyntaxError: The requested module '/src/components/icons/lucideLocal.tsx' does not provide an export named 'LuLink2'
[2m16:58:58[22m [31m[1m[vite][22m[39m [31m[2m(client)[22m[39m [2m[console.error] [22m[vite] Failed to reload /src/pages/crm/tasks/TaskBoardBar.tsx. This could be due to syntax errors or importing non-existent modules. (see errors above)
[2m16:58:58[22m [31m[1m[vite][22m[39m [31m[2m(client)[22m[39m [2m[console.error] [22m[vite] SyntaxError: The requested module '/src/components/icons/lucideLocal.tsx' does not provide an export named 'LuLink2'
[2m16:58:58[22m [31m[1m[vite][22m[39m [31m[2m(client)[22m[39m [2m[console.error] [22m[vite] Failed to reload /src/pages/project/features/components/detail/tabs/overview/OrderHeaderTable.tsx. This could be due to syntax errors or importing non-existent modules. (see errors above)
[2m16:58:58[22m [31m[1m[vite][22m[39m [31m[2m(client)[22m[39m [2m[console.error] [22m[vite] SyntaxError: The requested module '/src/components/icons/lucideLocal.tsx' does not provide an export named 'LuLink2'
[2m16:58:58[22m [31m[1m[vite][22m[39m [31m[2m(client)[22m[39m [2m[console.error] [22m[vite] Failed to reload /src/pages/project/features/components/detail/tabs/ProjectOverviewTab.tsx. This could be due to syntax errors or importing non-existent modules. (see errors above)
[2m16:58:58[22m [31m[1m[vite][22m[39m [31m[2m(client)[22m[39m [2m[console.error] [22m[vite] SyntaxError: The requested module '/src/components/icons/lucideLocal.tsx' does not provide an export named 'LuLink2'
[2m16:58:58[22m [31m[1m[vite][22m[39m [31m[2m(client)[22m[39m [2m[console.error] [22m[vite] Failed to reload /src/pages/project/features/components/detail/ProjectSectionRenderer.tsx. This could be due to syntax errors or importing non-existent modules. (see errors above)
[2m16:58:58[22m [31m[1m[vite][22m[39m [31m[2m(client)[22m[39m [2m[console.error] [22m[vite] SyntaxError: The requested module '/src/components/icons/lucideLocal.tsx' does not provide an export named 'LuLink2'
[2m16:58:58[22m [31m[1m[vite][22m[39m [31m[2m(client)[22m[39m [2m[console.error] [22m[vite] Failed to reload /src/pages/project/ProjectDetail.tsx. This could be due to syntax errors or importing non-existent modules. (see errors above)
[2m16:58:58[22m [31m[1m[vite][22m[39m [31m[2m(client)[22m[39m [2m[console.error] [22m[vite] SyntaxError: The requested module '/src/components/icons/lucideLocal.tsx' does not provide an export named 'LuLink2'
[2m16:58:58[22m [31m[1m[vite][22m[39m [31m[2m(client)[22m[39m [2m[console.error] [22m[vite] Failed to reload /src/components/layout/MainLayout.tsx. This could be due to syntax errors or importing non-existent modules. (see errors above)
[2m16:58:58[22m [31m[1m[vite][22m[39m [31m[2m(client)[22m[39m [2m[console.error] [22m[vite] SyntaxError: The requested module '/src/components/icons/lucideLocal.tsx' does not provide an export named 'LuLink2'
[2m16:58:58[22m [31m[1m[vite][22m[39m [31m[2m(client)[22m[39m [2m[console.error] [22m[vite] Failed to reload /src/components/layout/SplitViewToggle.tsx. This could be due to syntax errors or importing non-existent modules. (see errors above)
[2m16:58:58[22m [31m[1m[vite][22m[39m [31m[2m(client)[22m[39m [2m[console.error] [22m[vite] SyntaxError: The requested module '/src/components/icons/lucideLocal.tsx' does not provide an export named 'LuLink2'
[2m16:58:58[22m [31m[1m[vite][22m[39m [31m[2m(client)[22m[39m [2m[console.error] [22m[vite] Failed to reload /src/components/layout/SecondaryPane.tsx. This could be due to syntax errors or importing non-existent modules. (see errors above)
[2m16:58:58[22m [31m[1m[vite][22m[39m [31m[2m(client)[22m[39m [31m[Unhandled error] [1mError[22m: Usesplitview Must Be Used Within Splitviewprovid
[39m > useSplitView src/components/layout/SplitViewContext.tsx:126:20
    124 |  export const useSplitView = () => {
    125 |      const ctx = useContext(SplitViewContext);
    126 |      if (!ctx) throw new Error(t('auto.usesplitview_must_be_used_within_splitviewprovid'));
        |                      ^
    127 |      return ctx;
    128 |  };
 > MainLayoutInner src/components/layout/MainLayout.tsx:631:54
 > Object.react_stack_bottom_frame node_modules/react-dom/cjs/react-dom-client.development.js:25904:19
 > renderWithHooks node_modules/react-dom/cjs/react-dom-client.development.js:7662:21
 > updateFunctionComponent node_modules/react-dom/cjs/react-dom-client.development.js:10166:18
 > beginWork node_modules/react-dom/cjs/react-dom-client.development.js:11778:17
 > runWithFiberInDEV node_modules/react-dom/cjs/react-dom-client.development.js:871:29
 > performUnitOfWork node_modules/react-dom/cjs/react-dom-client.development.js:17641:21
 > workLoopSync node_modules/react-dom/cjs/react-dom-client.development.js:17469:40
 > renderRootSync node_modules/react-dom/cjs/react-dom-client.development.js:17450:10

[2m16:58:58[22m [33m[1m[vite][22m[39m [33m[2m(client)[22m[39m [2m[console.warn] [22mAn error occurred in the <MainLayoutInner> component.

Consider adding an error boundary to your tree to customize error handling behavior.
Visit https://react.dev/link/error-boundaries to learn more about error boundaries.

[2m17:00:28[22m [31m[1m[vite][22m[39m [31m[2m(client)[22m[39m [31m[Unhandled error] [1mSyntaxError[22m: The requested module '/src/components/icons/lucideLocal.tsx' does not provide an export named 'LuLink2'
[39m
[2m09:56:37[22m [36m[1m[vite][22m[39m [90m[2m(client)[22m[39m [32mhmr update [39m[2m/src/index.css, /src/main.tsx, /src/App.tsx, /src/components/layout/SplitViewContext.tsx, /src/components/layout/RequestsAppsMenu.tsx, /src/components/layout/PaneErrorBoundary.tsx, /src/components/ui-shared/LanguageSwitcher.tsx, /src/components/ui-shared/Loader.tsx, /src/components/layout/MainLayout.tsx, /src/pages/crm/components/ReminderToasts.tsx, /src/components/ui-shared/TableKit.tsx, /src/pages/project/ProjectDetail.tsx, /src/pages/project/features/components/detail/ProjectDetailHeader.tsx and 201 more[22m
[2m09:56:37[22m [36m[1m[vite][22m[39m [90m[2m(client)[22m[39m [32mhmr update [39m[2m/src/index.css, /src/main.tsx, /src/App.tsx, /src/components/layout/SplitViewContext.tsx, /src/components/layout/RequestsAppsMenu.tsx, /src/components/layout/PaneErrorBoundary.tsx, /src/components/ui-shared/LanguageSwitcher.tsx, /src/components/ui-shared/Loader.tsx, /src/components/layout/MainLayout.tsx, /src/pages/crm/components/ReminderToasts.tsx, /src/components/ui-shared/TableKit.tsx, /src/pages/project/ProjectDetail.tsx, /src/pages/project/features/components/detail/ProjectDetailHeader.tsx and 201 more[22m
[2m09:57:31[22m [36m[1m[vite][22m[39m [90m[2m(client)[22m[39m [32mhmr update [39m[2m/src/index.css[22m
[2m09:57:31[22m [36m[1m[vite][22m[39m [90m[2m(client)[22m[39m [32mhmr update [39m[2m/src/index.css[22m
[2m09:57:37[22m [31m[1m[vite][22m[39m [31m[2m(client)[22m[39m [31m[Unhandled error] [1mSyntaxError[22m: The requested module '/src/components/icons/lucideLocal.tsx' does not provide an export named 'LuLink2'
[39m
[2m09:57:39[22m [36m[1m[vite][22m[39m [90m[2m(client)[22m[39m [32mhmr update [39m[2m/src/index.css, /src/pages/crm/CustomerDashboard.tsx[22m
[2m09:57:39[22m [36m[1m[vite][22m[39m [90m[2m(client)[22m[39m [32mhmr update [39m[2m/src/index.css, /src/pages/crm/CustomerDashboard.tsx[22m
[2m09:57:39[22m [36m[1m[vite][22m[39m [90m[2m(client)[22m[39m [32mhmr update [39m[2m/src/index.css[22m
[2m09:57:39[22m [36m[1m[vite][22m[39m [90m[2m(client)[22m[39m [32mhmr update [39m[2m/src/index.css[22m
[2m09:57:39[22m [36m[1m[vite][22m[39m [90m[2m(client)[22m[39m [32mhmr update [39m[2m/src/index.css, /src/pages/personnel/person/PersonPage.tsx[22m
[2m09:57:39[22m [36m[1m[vite][22m[39m [90m[2m(client)[22m[39m [32mhmr update [39m[2m/src/index.css, /src/pages/project/features/components/detail/ProjectDetailHeader.tsx[22m
[2m09:57:39[22m [36m[1m[vite][22m[39m [90m[2m(client)[22m[39m [32mhmr update [39m[2m/src/index.css, /src/pages/sales/detail/components/TenderDetailHeader.tsx[22m
[2m09:57:39[22m [36m[1m[vite][22m[39m [90m[2m(client)[22m[39m [32mhmr update [39m[2m/src/index.css[22m
[2m09:58:22[22m [36m[1m[vite][22m[39m [90m[2m(client)[22m[39m [32mhmr update [39m[2m/src/index.css, /src/components/layout/MainLayout.tsx, /src/components/layout/QuickBackButton.tsx[22m
[2m09:58:22[22m [36m[1m[vite][22m[39m [90m[2m(client)[22m[39m [32mhmr update [39m[2m/src/index.css[22m
[2m09:58:22[22m [36m[1m[vite][22m[39m [90m[2m(client)[22m[39m [32mhmr update [39m[2m/src/index.css, /src/components/layout/AppSidebar.tsx[22m
[2m09:58:33[22m [36m[1m[vite][22m[39m [90m[2m(client)[22m[39m [32mhmr update [39m[2m/src/index.css, /src/components/layout/MainLayout.tsx, /src/components/layout/QuickBackButton.tsx[22m
[2m09:59:28[22m [31m[1m[vite][22m[39m [31m[2m(client)[22m[39m [31m[Unhandled error] [1mSyntaxError[22m: The requested module '/src/components/icons/lucideLocal.tsx' does not provide an export named 'LuLink2'
[39m
[2m09:59:29[22m [36m[1m[vite][22m[39m [90m[2m(client)[22m[39m [32mhmr update [39m[2m/src/App.tsx, /src/components/layout/MainLayout.tsx, /src/components/layout/AppSidebar.tsx, /src/components/layout/WorkspaceTabs.tsx, /src/components/layout/SplitViewToggle.tsx, /src/components/layout/SecondaryPane.tsx, /src/components/layout/RequestsAppsMenu.tsx, /src/components/ui-shared/LanguageSwitcher.tsx, /src/components/ui-shared/InstallAppButton.tsx, /src/pages/Home.tsx, /src/components/home/DashboardStats.tsx, /src/components/home/UpcomingSection.tsx and 160 more[22m
[2m09:59:30[22m [36m[1m[vite][22m[39m [90m[2m(client)[22m[39m [32mhmr update [39m[2m/src/index.css, /src/components/layout/RequestsAppsMenu.tsx[22m
[2m10:00:13[22m [36m[1m[vite][22m[39m [90m[2m(client)[22m[39m [32mhmr update [39m[2m/src/index.css, /src/components/layout/MainLayout.tsx[22m
[2m10:00:13[22m [36m[1m[vite][22m[39m [90m[2m(client)[22m[39m [32mhmr update [39m[2m/src/index.css, /src/components/layout/AppSidebar.tsx[22m
[2m10:00:51[22m [36m[1m[vite][22m[39m [90m[2m(client)[22m[39m [32mhmr update [39m[2m/src/index.css, /src/styles/personnel.css[22m
[2m10:01:18[22m [36m[1m[vite][22m[39m [90m[2m(client)[22m[39m [32mhmr update [39m[2m/src/index.css, /src/components/layout/MainLayout.tsx[22m
[2m10:02:30[22m [36m[1m[vite][22m[39m [90m[2m(client)[22m[39m [32mhmr update [39m[2m/src/index.css, /src/App.tsx, /src/components/layout/MainLayout.tsx, /src/components/layout/AppSidebar.tsx, /src/components/layout/WorkspaceTabs.tsx, /src/components/layout/SplitViewToggle.tsx, /src/components/layout/SecondaryPane.tsx, /src/components/layout/RequestsAppsMenu.tsx, /src/components/ui-shared/LanguageSwitcher.tsx, /src/components/ui-shared/InstallAppButton.tsx, /src/pages/Home.tsx, /src/components/home/DashboardStats.tsx, /src/components/home/UpcomingSection.tsx and 162 more[22m
[2m10:02:40[22m [36m[1m[vite][22m[39m [90m[2m(client)[22m[39m [32mhmr update [39m[2m/src/index.css, /src/components/layout/MainLayout.tsx[22m
[2m10:05:18[22m [36m[1m[vite][22m[39m [90m[2m(client)[22m[39m [32mhmr update [39m[2m/src/index.css, /src/pages/crm/tasks/TaskStepsEditor.tsx[22m
[2m10:05:18[22m [36m[1m[vite][22m[39m [90m[2m(client)[22m[39m [32mhmr update [39m[2m/src/index.css[22m
[2m10:11:30[22m [36m[1m[vite][22m[39m [90m[2m(client)[22m[39m [32mhmr update [39m[2m/src/index.css, /src/pages/crm/components/QuickEntryBulkTable.tsx[22m
[2m10:11:30[22m [36m[1m[vite][22m[39m [90m[2m(client)[22m[39m [32mhmr update [39m[2m/src/index.css, /src/pages/crm/CommunicationPage.tsx[22m
[2m10:12:37[22m [36m[1m[vite][22m[39m [90m[2m(client)[22m[39m [32mhmr update [39m[2m/src/index.css, /src/main.tsx, /src/App.tsx, /src/components/layout/SplitViewContext.tsx, /src/components/layout/RequestsAppsMenu.tsx, /src/components/layout/PaneErrorBoundary.tsx, /src/components/ui-shared/LanguageSwitcher.tsx, /src/components/ui-shared/Loader.tsx, /src/components/layout/MainLayout.tsx, /src/pages/crm/components/ReminderToasts.tsx, /src/components/ui-shared/TableKit.tsx, /src/pages/project/ProjectDetail.tsx, /src/pages/project/features/components/detail/ProjectDetailHeader.tsx and 201 more[22m
[2m10:12:37[22m [36m[1m[vite][22m[39m [90m[2m(client)[22m[39m [32mhmr update [39m[2m/src/index.css, /src/main.tsx, /src/App.tsx, /src/components/layout/SplitViewContext.tsx, /src/components/layout/RequestsAppsMenu.tsx, /src/components/layout/PaneErrorBoundary.tsx, /src/components/ui-shared/LanguageSwitcher.tsx, /src/components/ui-shared/Loader.tsx, /src/components/layout/MainLayout.tsx, /src/pages/crm/components/ReminderToasts.tsx, /src/components/ui-shared/TableKit.tsx, /src/pages/project/ProjectDetail.tsx, /src/pages/project/features/components/detail/ProjectDetailHeader.tsx and 201 more[22m
[2m10:12:37[22m [36m[1m[vite][22m[39m [90m[2m(client)[22m[39m [32mhmr update [39m[2m/src/index.css, /src/main.tsx, /src/App.tsx, /src/components/layout/SplitViewContext.tsx, /src/components/layout/RequestsAppsMenu.tsx, /src/components/layout/PaneErrorBoundary.tsx, /src/components/ui-shared/LanguageSwitcher.tsx, /src/components/ui-shared/Loader.tsx, /src/components/layout/MainLayout.tsx, /src/pages/crm/components/ReminderToasts.tsx, /src/components/ui-shared/TableKit.tsx, /src/pages/project/ProjectDetail.tsx, /src/pages/project/features/components/detail/ProjectDetailHeader.tsx and 201 more[22m
[2m10:13:36[22m [36m[1m[vite][22m[39m [90m[2m(client)[22m[39m [32mhmr update [39m[2m/src/index.css, /src/pages/crm/components/QuickEntryBulkTable.tsx[22m
[2m10:19:40[22m [36m[1m[vite][22m[39m [90m[2m(client)[22m[39m [32mpage reload [39m[2mindex.html[22m
[2m10:19:40[22m [36m[1m[vite][22m[39m [90m[2m(client)[22m[39m [32mhmr update [39m[2m/src/index.css, /src/components/login/LoginNotifications.tsx[22m
[2m10:19:40[22m [36m[1m[vite][22m[39m [90m[2m(client)[22m[39m [32mhmr update [39m[2m/src/index.css, /src/components/login/LoginQrDialog.tsx[22m
[2m10:19:40[22m [36m[1m[vite][22m[39m [90m[2m(client)[22m[39m [32mhmr update [39m[2m/src/index.css, /src/components/ui-shared/DangerConfirmDialog.tsx[22m
[2m10:19:40[22m [36m[1m[vite][22m[39m [90m[2m(client)[22m[39m [32mhmr update [39m[2m/src/index.css, /src/components/ui-shared/Switch.tsx[22m
[2m10:19:40[22m [36m[1m[vite][22m[39m [90m[2m(client)[22m[39m [32mhmr update [39m[2m/src/main.tsx, /src/index.css[22m
[2m10:19:40[22m [36m[1m[vite][22m[39m [90m[2m(client)[22m[39m [32mhmr update [39m[2m/src/index.css, /src/pages/crm/components/ReminderToasts.tsx, /src/pages/crm/components/CustomerPickerModal.tsx, /src/pages/crm/CommunicationPage.tsx, /src/pages/crm/components/QuickEntryForm.tsx, /src/pages/crm/components/CustomerContactCombo.tsx, /src/pages/calendar/CalendarPage.tsx, /src/pages/calendar/components/CreatePopup.tsx, /src/pages/crm/TasksPage.tsx, /src/pages/crm/tasks/TaskCompletionCard.tsx, /src/pages/crm/tasks/NewTaskCard.tsx and 5 more[22m
[2m10:19:40[22m [36m[1m[vite][22m[39m [90m[2m(client)[22m[39m [32mhmr update [39m[2m/src/pages/project/Projects.tsx, /src/pages/sales/TenderList.tsx, /src/pages/sales/detail/components/lines/TenderLineTable.tsx, /src/pages/crm/CustomerList.tsx, /src/pages/project/features/components/detail/reports/FieldReportEditorView.tsx, /src/components/billing/OrderBillingSection.tsx, /src/pages/project/ProjectPositionsTab.tsx, /src/pages/project/features/components/detail/tabs/CostsTab.tsx, /src/pages/crm/detail/CustomerAddressesTable.tsx, /src/pages/sales/MyOrders.tsx and 13 more[22m
[2m10:19:40[22m [36m[1m[vite][22m[39m [90m[2m(client)[22m[39m [32mhmr update [39m[2m/src/index.css, /src/components/layout/MainLayout.tsx, /src/pages/crm/components/ReminderToasts.tsx[22m
[2m10:19:40[22m [36m[1m[vite][22m[39m [90m[2m(client)[22m[39m [32mhmr update [39m[2m/src/index.css, /src/components/layout/MainLayout.tsx, /src/routes/montageRoutes.tsx, /src/pages/personnel/person/PersonJumpSheet.tsx, /src/pages/Home.tsx, /src/pages/calendar/CalendarPage.tsx, /src/pages/personnel/requests/RequestsPage.tsx[22m
[2m10:19:40[22m [36m[1m[vite][22m[39m [90m[2m(client)[22m[39m [32mhmr update [39m[2m/src/index.css, /src/components/login/LoginQrDialog.tsx[22m
[2m10:19:40[22m [36m[1m[vite][22m[39m [90m[2m(client)[22m[39m [32mhmr update [39m[2m/src/index.css, /src/App.tsx, /src/pages/sales/TenderList.tsx, /src/pages/sales/TenderDetail.tsx, /src/pages/sales/detail/components/lines/TenderLineTable.tsx, /src/pages/sales/detail/components/info/TenderPriceSummary.tsx, /src/pages/sales/detail/components/payment/TenderPaymentTab.tsx, /src/pages/sales/detail/components/modals/TenderSettingsModal.tsx, /src/pages/project/features/components/detail/tabs/overview/SalesPdfButton.tsx, /src/pages/sales/components/QuotePdfButton.tsx and 16 more[22m
[2m10:19:40[22m [36m[1m[vite][22m[39m [90m[2m(client)[22m[39m [32mhmr update [39m[2m/src/index.css, /src/components/layout/MainLayout.tsx, /src/routes/montageRoutes.tsx, /src/pages/personnel/person/PersonJumpSheet.tsx, /src/pages/Home.tsx, /src/pages/calendar/CalendarPage.tsx, /src/pages/settings/authorization/AuthorizationPage.tsx[22m
[2m10:19:40[22m [36m[1m[vite][22m[39m [90m[2m(client)[22m[39m [32mhmr update [39m[2m/src/index.css, /src/App.tsx, /src/routes/ProtectedRoute.tsx, /src/routes/PublicRoute.tsx, /src/components/layout/MainLayout.tsx, /src/pages/crm/components/ReminderToasts.tsx, /src/pages/crm/activities/ActivitiesPage.tsx, /src/pages/crm/enquiries/EnquiriesPage.tsx, /src/pages/crm/enquiries/EnquiryFormPopup.tsx, /src/pages/crm/enquiries/EnquiryPopup.tsx, /src/pages/crm/enquiries/EnquiryComposePopup.tsx, /src/pages/PublicEnquiryPage.tsx, /src/components/layout/RequestsAppsMenu.tsx and 114 more[22m
[2m10:19:40[22m [36m[1m[vite][22m[39m [90m[2m(client)[22m[39m [32mhmr update [39m[2m/src/index.css, /src/pages/crm/CommunicationPage.tsx[22m
[2m10:19:40[22m [36m[1m[vite][22m[39m [90m[2m(client)[22m[39m [32mhmr update [39m[2m/src/index.css[22m
[2m10:19:40[22m [36m[1m[vite][22m[39m [90m[2m(client)[22m[39m [32mhmr update [39m[2m/src/index.css[22m
[2m10:19:40[22m [36m[1m[vite][22m[39m [90m[2m(client)[22m[39m [32mhmr update [39m[2m/src/index.css, /src/pages/crm/forms/components/FormRenderer.tsx[22m
[2m10:19:40[22m [36m[1m[vite][22m[39m [90m[2m(client)[22m[39m [32mhmr update [39m[2m/src/index.css, /src/pages/crm/QuickEntryPage.tsx[22m
[2m10:19:40[22m [36m[1m[vite][22m[39m [90m[2m(client)[22m[39m [32mhmr update [39m[2m/src/index.css, /src/components/ui-shared/PersonAvatar.tsx[22m
[2m10:19:40[22m [36m[1m[vite][22m[39m [90m[2m(client)[22m[39m [32mhmr update [39m[2m/src/index.css, /src/pages/crm/TasksPage.tsx[22m
[2m10:19:40[22m [36m[1m[vite][22m[39m [90m[2m(client)[22m[39m [32mhmr update [39m[2m/src/index.css[22m
[2m10:19:40[22m [36m[1m[vite][22m[39m [90m[2m(client)[22m[39m [32mhmr update [39m[2m/src/index.css[22m
[2m10:19:40[22m [36m[1m[vite][22m[39m [90m[2m(client)[22m[39m [32mhmr update [39m[2m/src/index.css[22m
[2m10:19:40[22m [36m[1m[vite][22m[39m [90m[2m(client)[22m[39m [32mhmr update [39m[2m/src/index.css[22m
[2m10:19:40[22m [36m[1m[vite][22m[39m [90m[2m(client)[22m[39m [32mhmr update [39m[2m/src/index.css, /src/pages/calendar/components/InviteSendPanel.tsx, /src/pages/crm/forms/components/FormsContextPanel.tsx, /src/pages/crm/forms/components/TemplatePickerModal.tsx, /src/pages/crm/forms/components/FormFillView.tsx[22m
[2m10:19:40[22m [36m[1m[vite][22m[39m [90m[2m(client)[22m[39m [32mhmr update [39m[2m/src/index.css[22m
[2m10:19:40[22m [36m[1m[vite][22m[39m [90m[2m(client)[22m[39m [32mhmr update [39m[2m/src/index.css, /src/pages/crm/detail/CustomerCommunicationTable.tsx[22m
[2m10:19:40[22m [36m[1m[vite][22m[39m [90m[2m(client)[22m[39m [32mhmr update [39m[2m/src/index.css[22m
[2m10:19:40[22m [36m[1m[vite][22m[39m [90m[2m(client)[22m[39m [32mhmr update [39m[2m/src/index.css[22m
[2m10:19:40[22m [36m[1m[vite][22m[39m [90m[2m(client)[22m[39m [32mhmr update [39m[2m/src/index.css[22m
[2m10:19:40[22m [36m[1m[vite][22m[39m [90m[2m(client)[22m[39m [32mhmr update [39m[2m/src/pages/project/Projects.tsx, /src/pages/sales/TenderList.tsx, /src/pages/sales/detail/components/lines/TenderLineTable.tsx, /src/pages/crm/CustomerList.tsx, /src/pages/project/features/components/detail/reports/FieldReportEditorView.tsx, /src/components/billing/OrderBillingSection.tsx, /src/pages/project/ProjectPositionsTab.tsx, /src/pages/project/features/components/detail/tabs/CostsTab.tsx, /src/pages/crm/detail/CustomerAddressesTable.tsx, /src/pages/sales/MyOrders.tsx and 13 more[22m
[2m10:19:40[22m [36m[1m[vite][22m[39m [90m[2m(client)[22m[39m [32mhmr update [39m[2m/src/index.css[22m
[2m10:19:40[22m [36m[1m[vite][22m[39m [90m[2m(client)[22m[39m [32mhmr update [39m[2m/src/index.css, /src/pages/crm/forms/components/ChecklistLinkSheet.tsx[22m
[2m10:19:40[22m [36m[1m[vite][22m[39m [90m[2m(client)[22m[39m [32mpage reload [39m[2msrc/components/login/loginNotices.ts[22m
[2m10:19:40[22m [36m[1m[vite][22m[39m [90m[2m(client)[22m[39m [32mhmr update [39m[2m/src/index.css, /src/pages/crm/components/CustomerComboCell.tsx, /src/pages/crm/components/CustomerContactCombo.tsx, /src/pages/crm/tasks/TaskCustomerFilter.tsx[22m
[2m10:19:40[22m [36m[1m[vite][22m[39m [90m[2m(client)[22m[39m [32mhmr update [39m[2m/src/index.css, /src/pages/crm/components/CustomerComboCell.tsx[22m
[2m10:19:40[22m [36m[1m[vite][22m[39m [90m[2m(client)[22m[39m [32mhmr update [39m[2m/src/index.css[22m
[2m10:19:40[22m [36m[1m[vite][22m[39m [90m[2m(client)[22m[39m [32mhmr update [39m[2m/src/index.css, /src/pages/crm/components/QuickEntryForm.tsx[22m
[2m10:19:40[22m [36m[1m[vite][22m[39m [90m[2m(client)[22m[39m [32mhmr update [39m[2m/src/index.css, /src/pages/crm/forms/components/DrawingPad.tsx[22m
[2m10:19:40[22m [36m[1m[vite][22m[39m [90m[2m(client)[22m[39m [32mhmr update [39m[2m/src/index.css, /src/pages/crm/forms/components/FormsContextPanel.tsx, /src/pages/crm/forms/components/FormFillView.tsx, /src/pages/crm/forms/components/FormRenderer.tsx, /src/pages/crm/forms/components/SignatureField.tsx, /src/pages/crm/forms/components/CustomerSelectModal.tsx[22m
[2m10:19:40[22m [36m[1m[vite][22m[39m [90m[2m(client)[22m[39m [32mhmr update [39m[2m/src/index.css, /src/pages/personnel/person/tabs/PersonProfileTab.tsx, /src/pages/settings/authorization/AuthorizationPage.tsx[22m
[2m10:19:40[22m [36m[1m[vite][22m[39m [90m[2m(client)[22m[39m [32mhmr update [39m[2m/src/index.css, /src/components/login/LoginWave.tsx[22m
[2m10:19:40[22m [36m[1m[vite][22m[39m [90m[2m(client)[22m[39m [32mhmr update [39m[2m/src/index.css, /src/pages/crm/forms/components/FormFillSheet.tsx[22m
[2m10:19:40[22m [36m[1m[vite][22m[39m [90m[2m(client)[22m[39m [32mhmr update [39m[2m/src/index.css, /src/components/layout/RequestsAppsMenu.tsx, /src/pages/personnel/components/StaffQrSheet.tsx, /src/pages/personnel/PersonnelListPage.tsx, /src/pages/personnel/requests/RequestsPage.tsx, /src/pages/personnel/requests/NewRequestPopup.tsx, /src/pages/personnel/TimeClockPage.tsx, /src/pages/personnel/person/PersonPage.tsx, /src/pages/personnel/timerecords/TimeRecordsPage.tsx, /src/pages/personnel/components/StaffCreateSheet.tsx, /src/pages/personnel/components/LeaveList.tsx and 8 more[22m
[2m10:19:40[22m [36m[1m[vite][22m[39m [90m[2m(client)[22m[39m [32mhmr update [39m[2m/src/index.css, /src/pages/crm/components/CustomerPickerModal.tsx[22m
[2m10:19:40[22m [36m[1m[vite][22m[39m [90m[2m(client)[22m[39m [32mhmr update [39m[2m/src/index.css[22m
[2m10:19:40[22m [36m[1m[vite][22m[39m [90m[2m(client)[22m[39m [32mhmr update [39m[2m/src/index.css, /src/pages/crm/forms/components/SignatureField.tsx[22m
[2m10:19:40[22m [36m[1m[vite][22m[39m [90m[2m(client)[22m[39m [32mhmr update [39m[2m/src/index.css, /src/pages/crm/forms/components/CustomerSelectModal.tsx[22m
[2m10:19:40[22m [36m[1m[vite][22m[39m [90m[2m(client)[22m[39m [32mhmr update [39m[2m/src/index.css, /src/pages/crm/components/CustomerContactCombo.tsx, /src/pages/crm/tasks/TaskCustomerFilter.tsx[22m
[2m10:19:40[22m [36m[1m[vite][22m[39m [90m[2m(client)[22m[39m [32mhmr update [39m[2m/src/index.css, /src/pages/crm/components/CustomerContactCombo.tsx[22m
[2m10:19:40[22m [36m[1m[vite][22m[39m [90m[2m(client)[22m[39m [32mhmr update [39m[2m/src/index.css, /src/pages/personnel/PersonnelListPage.tsx[22m
[2m10:19:40[22m [36m[1m[vite][22m[39m [90m[2m(client)[22m[39m [32mhmr update [39m[2m/src/index.css[22m
[2m10:19:40[22m [36m[1m[vite][22m[39m [90m[2m(client)[22m[39m [32mhmr update [39m[2m/src/index.css, /src/pages/personnel/components/WeekSheet.tsx[22m
[2m10:19:40[22m [36m[1m[vite][22m[39m [90m[2m(client)[22m[39m [32mhmr update [39m[2m/src/index.css, /src/pages/crm/components/CustomerPicker.tsx[22m
[2m10:19:40[22m [36m[1m[vite][22m[39m [90m[2m(client)[22m[39m [32mhmr update [39m[2m/src/index.css, /src/pages/crm/forms/components/FormRenderer.tsx[22m
[2m10:19:40[22m [36m[1m[vite][22m[39m [90m[2m(client)[22m[39m [32mpage reload [39m[2msrc/pages/crm/hooks/useCrmPagedList.ts[22m
[2m10:19:40[22m [36m[1m[vite][22m[39m [90m[2m(client)[22m[39m [32mhmr update [39m[2m/src/index.css, /src/pages/personnel/person/tabs/PersonLeavesTab.tsx[22m
[2m10:19:40[22m [36m[1m[vite][22m[39m [90m[2m(client)[22m[39m [32mhmr update [39m[2m/src/index.css, /src/pages/personnel/components/PersonnelSheet.tsx[22m
[2m10:19:40[22m [36m[1m[vite][22m[39m [90m[2m(client)[22m[39m [32mhmr update [39m[2m/src/index.css, /src/pages/crm/components/InteractionRows.tsx[22m
[2m10:19:40[22m [36m[1m[vite][22m[39m [90m[2m(client)[22m[39m [32mhmr update [39m[2m/src/index.css, /src/pages/personnel/components/StaffCreateSheet.tsx[22m
[2m10:19:40[22m [36m[1m[vite][22m[39m [90m[2m(client)[22m[39m [32mhmr update [39m[2m/src/index.css[22m
[2m10:19:40[22m [36m[1m[vite][22m[39m [90m[2m(client)[22m[39m [32mhmr update [39m[2m/src/index.css, /src/pages/crm/components/QuickEntryBulkTable.tsx[22m
[2m10:19:40[22m [36m[1m[vite][22m[39m [90m[2m(client)[22m[39m [32mhmr update [39m[2m/src/index.css, /src/pages/crm/components/CrmFilterBar.tsx[22m
[2m10:19:40[22m [36m[1m[vite][22m[39m [90m[2m(client)[22m[39m [32mhmr update [39m[2m/src/index.css, /src/pages/personnel/person/PersonPhotoSheet.tsx[22m
[2m10:19:40[22m [36m[1m[vite][22m[39m [90m[2m(client)[22m[39m [32mhmr update [39m[2m/src/index.css, /src/pages/personnel/TimeClockPage.tsx[22m
[2m10:19:40[22m [36m[1m[vite][22m[39m [90m[2m(client)[22m[39m [32mhmr update [39m[2m/src/index.css, /src/pages/personnel/components/StaffQrSheet.tsx, /src/pages/personnel/components/LeaveList.tsx, /src/pages/personnel/requests/NewRequestPopup.tsx, /src/pages/personnel/components/WelcomeOverlay.tsx, /src/pages/personnel/person/tabs/PersonTimeTab.tsx, /src/pages/personnel/person/tabs/PersonAbsencesTab.tsx, /src/pages/personnel/person/tabs/PersonProfileTab.tsx, /src/pages/personnel/person/PersonHero.tsx, /src/pages/personnel/person/tabs/PersonLeaveYearTab.tsx and 5 more[22m
[2m10:19:40[22m [36m[1m[vite][22m[39m [90m[2m(client)[22m[39m [32mhmr update [39m[2m/src/index.css[22m
[2m10:19:40[22m [36m[1m[vite][22m[39m [90m[2m(client)[22m[39m [32mhmr update [39m[2m/src/index.css, /src/pages/crm/forms/components/TemplatePickerModal.tsx[22m
[2m10:19:40[22m [36m[1m[vite][22m[39m [90m[2m(client)[22m[39m [32mhmr update [39m[2m/src/index.css[22m
[2m10:19:40[22m [36m[1m[vite][22m[39m [90m[2m(client)[22m[39m [32mhmr update [39m[2m/src/index.css, /src/pages/personnel/components/StaffQrSheet.tsx[22m
[2m10:19:40[22m [36m[1m[vite][22m[39m [90m[2m(client)[22m[39m [32mhmr update [39m[2m/src/index.css[22m
[2m10:19:40[22m [36m[1m[vite][22m[39m [90m[2m(client)[22m[39m [32mhmr update [39m[2m/src/index.css[22m
[2m10:19:40[22m [36m[1m[vite][22m[39m [90m[2m(client)[22m[39m [32mhmr update [39m[2m/src/index.css[22m
[2m10:19:40[22m [36m[1m[vite][22m[39m [90m[2m(client)[22m[39m [32mhmr update [39m[2m/src/index.css, /src/pages/crm/forms/components/FormFillView.tsx[22m
[2m10:19:40[22m [36m[1m[vite][22m[39m [90m[2m(client)[22m[39m [32mhmr update [39m[2m/src/index.css[22m
[2m10:19:40[22m [36m[1m[vite][22m[39m [90m[2m(client)[22m[39m [32mhmr update [39m[2m/src/index.css, /src/pages/personnel/components/WelcomeOverlay.tsx[22m
[2m10:19:40[22m [36m[1m[vite][22m[39m [90m[2m(client)[22m[39m [32mhmr update [39m[2m/src/index.css, /src/pages/crm/components/ContactCell.tsx[22m
[2m10:19:40[22m [36m[1m[vite][22m[39m [90m[2m(client)[22m[39m [32mhmr update [39m[2m/src/index.css[22m
[2m10:19:40[22m [36m[1m[vite][22m[39m [90m[2m(client)[22m[39m [32mhmr update [39m[2m/src/index.css, /src/pages/crm/components/StaffMultiCombo.tsx, /src/pages/calendar/CalendarPage.tsx, /src/pages/crm/tasks/TaskCompletionCard.tsx, /src/pages/crm/tasks/TaskBoard.tsx, /src/pages/crm/tasks/TaskStaffFilter.tsx, /src/pages/crm/tasks/NewTaskCard.tsx[22m
[2m10:19:40[22m [36m[1m[vite][22m[39m [90m[2m(client)[22m[39m [32mhmr update [39m[2m/src/index.css, /src/pages/personnel/components/DayEntrySheet.tsx[22m
[2m10:19:40[22m [36m[1m[vite][22m[39m [90m[2m(client)[22m[39m [32mhmr update [39m[2m/src/index.css, /src/pages/crm/components/ReminderToasts.tsx[22m
[2m10:19:40[22m [36m[1m[vite][22m[39m [90m[2m(client)[22m[39m [32mhmr update [39m[2m/src/index.css, /src/pages/personnel/person/PersonPage.tsx[22m
[2m10:19:40[22m [36m[1m[vite][22m[39m [90m[2m(client)[22m[39m [32mhmr update [39m[2m/src/index.css[22m
[2m10:19:40[22m [36m[1m[vite][22m[39m [90m[2m(client)[22m[39m [32mhmr update [39m[2m/src/index.css[22m
[2m10:19:40[22m [36m[1m[vite][22m[39m [90m[2m(client)[22m[39m [32mhmr update [39m[2m/src/index.css[22m
[2m10:19:40[22m [36m[1m[vite][22m[39m [90m[2m(client)[22m[39m [32mhmr update [39m[2m/src/index.css, /src/pages/personnel/components/primitives.tsx[22m
[2m10:19:40[22m [36m[1m[vite][22m[39m [90m[2m(client)[22m[39m [32mhmr update [39m[2m/src/index.css[22m
[2m10:19:40[22m [36m[1m[vite][22m[39m [90m[2m(client)[22m[39m [32mhmr update [39m[2m/src/index.css, /src/pages/project/features/components/detail/reports/SignatureDispatchDialog.tsx[22m
[2m10:19:40[22m [36m[1m[vite][22m[39m [90m[2m(client)[22m[39m [32mhmr update [39m[2m/src/index.css, /src/pages/personnel/person/PersonHero.tsx[22m
[2m10:19:40[22m [36m[1m[vite][22m[39m [90m[2m(client)[22m[39m [32mhmr update [39m[2m/src/index.css, /src/pages/settings/authorization/AuthorizationPage.tsx[22m
[2m10:19:40[22m [36m[1m[vite][22m[39m [90m[2m(client)[22m[39m [32mhmr update [39m[2m/src/index.css[22m
[2m10:19:40[22m [36m[1m[vite][22m[39m [90m[2m(client)[22m[39m [32mhmr update [39m[2m/src/index.css[22m
[2m10:19:40[22m [36m[1m[vite][22m[39m [90m[2m(client)[22m[39m [32mhmr update [39m[2m/src/index.css, /src/pages/crm/forms/components/FormsContextPanel.tsx[22m
[2m10:19:40[22m [36m[1m[vite][22m[39m [90m[2m(client)[22m[39m [32mhmr update [39m[2m/src/index.css, /src/styles/person.css[22m
[2m10:19:40[22m [36m[1m[vite][22m[39m [90m[2m(client)[22m[39m [32mhmr update [39m[2m/src/index.css, /src/pages/personnel/requests/RequestsPage.tsx, /src/pages/personnel/requests/NewRequestPopup.tsx, /src/pages/personnel/timerecords/TimeRecordsPage.tsx[22m
[2m10:19:40[22m [36m[1m[vite][22m[39m [90m[2m(client)[22m[39m [32mhmr update [39m[2m/src/index.css, /src/pages/crm/components/QuickEntrySheet.tsx[22m
[2m10:19:40[22m [36m[1m[vite][22m[39m [90m[2m(client)[22m[39m [32mhmr update [39m[2m/src/index.css, /src/pages/crm/components/StaffMultiCombo.tsx, /src/pages/crm/enquiries/EnquiryPopup.tsx, /src/pages/crm/tasks/TaskStaffFilter.tsx, /src/pages/sales/osp/OspPage.tsx[22m
[2m10:19:40[22m [36m[1m[vite][22m[39m [90m[2m(client)[22m[39m [32mhmr update [39m[2m/src/index.css[22m
[2m10:19:40[22m [36m[1m[vite][22m[39m [90m[2m(client)[22m[39m [32mhmr update [39m[2m/src/index.css, /src/pages/personnel/person/PersonJumpSheet.tsx[22m
[2m10:19:40[22m [36m[1m[vite][22m[39m [90m[2m(client)[22m[39m [32mpage reload [39m[2msrc/pages/personnel/hooks/useQrScanner.ts[22m
[2m10:19:40[22m [36m[1m[vite][22m[39m [90m[2m(client)[22m[39m [32mpage reload [39m[2msrc/pages/crm/types/crm.types.ts[22m
[2m10:19:40[22m [36m[1m[vite][22m[39m [90m[2m(client)[22m[39m [32mhmr update [39m[2m/src/index.css[22m
[2m10:19:40[22m [36m[1m[vite][22m[39m [90m[2m(client)[22m[39m [32mhmr update [39m[2m/src/index.css[22m
[2m10:19:40[22m [36m[1m[vite][22m[39m [90m[2m(client)[22m[39m [32mhmr update [39m[2m/src/index.css, /src/pages/personnel/components/LeaveList.tsx[22m
[2m10:19:40[22m [36m[1m[vite][22m[39m [90m[2m(client)[22m[39m [32mhmr update [39m[2m/src/index.css[22m
[2m10:19:40[22m [36m[1m[vite][22m[39m [90m[2m(client)[22m[39m [32mhmr update [39m[2m/src/index.css[22m
[2m10:19:40[22m [36m[1m[vite][22m[39m [90m[2m(client)[22m[39m [32mhmr update [39m[2m/src/index.css[22m
[2m10:19:40[22m [36m[1m[vite][22m[39m [90m[2m(client)[22m[39m [32mhmr update [39m[2m/src/index.css, /src/components/layout/RequestsAppsMenu.tsx, /src/pages/personnel/requests/RequestsPage.tsx, /src/pages/personnel/requests/NewRequestPopup.tsx, /src/pages/personnel/person/tabs/PersonProfileTab.tsx[22m
[2m10:19:40[22m [36m[1m[vite][22m[39m [90m[2m(client)[22m[39m [32mhmr update [39m[2m/src/styles/refine.css, /src/index.css[22m
[2m10:19:40[22m [36m[1m[vite][22m[39m [90m[2m(client)[22m[39m [32mhmr update [39m[2m/src/index.css[22m
[2m10:19:40[22m [36m[1m[vite][22m[39m [90m[2m(client)[22m[39m [32mhmr update [39m[2m/src/index.css, /src/components/home/DashboardStats.tsx[22m
[2m10:19:40[22m [36m[1m[vite][22m[39m [90m[2m(client)[22m[39m [32mhmr update [39m[2m/src/App.tsx, /src/components/layout/MainLayout.tsx, /src/components/layout/AppSidebar.tsx, /src/components/layout/WorkspaceTabs.tsx, /src/components/layout/SplitViewToggle.tsx, /src/components/layout/SecondaryPane.tsx, /src/components/layout/RequestsAppsMenu.tsx, /src/components/ui-shared/LanguageSwitcher.tsx, /src/components/ui-shared/InstallAppButton.tsx, /src/pages/Home.tsx, /src/components/home/DashboardStats.tsx, /src/components/home/UpcomingSection.tsx and 127 more[22m
[2m10:19:40[22m [36m[1m[vite][22m[39m [90m[2m(client)[22m[39m [32mhmr update [39m[2m/src/index.css, /src/components/inventory/InventoryListHeader.tsx[22m
[2m10:19:40[22m [36m[1m[vite][22m[39m [90m[2m(client)[22m[39m [32mhmr update [39m[2m/src/App.tsx, /src/index.css[22m
[2m10:19:40[22m [36m[1m[vite][22m[39m [90m[2m(client)[22m[39m [32mhmr update [39m[2m/src/index.css, /src/components/layout/AppSidebar.tsx[22m
[2m10:19:40[22m [36m[1m[vite][22m[39m [90m[2m(client)[22m[39m [32mhmr update [39m[2m/src/index.css, /src/components/payment/PaymentScheduleEditor.tsx[22m
[2m10:19:40[22m [36m[1m[vite][22m[39m [90m[2m(client)[22m[39m [32mhmr update [39m[2m/src/index.css[22m
[2m10:19:40[22m [36m[1m[vite][22m[39m [90m[2m(client)[22m[39m [32mhmr update [39m[2m/src/index.css[22m
[2m10:19:40[22m [36m[1m[vite][22m[39m [90m[2m(client)[22m[39m [32mhmr update [39m[2m/src/index.css, /src/components/billing/OrderBillingSection.tsx[22m
[2m10:19:40[22m [36m[1m[vite][22m[39m [90m[2m(client)[22m[39m [32mhmr update [39m[2m/src/index.css, /src/components/billing/PaymentPlanSheet.tsx[22m
[2m10:19:40[22m [36m[1m[vite][22m[39m [90m[2m(client)[22m[39m [32mhmr update [39m[2m/src/index.css[22m
[2m10:19:40[22m [36m[1m[vite][22m[39m [90m[2m(client)[22m[39m [32mhmr update [39m[2m/src/index.css, /src/components/ui-shared/AnchoredPicker.tsx[22m
[2m10:19:40[22m [36m[1m[vite][22m[39m [90m[2m(client)[22m[39m [32mhmr update [39m[2m/src/index.css, /src/components/home/QuickMenuCarousel.tsx[22m
[2m10:19:40[22m [36m[1m[vite][22m[39m [90m[2m(client)[22m[39m [32mhmr update [39m[2m/src/index.css, /src/components/home/UpcomingSection.tsx[22m
[2m10:19:40[22m [36m[1m[vite][22m[39m [90m[2m(client)[22m[39m [32mhmr update [39m[2m/src/index.css, /src/App.tsx, /src/components/layout/MainLayout.tsx, /src/components/layout/AppSidebar.tsx, /src/components/layout/WorkspaceTabs.tsx, /src/components/layout/SplitViewToggle.tsx, /src/components/layout/SecondaryPane.tsx, /src/components/layout/RequestsAppsMenu.tsx, /src/components/ui-shared/LanguageSwitcher.tsx, /src/components/ui-shared/InstallAppButton.tsx, /src/pages/Home.tsx, /src/components/home/DashboardStats.tsx, /src/components/home/UpcomingSection.tsx and 127 more[22m
[2m10:19:40[22m [36m[1m[vite][22m[39m [90m[2m(client)[22m[39m [32mhmr update [39m[2m/src/index.css, /src/components/layout/MainLayout.tsx[22m
[2m10:19:40[22m [36m[1m[vite][22m[39m [90m[2m(client)[22m[39m [32mhmr update [39m[2m/src/index.css, /src/components/layout/PageHeader.tsx[22m
[2m10:19:40[22m [36m[1m[vite][22m[39m [90m[2m(client)[22m[39m [32mhmr update [39m[2m/src/index.css, /src/components/layout/SlidePanel.tsx[22m
[2m10:19:40[22m [36m[1m[vite][22m[39m [90m[2m(client)[22m[39m [32mhmr update [39m[2m/src/index.css, /src/components/layout/SplitViewContext.tsx[22m
[2m10:19:40[22m [36m[1m[vite][22m[39m [90m[2m(client)[22m[39m [32mhmr update [39m[2m/src/index.css, /src/components/layout/WorkspaceTabs.tsx[22m
[2m10:19:40[22m [36m[1m[vite][22m[39m [90m[2m(client)[22m[39m [32mhmr update [39m[2m/src/index.css, /src/pages/project/Projects.tsx, /src/pages/sales/TenderList.tsx, /src/pages/sales/detail/components/lines/TenderLineTable.tsx, /src/pages/crm/CustomerList.tsx, /src/pages/project/features/components/detail/reports/FieldReportEditorView.tsx, /src/components/billing/OrderBillingSection.tsx, /src/pages/project/ProjectPositionsTab.tsx, /src/pages/project/features/components/detail/tabs/CostsTab.tsx, /src/pages/crm/detail/CustomerAddressesTable.tsx, /src/pages/sales/MyOrders.tsx and 12 more[22m
[2m10:19:40[22m [36m[1m[vite][22m[39m [90m[2m(client)[22m[39m [32mhmr update [39m[2m/src/index.css, /src/main.tsx, /src/App.tsx, /src/components/layout/SplitViewContext.tsx, /src/components/layout/RequestsAppsMenu.tsx, /src/components/layout/PaneErrorBoundary.tsx, /src/components/ui-shared/LanguageSwitcher.tsx, /src/components/ui-shared/Loader.tsx, /src/components/ui-shared/TableKit.tsx, /src/pages/project/ProjectDetail.tsx, /src/pages/project/features/components/detail/ProjectDetailHeader.tsx, /src/pages/project/features/components/detail/ProjectTopNav.tsx and 161 more[22m
[2m10:19:40[22m [36m[1m[vite][22m[39m [90m[2m(client)[22m[39m [32mhmr update [39m[2m/src/index.css, /src/components/layout/MainLayout.tsx, /src/routes/montageRoutes.tsx, /src/pages/Home.tsx, /src/pages/calendar/CalendarPage.tsx[22m
[2m10:19:40[22m [36m[1m[vite][22m[39m [90m[2m(client)[22m[39m [32mhmr update [39m[2m/src/index.css, /src/pages/project/features/components/detail/tabs/ProjectOverviewTab.tsx, /src/pages/project/features/components/detail/tabs/BillingTab.tsx, /src/pages/project/features/components/detail/tabs/overview/SalesPdfButton.tsx, /src/pages/project/Projects.tsx, /src/components/billing/OrderBillingSection.tsx, /src/components/billing/PaymentPlanSheet.tsx, /src/pages/sales/MyOrders.tsx, /src/pages/sales/MyOrderDetail.tsx, /src/pages/sales/components/OrderPaymentTab.tsx and 3 more[22m
[2m10:19:40[22m [36m[1m[vite][22m[39m [90m[2m(client)[22m[39m [32mhmr update [39m[2m/src/index.css, /src/pages/calendar/CalendarPage.tsx[22m
[2m10:19:40[22m [36m[1m[vite][22m[39m [90m[2m(client)[22m[39m [32mhmr update [39m[2m/src/index.css[22m
[2m10:19:40[22m [36m[1m[vite][22m[39m [90m[2m(client)[22m[39m [32mhmr update [39m[2m/src/index.css, /src/components/ui-shared/AnchoredPicker.tsx[22m
[2m10:19:40[22m [36m[1m[vite][22m[39m [90m[2m(client)[22m[39m [32mhmr update [39m[2m/src/index.css[22m
[2m10:19:40[22m [36m[1m[vite][22m[39m [90m[2m(client)[22m[39m [32mhmr update [39m[2m/src/index.css, /src/components/ui-shared/BlockingDialog.tsx[22m
[2m10:19:40[22m [36m[1m[vite][22m[39m [90m[2m(client)[22m[39m [32mhmr update [39m[2m/src/index.css, /src/components/ui-shared/BottomSheet.tsx[22m
[2m10:19:40[22m [36m[1m[vite][22m[39m [90m[2m(client)[22m[39m [32mhmr update [39m[2m/src/index.css, /src/components/ui-shared/Card.tsx[22m
[2m10:19:40[22m [36m[1m[vite][22m[39m [90m[2m(client)[22m[39m [32mhmr update [39m[2m/src/index.css, /src/components/ui-shared/ConfirmDialog.tsx[22m
[2m10:19:40[22m [36m[1m[vite][22m[39m [90m[2m(client)[22m[39m [32mhmr update [39m[2m/src/index.css, /src/components/ui-shared/CountrySelect.tsx[22m
[2m10:19:40[22m [36m[1m[vite][22m[39m [90m[2m(client)[22m[39m [32mhmr update [39m[2m/src/index.css, /src/components/ui-shared/LanguageSwitcher.tsx[22m
[2m10:19:40[22m [36m[1m[vite][22m[39m [90m[2m(client)[22m[39m [32mhmr update [39m[2m/src/index.css, /src/components/ui-shared/SignaturePad.tsx[22m
[2m10:19:40[22m [36m[1m[vite][22m[39m [90m[2m(client)[22m[39m [32mhmr update [39m[2m/src/index.css[22m
[2m10:19:40[22m [36m[1m[vite][22m[39m [90m[2m(client)[22m[39m [32mhmr update [39m[2m/src/index.css, /src/components/ui-shared/SlidingTopTabs.tsx[22m
[2m10:19:40[22m [36m[1m[vite][22m[39m [90m[2m(client)[22m[39m [32mhmr update [39m[2m/src/index.css, /src/components/ui-shared/TableKit.tsx[22m
[2m10:19:40[22m [36m[1m[vite][22m[39m [90m[2m(client)[22m[39m [32mhmr update [39m[2m/src/index.css, /src/pages/crm/CustomerDashboard.tsx[22m
[2m10:19:40[22m [36m[1m[vite][22m[39m [90m[2m(client)[22m[39m [32mhmr update [39m[2m/src/index.css[22m
[2m10:19:40[22m [36m[1m[vite][22m[39m [90m[2m(client)[22m[39m [32mhmr update [39m[2m/src/main.tsx, /src/index.css[22m
[2m10:19:40[22m [36m[1m[vite][22m[39m [90m[2m(client)[22m[39m [32mhmr update [39m[2m/src/index.css[22m
[2m10:19:40[22m [36m[1m[vite][22m[39m [90m[2m(client)[22m[39m [32mhmr update [39m[2m/src/index.css, /src/pages/project/Projects.tsx, /src/pages/sales/TenderList.tsx, /src/pages/sales/detail/components/lines/TenderLineTable.tsx, /src/pages/crm/CustomerList.tsx, /src/pages/project/features/components/detail/reports/FieldReportEditorView.tsx, /src/components/billing/OrderBillingSection.tsx, /src/pages/project/ProjectPositionsTab.tsx, /src/pages/project/features/components/detail/tabs/CostsTab.tsx, /src/pages/crm/detail/CustomerAddressesTable.tsx, /src/pages/sales/MyOrders.tsx and 12 more[22m
[2m10:19:40[22m [36m[1m[vite][22m[39m [90m[2m(client)[22m[39m [32mhmr update [39m[2m/src/index.css, /src/main.tsx, /src/App.tsx, /src/components/layout/SplitViewContext.tsx, /src/components/layout/RequestsAppsMenu.tsx, /src/components/layout/PaneErrorBoundary.tsx, /src/components/ui-shared/LanguageSwitcher.tsx, /src/components/ui-shared/Loader.tsx, /src/components/ui-shared/TableKit.tsx, /src/pages/project/ProjectDetail.tsx, /src/pages/project/features/components/detail/ProjectDetailHeader.tsx, /src/pages/project/features/components/detail/ProjectTopNav.tsx and 161 more[22m
[2m10:19:40[22m [36m[1m[vite][22m[39m [90m[2m(client)[22m[39m [32mhmr update [39m[2m/src/index.css, /src/main.tsx, /src/App.tsx, /src/components/layout/SplitViewContext.tsx, /src/components/layout/RequestsAppsMenu.tsx, /src/components/layout/PaneErrorBoundary.tsx, /src/components/ui-shared/LanguageSwitcher.tsx, /src/components/ui-shared/Loader.tsx, /src/components/ui-shared/TableKit.tsx, /src/pages/project/ProjectDetail.tsx, /src/pages/project/features/components/detail/ProjectDetailHeader.tsx, /src/pages/project/features/components/detail/ProjectTopNav.tsx and 161 more[22m
[2m10:19:40[22m [36m[1m[vite][22m[39m [90m[2m(client)[22m[39m [32mhmr update [39m[2m/src/index.css, /src/main.tsx, /src/App.tsx, /src/components/layout/SplitViewContext.tsx, /src/components/layout/RequestsAppsMenu.tsx, /src/components/layout/PaneErrorBoundary.tsx, /src/components/ui-shared/LanguageSwitcher.tsx, /src/components/ui-shared/Loader.tsx, /src/components/ui-shared/TableKit.tsx, /src/pages/project/ProjectDetail.tsx, /src/pages/project/features/components/detail/ProjectDetailHeader.tsx, /src/pages/project/features/components/detail/ProjectTopNav.tsx and 161 more[22m
[2m10:19:40[22m [36m[1m[vite][22m[39m [90m[2m(client)[22m[39m [32mhmr update [39m[2m/src/index.css, /src/main.tsx, /src/App.tsx, /src/components/layout/SplitViewContext.tsx, /src/components/layout/RequestsAppsMenu.tsx, /src/components/layout/PaneErrorBoundary.tsx, /src/components/ui-shared/LanguageSwitcher.tsx, /src/components/ui-shared/Loader.tsx, /src/components/ui-shared/TableKit.tsx, /src/pages/project/ProjectDetail.tsx, /src/pages/project/features/components/detail/ProjectDetailHeader.tsx, /src/pages/project/features/components/detail/ProjectTopNav.tsx and 161 more[22m
[2m10:19:40[22m [36m[1m[vite][22m[39m [90m[2m(client)[22m[39m [32mhmr update [39m[2m/src/index.css, /src/main.tsx, /src/App.tsx, /src/components/layout/SplitViewContext.tsx, /src/components/layout/RequestsAppsMenu.tsx, /src/components/layout/PaneErrorBoundary.tsx, /src/components/ui-shared/LanguageSwitcher.tsx, /src/components/ui-shared/Loader.tsx, /src/components/ui-shared/TableKit.tsx, /src/pages/project/ProjectDetail.tsx, /src/pages/project/features/components/detail/ProjectDetailHeader.tsx, /src/pages/project/features/components/detail/ProjectTopNav.tsx and 161 more[22m
[2m10:19:40[22m [36m[1m[vite][22m[39m [90m[2m(client)[22m[39m [32mhmr update [39m[2m/src/index.css, /src/main.tsx, /src/App.tsx, /src/components/layout/SplitViewContext.tsx, /src/components/layout/RequestsAppsMenu.tsx, /src/components/layout/PaneErrorBoundary.tsx, /src/components/ui-shared/LanguageSwitcher.tsx, /src/components/ui-shared/Loader.tsx, /src/components/ui-shared/TableKit.tsx, /src/pages/project/ProjectDetail.tsx, /src/pages/project/features/components/detail/ProjectDetailHeader.tsx, /src/pages/project/features/components/detail/ProjectTopNav.tsx and 161 more[22m
[2m10:19:40[22m [36m[1m[vite][22m[39m [90m[2m(client)[22m[39m [32mhmr update [39m[2m/src/index.css, /src/components/layout/MainLayout.tsx, /src/routes/montageRoutes.tsx, /src/pages/Home.tsx, /src/pages/calendar/CalendarPage.tsx[22m
[2m10:19:40[22m [36m[1m[vite][22m[39m [90m[2m(client)[22m[39m [32mhmr update [39m[2m/src/index.css, /src/routes/appPageRoutes.tsx, /src/components/layout/MainLayout.tsx, /src/routes/montageRoutes.tsx, /src/pages/Home.tsx, /src/components/home/UpcomingSection.tsx[22m
[2m10:19:40[22m [36m[1m[vite][22m[39m [90m[2m(client)[22m[39m [32mhmr update [39m[2m/src/index.css, /src/components/billing/OrderBillingSection.tsx, /src/components/billing/PaymentPlanSheet.tsx, /src/pages/sales/MyOrders.tsx, /src/pages/sales/MyOrderDetail.tsx, /src/pages/sales/components/OrderAddonsTab.tsx[22m
[2m10:19:40[22m [36m[1m[vite][22m[39m [90m[2m(client)[22m[39m [32mhmr update [39m[2m/src/index.css, /src/pages/project/features/components/detail/tabs/overview/SalesPdfButton.tsx, /src/pages/sales/TenderDetail.tsx, /src/pages/sales/components/QuotePdfButton.tsx, /src/components/billing/OrderBillingSection.tsx, /src/components/billing/PaymentPlanSheet.tsx, /src/components/payment/PaymentScheduleEditor.tsx, /src/pages/sales/components/OrderPaymentTab.tsx, /src/pages/sales/invoices/InvoiceListPage.tsx, /src/pages/crm/detail/CustomerOrdersTable.tsx and 2 more[22m
[2m10:19:40[22m [36m[1m[vite][22m[39m [90m[2m(client)[22m[39m [32mhmr update [39m[2m/src/index.css, /src/pages/project/features/components/detail/tabs/ProjectOverviewTab.tsx, /src/pages/project/features/components/detail/tabs/BillingTab.tsx, /src/pages/project/features/components/detail/tabs/overview/SalesPdfButton.tsx, /src/pages/project/Projects.tsx, /src/components/billing/OrderBillingSection.tsx, /src/components/billing/PaymentPlanSheet.tsx, /src/pages/sales/MyOrders.tsx, /src/pages/sales/MyOrderDetail.tsx, /src/pages/sales/components/OrderPaymentTab.tsx and 3 more[22m
[2m10:19:40[22m [36m[1m[vite][22m[39m [90m[2m(client)[22m[39m [32mhmr update [39m[2m/src/index.css, /src/App.tsx, /src/pages/sales/TenderList.tsx, /src/pages/sales/TenderDetail.tsx, /src/pages/sales/detail/components/lines/TenderLineTable.tsx, /src/pages/sales/detail/components/info/TenderPriceSummary.tsx, /src/pages/sales/detail/components/payment/TenderPaymentTab.tsx, /src/pages/sales/detail/components/modals/TenderSettingsModal.tsx, /src/pages/project/features/components/detail/tabs/overview/SalesPdfButton.tsx, /src/pages/sales/components/QuotePdfButton.tsx and 16 more[22m
[2m10:19:40[22m [36m[1m[vite][22m[39m [90m[2m(client)[22m[39m [32mhmr update [39m[2m/src/index.css, /src/components/home/UpcomingSection.tsx, /src/pages/calendar/CalendarPage.tsx, /src/pages/calendar/components/CreatePopup.tsx, /src/pages/calendar/components/InviteSendPanel.tsx[22m
[2m10:19:40[22m [36m[1m[vite][22m[39m [90m[2m(client)[22m[39m [32mhmr update [39m[2m/src/index.css, /src/components/layout/MainLayout.tsx[22m
[2m10:19:40[22m [36m[1m[vite][22m[39m [90m[2m(client)[22m[39m [32mhmr update [39m[2m/src/App.tsx, /src/components/home/UpcomingSection.tsx, /src/pages/project/ProjectDetail.tsx, /src/pages/project/features/components/detail/tabs/overview/AddonOrdersBox.tsx, /src/pages/project/features/components/detail/tabs/ProjectOverviewTab.tsx, /src/pages/project/Projects.tsx, /src/pages/sales/TenderDetail.tsx, /src/pages/project/features/components/detail/booking/SignatureRequestTab.tsx, /src/pages/project/features/components/detail/booking/MailTab.tsx, /src/pages/calendar/CalendarPage.tsx and 16 more[22m
[2m10:19:40[22m [36m[1m[vite][22m[39m [90m[2m(client)[22m[39m [32mhmr update [39m[2m/src/index.css, /src/App.tsx, /src/pages/sales/TenderList.tsx, /src/pages/sales/TenderDetail.tsx, /src/pages/sales/detail/components/lines/TenderLineTable.tsx, /src/pages/sales/detail/components/info/TenderPriceSummary.tsx, /src/pages/sales/detail/components/payment/TenderPaymentTab.tsx, /src/pages/sales/detail/components/modals/TenderSettingsModal.tsx, /src/pages/project/features/components/detail/tabs/overview/SalesPdfButton.tsx, /src/pages/sales/components/QuotePdfButton.tsx and 9 more[22m
[2m10:19:40[22m [36m[1m[vite][22m[39m [90m[2m(client)[22m[39m [32mhmr update [39m[2m/src/index.css, /src/pages/Home.tsx[22m
[2m10:19:40[22m [36m[1m[vite][22m[39m [90m[2m(client)[22m[39m [32mhmr update [39m[2m/src/index.css, /src/pages/Login.tsx[22m
[2m10:19:40[22m [36m[1m[vite][22m[39m [90m[2m(client)[22m[39m [32mhmr update [39m[2m/src/index.css[22m
[2m10:19:40[22m [36m[1m[vite][22m[39m [90m[2m(client)[22m[39m [32mhmr update [39m[2m/src/index.css[22m
[2m10:19:40[22m [36m[1m[vite][22m[39m [90m[2m(client)[22m[39m [32mhmr update [39m[2m/src/index.css, /src/pages/calendar/CalendarPage.tsx, /src/pages/calendar/components/MiniMonth.tsx, /src/pages/calendar/components/MonthGrid.tsx, /src/pages/calendar/components/TimeGrid.tsx, /src/pages/calendar/components/LabelRail.tsx, /src/pages/calendar/components/DetailPopup.tsx, /src/pages/calendar/components/LabelSettingsCard.tsx, /src/pages/calendar/components/DayPlanRows.tsx, /src/pages/calendar/components/CreatePopup.tsx, /src/pages/crm/tasks/TaskBoard.tsx and 6 more[22m
[2m10:19:41[22m [36m[1m[vite][22m[39m [90m[2m(client)[22m[39m [32mhmr update [39m[2m/src/index.css[22m
[2m10:19:41[22m [36m[1m[vite][22m[39m [90m[2m(client)[22m[39m [32mhmr update [39m[2m/src/index.css, /src/pages/calendar/components/CustomerPicker.tsx[22m
[2m10:19:41[22m [36m[1m[vite][22m[39m [90m[2m(client)[22m[39m [32mhmr update [39m[2m/src/index.css, /src/pages/calendar/components/MailComposePanel.tsx[22m
[2m10:19:41[22m [36m[1m[vite][22m[39m [90m[2m(client)[22m[39m [32mhmr update [39m[2m/src/index.css, /src/pages/calendar/components/MiniMonth.tsx[22m
[2m10:19:41[22m [36m[1m[vite][22m[39m [90m[2m(client)[22m[39m [32mhmr update [39m[2m/src/index.css, /src/pages/calendar/components/PeoplePickerModal.tsx[22m
[2m10:19:41[22m [36m[1m[vite][22m[39m [90m[2m(client)[22m[39m [32mhmr update [39m[2m/src/index.css, /src/pages/calendar/components/shells.tsx[22m
[2m10:19:41[22m [36m[1m[vite][22m[39m [90m[2m(client)[22m[39m [32mhmr update [39m[2m/src/index.css, /src/pages/inventory/detail/ArticleDetailView.tsx[22m
[2m10:19:41[22m [36m[1m[vite][22m[39m [90m[2m(client)[22m[39m [32mhmr update [39m[2m/src/index.css[22m
[2m10:19:41[22m [36m[1m[vite][22m[39m [90m[2m(client)[22m[39m [32mhmr update [39m[2m/src/index.css[22m
[2m10:19:41[22m [36m[1m[vite][22m[39m [90m[2m(client)[22m[39m [32mhmr update [39m[2m/src/index.css[22m
[2m10:19:41[22m [36m[1m[vite][22m[39m [90m[2m(client)[22m[39m [32mhmr update [39m[2m/src/index.css, /src/pages/crm/CustomerDashboard.tsx[22m
[2m10:19:41[22m [36m[1m[vite][22m[39m [90m[2m(client)[22m[39m [32mhmr update [39m[2m/src/index.css, /src/pages/crm/CustomerList.tsx[22m
[2m10:19:41[22m [36m[1m[vite][22m[39m [90m[2m(client)[22m[39m [32mhmr update [39m[2m/src/index.css[22m
[2m10:19:41[22m [36m[1m[vite][22m[39m [90m[2m(client)[22m[39m [32mhmr update [39m[2m/src/index.css[22m
[2m10:19:41[22m [36m[1m[vite][22m[39m [90m[2m(client)[22m[39m [32mhmr update [39m[2m/src/pages/project/ProjectDetail.tsx, /src/index.css[22m
[2m10:19:41[22m [36m[1m[vite][22m[39m [90m[2m(client)[22m[39m [32mhmr update [39m[2m/src/index.css[22m
[2m10:19:41[22m [36m[1m[vite][22m[39m [90m[2m(client)[22m[39m [32mhmr update [39m[2m/src/index.css, /src/pages/crm/detail/CustomerAddressesTable.tsx[22m
[2m10:19:41[22m [36m[1m[vite][22m[39m [90m[2m(client)[22m[39m [32mhmr update [39m[2m/src/index.css[22m
[2m10:19:41[22m [36m[1m[vite][22m[39m [90m[2m(client)[22m[39m [32mhmr update [39m[2m/src/index.css, /src/pages/crm/detail/CustomerOffersTable.tsx[22m
[2m10:19:41[22m [36m[1m[vite][22m[39m [90m[2m(client)[22m[39m [32mhmr update [39m[2m/src/index.css, /src/pages/crm/detail/CustomerOrdersTable.tsx[22m
[2m10:19:41[22m [36m[1m[vite][22m[39m [90m[2m(client)[22m[39m [32mhmr update [39m[2m/src/index.css, /src/pages/crm/detail/CustomerInfoCard.tsx, /src/pages/crm/detail/CustomerAddressesTable.tsx, /src/pages/crm/detail/CustomerNotesTable.tsx, /src/pages/crm/CustomerProductDiscounts.tsx[22m
[2m10:19:41[22m [36m[1m[vite][22m[39m [90m[2m(client)[22m[39m [32mhmr update [39m[2m/src/index.css, /src/pages/project/features/components/common/CostList.tsx[22m
[2m10:19:41[22m [36m[1m[vite][22m[39m [90m[2m(client)[22m[39m [32mhmr update [39m[2m/src/index.css[22m
[2m10:19:41[22m [36m[1m[vite][22m[39m [90m[2m(client)[22m[39m [32mhmr update [39m[2m/src/index.css, /src/pages/project/features/components/detail/booking/AppointmentList.tsx[22m
[2m10:19:41[22m [36m[1m[vite][22m[39m [90m[2m(client)[22m[39m [32mhmr update [39m[2m/src/index.css[22m
[2m10:19:41[22m [36m[1m[vite][22m[39m [90m[2m(client)[22m[39m [32mhmr update [39m[2m/src/index.css[22m
[2m10:19:41[22m [36m[1m[vite][22m[39m [90m[2m(client)[22m[39m [32mhmr update [39m[2m/src/index.css, /src/pages/project/features/components/detail/reports/AllSignaturesSheet.tsx[22m
[2m10:19:41[22m [36m[1m[vite][22m[39m [90m[2m(client)[22m[39m [32mhmr update [39m[2m/src/index.css, /src/pages/project/features/components/detail/tabs/AddonOrderOverview.tsx[22m
[2m10:19:41[22m [36m[1m[vite][22m[39m [90m[2m(client)[22m[39m [32mhmr update [39m[2m/src/index.css[22m
[2m10:19:41[22m [36m[1m[vite][22m[39m [90m[2m(client)[22m[39m [32mhmr update [39m[2m/src/index.css[22m
[2m10:19:41[22m [36m[1m[vite][22m[39m [90m[2m(client)[22m[39m [32mhmr update [39m[2m/src/index.css[22m
[2m10:19:41[22m [36m[1m[vite][22m[39m [90m[2m(client)[22m[39m [32mhmr update [39m[2m/src/index.css[22m
[2m10:19:41[22m [36m[1m[vite][22m[39m [90m[2m(client)[22m[39m [32mhmr update [39m[2m/src/index.css[22m
[2m10:19:41[22m [36m[1m[vite][22m[39m [90m[2m(client)[22m[39m [32mhmr update [39m[2m/src/index.css[22m
[2m10:19:41[22m [36m[1m[vite][22m[39m [90m[2m(client)[22m[39m [32mhmr update [39m[2m/src/index.css, /src/pages/inventory/OrdersPage.tsx[22m
[2m10:19:41[22m [36m[1m[vite][22m[39m [90m[2m(client)[22m[39m [32mhmr update [39m[2m/src/index.css[22m
[2m10:19:41[22m [36m[1m[vite][22m[39m [90m[2m(client)[22m[39m [32mhmr update [39m[2m/src/index.css, /src/pages/inventory/ProductDetailPage.tsx[22m
[2m10:19:41[22m [36m[1m[vite][22m[39m [90m[2m(client)[22m[39m [32mhmr update [39m[2m/src/index.css, /src/pages/inventory/StockMovementsPage.tsx[22m
[2m10:19:41[22m [36m[1m[vite][22m[39m [90m[2m(client)[22m[39m [32mhmr update [39m[2m/src/index.css, /src/pages/project/features/components/detail/tabs/overview/AddonOrdersBox.tsx[22m
[2m10:19:41[22m [36m[1m[vite][22m[39m [90m[2m(client)[22m[39m [32mhmr update [39m[2m/src/index.css, /src/pages/project/ProjectDetail.tsx[22m
[2m10:19:41[22m [36m[1m[vite][22m[39m [90m[2m(client)[22m[39m [32mhmr update [39m[2m/src/index.css[22m
[2m10:19:41[22m [36m[1m[vite][22m[39m [90m[2m(client)[22m[39m [32mhmr update [39m[2m/src/index.css, /src/pages/project/ProjectDetail.tsx, /src/pages/project/features/components/detail/ProjectTopNav.tsx, /src/pages/project/features/components/detail/tabs/ProjectOverviewTab.tsx, /src/pages/project/features/components/detail/tabs/overview/AddonOrdersBox.tsx[22m
[2m10:19:41[22m [36m[1m[vite][22m[39m [90m[2m(client)[22m[39m [32mhmr update [39m[2m/src/index.css, /src/pages/sales/MyOrderDetail.tsx[22m
[2m10:19:41[22m [36m[1m[vite][22m[39m [90m[2m(client)[22m[39m [32mhmr update [39m[2m/src/index.css[22m
[2m10:19:41[22m [36m[1m[vite][22m[39m [90m[2m(client)[22m[39m [32mhmr update [39m[2m/src/index.css, /src/pages/inventory/components/ArticleListView.tsx[22m
[2m10:19:41[22m [36m[1m[vite][22m[39m [90m[2m(client)[22m[39m [32mhmr update [39m[2m/src/index.css, /src/pages/inventory/components/ArticlePickerModal.tsx[22m
[2m10:19:41[22m [36m[1m[vite][22m[39m [90m[2m(client)[22m[39m [32mhmr update [39m[2m/src/index.css[22m
[2m10:19:41[22m [36m[1m[vite][22m[39m [90m[2m(client)[22m[39m [32mhmr update [39m[2m/src/index.css, /src/pages/inventory/components/BottomSheet.tsx[22m
[2m10:19:41[22m [36m[1m[vite][22m[39m [90m[2m(client)[22m[39m [32mhmr update [39m[2m/src/index.css, /src/pages/inventory/components/ComboCell.tsx[22m
[2m10:19:41[22m [36m[1m[vite][22m[39m [90m[2m(client)[22m[39m [32mhmr update [39m[2m/src/index.css, /src/pages/inventory/components/ExcelImportSheet.tsx[22m
[2m10:19:41[22m [36m[1m[vite][22m[39m [90m[2m(client)[22m[39m [32mhmr update [39m[2m/src/index.css, /src/pages/inventory/components/OrderSheet.tsx[22m
[2m10:19:41[22m [36m[1m[vite][22m[39m [90m[2m(client)[22m[39m [32mhmr update [39m[2m/src/index.css[22m
[2m10:19:41[22m [36m[1m[vite][22m[39m [90m[2m(client)[22m[39m [32mhmr update [39m[2m/src/index.css, /src/pages/sales/components/OrderAddonsTab.tsx[22m
[2m10:19:41[22m [36m[1m[vite][22m[39m [90m[2m(client)[22m[39m [32mhmr update [39m[2m/src/index.css[22m
[2m10:19:41[22m [36m[1m[vite][22m[39m [90m[2m(client)[22m[39m [32mhmr update [39m[2m/src/index.css, /src/pages/inventory/detail/ArticleDetailView.tsx[22m
[2m10:19:41[22m [36m[1m[vite][22m[39m [90m[2m(client)[22m[39m [32mhmr update [39m[2m/src/index.css, /src/pages/inventory/detail/ArticleMovementsView.tsx[22m
[2m10:19:41[22m [36m[1m[vite][22m[39m [90m[2m(client)[22m[39m [32mhmr update [39m[2m/src/index.css[22m
[2m10:19:41[22m [36m[1m[vite][22m[39m [90m[2m(client)[22m[39m [32mhmr update [39m[2m/src/index.css[22m
[2m10:19:41[22m [36m[1m[vite][22m[39m [90m[2m(client)[22m[39m [32mhmr update [39m[2m/src/index.css[22m
[2m10:19:41[22m [36m[1m[vite][22m[39m [90m[2m(client)[22m[39m [32mhmr update [39m[2m/src/index.css[22m
[2m10:19:41[22m [36m[1m[vite][22m[39m [90m[2m(client)[22m[39m [32mhmr update [39m[2m/src/index.css[22m
[2m10:19:41[22m [36m[1m[vite][22m[39m [90m[2m(client)[22m[39m [32mhmr update [39m[2m/src/index.css[22m
[2m10:19:41[22m [36m[1m[vite][22m[39m [90m[2m(client)[22m[39m [32mhmr update [39m[2m/src/index.css[22m
[2m10:19:41[22m [36m[1m[vite][22m[39m [90m[2m(client)[22m[39m [32mhmr update [39m[2m/src/index.css[22m
[2m10:19:41[22m [36m[1m[vite][22m[39m [90m[2m(client)[22m[39m [32mhmr update [39m[2m/src/index.css[22m
[2m10:19:41[22m [36m[1m[vite][22m[39m [90m[2m(client)[22m[39m [32mhmr update [39m[2m/src/index.css, /src/pages/sales/detail/components/common/AnchoredPopup.tsx[22m
[2m10:19:41[22m [36m[1m[vite][22m[39m [90m[2m(client)[22m[39m [32mhmr update [39m[2m/src/index.css, /src/pages/sales/detail/components/customer/TenderCustomerCard.tsx[22m
[2m10:19:41[22m [36m[1m[vite][22m[39m [90m[2m(client)[22m[39m [32mhmr update [39m[2m/src/index.css[22m
[2m10:19:41[22m [36m[1m[vite][22m[39m [90m[2m(client)[22m[39m [32mhmr update [39m[2m/src/index.css[22m
[2m10:19:41[22m [36m[1m[vite][22m[39m [90m[2m(client)[22m[39m [32mhmr update [39m[2m/src/index.css[22m
[2m10:19:41[22m [36m[1m[vite][22m[39m [90m[2m(client)[22m[39m [32mhmr update [39m[2m/src/index.css[22m
[2m10:19:41[22m [36m[1m[vite][22m[39m [90m[2m(client)[22m[39m [32mhmr update [39m[2m/src/pages/project/ProjectDetail.tsx, /src/index.css[22m
[2m10:19:41[22m [36m[1m[vite][22m[39m [90m[2m(client)[22m[39m [32mhmr update [39m[2m/src/index.css, /src/pages/project/ProjectPositionsTab.tsx[22m
[2m10:19:41[22m [36m[1m[vite][22m[39m [90m[2m(client)[22m[39m [32mhmr update [39m[2m/src/index.css[22m
[2m10:19:41[22m [36m[1m[vite][22m[39m [90m[2m(client)[22m[39m [32mhmr update [39m[2m/src/index.css, /src/pages/project/Projects.tsx[22m
[2m10:19:41[22m [36m[1m[vite][22m[39m [90m[2m(client)[22m[39m [32mhmr update [39m[2m/src/index.css[22m
[2m10:19:41[22m [36m[1m[vite][22m[39m [90m[2m(client)[22m[39m [32mhmr update [39m[2m/src/index.css, /src/pages/sales/detail/components/info/TenderPriceSummary.tsx[22m
[2m10:19:41[22m [36m[1m[vite][22m[39m [90m[2m(client)[22m[39m [32mhmr update [39m[2m/src/index.css, /src/pages/sales/detail/components/lines/TenderLineTable.tsx[22m
[2m10:19:41[22m [36m[1m[vite][22m[39m [90m[2m(client)[22m[39m [32mhmr update [39m[2m/src/index.css, /src/pages/project/features/components/common/CostList.tsx[22m
[2m10:19:41[22m [36m[1m[vite][22m[39m [90m[2m(client)[22m[39m [32mhmr update [39m[2m/src/index.css[22m
[2m10:19:41[22m [36m[1m[vite][22m[39m [90m[2m(client)[22m[39m [32mhmr update [39m[2m/src/index.css[22m
[2m10:19:41[22m [36m[1m[vite][22m[39m [90m[2m(client)[22m[39m [32mhmr update [39m[2m/src/index.css[22m
[2m10:19:41[22m [36m[1m[vite][22m[39m [90m[2m(client)[22m[39m [32mhmr update [39m[2m/src/index.css[22m
[2m10:19:41[22m [36m[1m[vite][22m[39m [90m[2m(client)[22m[39m [32mhmr update [39m[2m/src/index.css, /src/pages/project/features/components/detail/ProjectDetailHeader.tsx[22m
[2m10:19:41[22m [36m[1m[vite][22m[39m [90m[2m(client)[22m[39m [32mhmr update [39m[2m/src/index.css[22m
[2m10:19:41[22m [36m[1m[vite][22m[39m [90m[2m(client)[22m[39m [32mhmr update [39m[2m/src/index.css, /src/pages/project/features/components/detail/ProjectSectionRenderer.tsx[22m
[2m10:19:41[22m [36m[1m[vite][22m[39m [90m[2m(client)[22m[39m [32mhmr update [39m[2m/src/index.css[22m
[2m10:19:41[22m [36m[1m[vite][22m[39m [90m[2m(client)[22m[39m [32mhmr update [39m[2m/src/index.css, /src/pages/project/features/components/detail/ProjectTopNav.tsx[22m
[2m10:19:41[22m [36m[1m[vite][22m[39m [90m[2m(client)[22m[39m [32mhmr update [39m[2m/src/index.css, /src/pages/project/features/components/detail/booking/AppointmentList.tsx[22m
[2m10:19:41[22m [36m[1m[vite][22m[39m [90m[2m(client)[22m[39m [32mhmr update [39m[2m/src/index.css, /src/pages/project/features/components/detail/booking/BookingSection.tsx[22m
[2m10:19:41[22m [36m[1m[vite][22m[39m [90m[2m(client)[22m[39m [32mhmr update [39m[2m/src/index.css, /src/pages/project/features/components/detail/booking/SignatureRequestTab.tsx[22m
[2m10:19:41[22m [36m[1m[vite][22m[39m [90m[2m(client)[22m[39m [32mhmr update [39m[2m/src/index.css[22m
[2m10:19:41[22m [36m[1m[vite][22m[39m [90m[2m(client)[22m[39m [32mhmr update [39m[2m/src/index.css[22m
[2m10:19:41[22m [36m[1m[vite][22m[39m [90m[2m(client)[22m[39m [32mhmr update [39m[2m/src/index.css[22m
[2m10:19:41[22m [36m[1m[vite][22m[39m [90m[2m(client)[22m[39m [32mhmr update [39m[2m/src/index.css[22m
[2m10:19:41[22m [36m[1m[vite][22m[39m [90m[2m(client)[22m[39m [32mhmr update [39m[2m/src/index.css, /src/pages/sales/detail/components/payment/TenderPaymentTab.tsx[22m
[2m10:19:41[22m [36m[1m[vite][22m[39m [90m[2m(client)[22m[39m [32mhmr update [39m[2m/src/index.css[22m
[2m10:19:41[22m [36m[1m[vite][22m[39m [90m[2m(client)[22m[39m [32mhmr update [39m[2m/src/index.css[22m
[2m10:19:41[22m [36m[1m[vite][22m[39m [90m[2m(client)[22m[39m [32mhmr update [39m[2m/src/index.css, /src/pages/project/features/components/detail/reports/AllSignaturesSheet.tsx[22m
[2m10:19:41[22m [36m[1m[vite][22m[39m [90m[2m(client)[22m[39m [32mhmr update [39m[2m/src/index.css, /src/pages/project/features/components/detail/reports/AppointmentReportSheet.tsx[22m
[2m10:19:41[22m [36m[1m[vite][22m[39m [90m[2m(client)[22m[39m [32mhmr update [39m[2m/src/index.css, /src/pages/project/features/components/detail/reports/AppointmentSignaturesView.tsx[22m
[2m10:19:41[22m [36m[1m[vite][22m[39m [90m[2m(client)[22m[39m [32mhmr update [39m[2m/src/index.css, /src/pages/project/features/components/detail/reports/DeliveryChecklistView.tsx[22m
[2m10:19:41[22m [36m[1m[vite][22m[39m [90m[2m(client)[22m[39m [32mhmr update [39m[2m/src/index.css, /src/pages/project/features/components/detail/reports/FieldReportEditorView.tsx[22m
[2m10:19:41[22m [36m[1m[vite][22m[39m [90m[2m(client)[22m[39m [32mhmr update [39m[2m/src/index.css[22m
[2m10:19:41[22m [36m[1m[vite][22m[39m [90m[2m(client)[22m[39m [32mhmr update [39m[2m/src/index.css, /src/pages/project/features/components/detail/tabs/AddonOrderOverview.tsx[22m
[2m10:19:41[22m [36m[1m[vite][22m[39m [90m[2m(client)[22m[39m [32mhmr update [39m[2m/src/index.css, /src/pages/project/features/components/detail/tabs/BillingTab.tsx[22m
[2m10:19:41[22m [36m[1m[vite][22m[39m [90m[2m(client)[22m[39m [32mhmr update [39m[2m/src/index.css, /src/pages/project/features/components/detail/tabs/CostsTab.tsx[22m
[2m10:19:41[22m [36m[1m[vite][22m[39m [90m[2m(client)[22m[39m [32mhmr update [39m[2m/src/index.css, /src/pages/project/features/components/detail/tabs/CreateAddonOrderTab.tsx[22m
[2m10:19:41[22m [36m[1m[vite][22m[39m [90m[2m(client)[22m[39m [32mhmr update [39m[2m/src/index.css, /src/pages/project/features/components/detail/tabs/ProjectOverviewTab.tsx[22m
[2m10:19:41[22m [36m[1m[vite][22m[39m [90m[2m(client)[22m[39m [32mhmr update [39m[2m/src/index.css, /src/pages/project/features/components/detail/tabs/ReportsTab.tsx[22m
[2m10:19:41[22m [36m[1m[vite][22m[39m [90m[2m(client)[22m[39m [32mhmr update [39m[2m/src/index.css, /src/pages/sales/detail/components/pdf/TenderPdfContentPanel.tsx[22m
[2m10:19:41[22m [36m[1m[vite][22m[39m [90m[2m(client)[22m[39m [32mhmr update [39m[2m/src/index.css[22m
[2m10:19:41[22m [36m[1m[vite][22m[39m [90m[2m(client)[22m[39m [32mhmr update [39m[2m/src/index.css, /src/pages/sales/TenderDetail.tsx[22m
[2m10:19:41[22m [36m[1m[vite][22m[39m [90m[2m(client)[22m[39m [32mhmr update [39m[2m/src/index.css, /src/pages/sales/TenderDetail.tsx, /src/pages/sales/detail/components/common/QuoteDatePicker.tsx, /src/pages/sales/detail/components/customer/TenderCustomerCard.tsx, /src/pages/sales/detail/components/customer/TenderCustomerSection.tsx, /src/pages/sales/detail/components/info/TenderCommissionInput.tsx, /src/pages/sales/detail/components/common/QuoteSelect.tsx, /src/pages/sales/detail/components/mail/TenderCcField.tsx[22m
[2m10:19:41[22m [36m[1m[vite][22m[39m [90m[2m(client)[22m[39m [32mhmr update [39m[2m/src/index.css[22m
[2m10:19:41[22m [36m[1m[vite][22m[39m [90m[2m(client)[22m[39m [32mhmr update [39m[2m/src/index.css[22m
[2m10:19:41[22m [36m[1m[vite][22m[39m [90m[2m(client)[22m[39m [32mhmr update [39m[2m/src/index.css, /src/pages/project/features/components/detail/tabs/overview/AddonOrdersBox.tsx[22m
[2m10:19:41[22m [36m[1m[vite][22m[39m [90m[2m(client)[22m[39m [32mhmr update [39m[2m/src/index.css, /src/pages/project/features/components/detail/tabs/overview/CommissionsBox.tsx[22m
[2m10:19:41[22m [36m[1m[vite][22m[39m [90m[2m(client)[22m[39m [32mhmr update [39m[2m/src/index.css, /src/pages/project/features/components/detail/tabs/overview/DeliveryStatusBox.tsx[22m
[2m10:19:41[22m [36m[1m[vite][22m[39m [90m[2m(client)[22m[39m [32mhmr update [39m[2m/src/index.css, /src/pages/project/features/components/detail/tabs/overview/OrderHeaderTable.tsx[22m
[2m10:19:41[22m [36m[1m[vite][22m[39m [90m[2m(client)[22m[39m [32mhmr update [39m[2m/src/index.css, /src/pages/project/features/components/detail/tabs/overview/OrderNotifications.tsx[22m
[2m10:19:41[22m [36m[1m[vite][22m[39m [90m[2m(client)[22m[39m [32mhmr update [39m[2m/src/index.css, /src/pages/project/features/components/detail/tabs/overview/OrderSummaryTable.tsx[22m
[2m10:19:41[22m [36m[1m[vite][22m[39m [90m[2m(client)[22m[39m [32mhmr update [39m[2m/src/index.css, /src/pages/project/features/components/detail/tabs/overview/OverviewPieCharts.tsx[22m
[2m10:19:41[22m [36m[1m[vite][22m[39m [90m[2m(client)[22m[39m [32mhmr update [39m[2m/src/index.css, /src/pages/project/features/components/detail/tabs/overview/ProjectAddressLine.tsx[22m
[2m10:19:41[22m [36m[1m[vite][22m[39m [90m[2m(client)[22m[39m [32mhmr update [39m[2m/src/index.css, /src/pages/project/features/components/detail/tabs/overview/overviewChips.tsx[22m
[2m10:19:41[22m [36m[1m[vite][22m[39m [90m[2m(client)[22m[39m [32mhmr update [39m[2m/src/index.css, /src/pages/project/features/components/detail/tabs/overview/overviewChips.tsx, /src/pages/project/features/components/detail/tabs/ProjectOverviewTab.tsx, /src/pages/project/features/components/detail/tabs/overview/OrderSummaryTable.tsx[22m
[2m10:19:41[22m [36m[1m[vite][22m[39m [90m[2m(client)[22m[39m [32mhmr update [39m[2m/src/index.css, /src/pages/project/ProjectDetail.tsx[22m
[2m10:19:41[22m [36m[1m[vite][22m[39m [90m[2m(client)[22m[39m [32mhmr update [39m[2m/src/index.css[22m
[2m10:19:41[22m [36m[1m[vite][22m[39m [90m[2m(client)[22m[39m [32mhmr update [39m[2m/src/index.css, /src/pages/project/ProjectDetail.tsx, /src/pages/project/features/components/detail/ProjectTopNav.tsx, /src/pages/project/features/components/detail/tabs/ProjectOverviewTab.tsx, /src/pages/project/features/components/detail/tabs/overview/AddonOrdersBox.tsx[22m
[2m10:19:41[22m [36m[1m[vite][22m[39m [90m[2m(client)[22m[39m [32mhmr update [39m[2m/src/index.css, /src/pages/sales/MyOrderDetail.tsx[22m
[2m10:19:41[22m [36m[1m[vite][22m[39m [90m[2m(client)[22m[39m [32mhmr update [39m[2m/src/index.css, /src/pages/sales/MyOrders.tsx[22m
[2m10:19:41[22m [36m[1m[vite][22m[39m [90m[2m(client)[22m[39m [32mhmr update [39m[2m/src/index.css, /src/pages/sales/TenderCreate.tsx[22m
[2m10:19:41[22m [36m[1m[vite][22m[39m [90m[2m(client)[22m[39m [32mhmr update [39m[2m/src/pages/sales/TenderDetail.tsx, /src/index.css[22m
[2m10:19:41[22m [36m[1m[vite][22m[39m [90m[2m(client)[22m[39m [32mhmr update [39m[2m/src/index.css, /src/pages/sales/TenderList.tsx[22m
[2m10:19:41[22m [36m[1m[vite][22m[39m [90m[2m(client)[22m[39m [32mhmr update [39m[2m/src/index.css[22m
[2m10:19:41[22m [36m[1m[vite][22m[39m [90m[2m(client)[22m[39m [32mhmr update [39m[2m/src/index.css, /src/pages/sales/components/OrderAddonsTab.tsx[22m
[2m10:19:41[22m [36m[1m[vite][22m[39m [90m[2m(client)[22m[39m [32mhmr update [39m[2m/src/index.css, /src/pages/sales/components/OrderPaymentTab.tsx[22m
[2m10:19:41[22m [36m[1m[vite][22m[39m [90m[2m(client)[22m[39m [32mhmr update [39m[2m/src/index.css, /src/pages/sales/components/OrderQuoteTab.tsx[22m
[2m10:19:41[22m [36m[1m[vite][22m[39m [90m[2m(client)[22m[39m [32mhmr update [39m[2m/src/index.css, /src/pages/sales/components/QuotePdfButton.tsx[22m
[2m10:19:41[22m [36m[1m[vite][22m[39m [90m[2m(client)[22m[39m [32mhmr update [39m[2m/src/index.css[22m
[2m10:19:41[22m [36m[1m[vite][22m[39m [90m[2m(client)[22m[39m [32mhmr update [39m[2m/src/index.css, /src/pages/sales/detail/TenderLogsPanel.tsx[22m
[2m10:19:41[22m [36m[1m[vite][22m[39m [90m[2m(client)[22m[39m [32mhmr update [39m[2m/src/index.css, /src/pages/sales/detail/components/RichTextMarkdownEditor.tsx[22m
[2m10:19:41[22m [36m[1m[vite][22m[39m [90m[2m(client)[22m[39m [32mhmr update [39m[2m/src/index.css, /src/pages/sales/detail/components/TenderDetailHeader.tsx[22m
[2m10:19:41[22m [36m[1m[vite][22m[39m [90m[2m(client)[22m[39m [32mhmr update [39m[2m/src/index.css, /src/pages/sales/detail/components/TenderSettingsMenu.tsx[22m
[2m10:19:41[22m [36m[1m[vite][22m[39m [90m[2m(client)[22m[39m [32mhmr update [39m[2m/src/index.css, /src/pages/sales/detail/components/TenderWorkspaceTabs.tsx[22m
[2m10:19:41[22m [36m[1m[vite][22m[39m [90m[2m(client)[22m[39m [32mhmr update [39m[2m/src/index.css[22m
[2m10:19:41[22m [36m[1m[vite][22m[39m [90m[2m(client)[22m[39m [32mhmr update [39m[2m/src/index.css, /src/pages/sales/detail/components/address/TenderAddressSection.tsx[22m
[2m10:19:41[22m [36m[1m[vite][22m[39m [90m[2m(client)[22m[39m [32mhmr update [39m[2m/src/index.css, /src/pages/sales/detail/components/common/AnchoredPopup.tsx[22m
[2m10:19:41[22m [36m[1m[vite][22m[39m [90m[2m(client)[22m[39m [32mhmr update [39m[2m/src/index.css, /src/pages/sales/detail/components/common/PlainUi.tsx[22m
[2m10:19:41[22m [36m[1m[vite][22m[39m [90m[2m(client)[22m[39m [32mhmr update [39m[2m/src/index.css, /src/pages/sales/detail/components/common/QuoteSelect.tsx[22m
[2m10:19:41[22m [36m[1m[vite][22m[39m [90m[2m(client)[22m[39m [32mhmr update [39m[2m/src/index.css, /src/pages/sales/detail/components/customer/TenderCustomerCard.tsx[22m
[2m10:19:41[22m [36m[1m[vite][22m[39m [90m[2m(client)[22m[39m [32mhmr update [39m[2m/src/index.css, /src/pages/sales/detail/components/customer/TenderCustomerSection.tsx[22m
[2m10:19:41[22m [36m[1m[vite][22m[39m [90m[2m(client)[22m[39m [32mhmr update [39m[2m/src/routes/AppRouter.tsx, /src/index.css[22m
[2m10:19:41[22m [36m[1m[vite][22m[39m [90m[2m(client)[22m[39m [32mhmr update [39m[2m/src/index.css, /src/pages/sales/detail/components/info/TenderPriceSummary.tsx[22m
[2m10:19:41[22m [36m[1m[vite][22m[39m [90m[2m(client)[22m[39m [32mhmr update [39m[2m/src/index.css, /src/pages/sales/detail/components/lines/TenderLineTable.tsx[22m
[2m10:19:41[22m [36m[1m[vite][22m[39m [90m[2m(client)[22m[39m [32mhmr update [39m[2m/src/index.css, /src/pages/sales/detail/components/lines/TenderLineTableHeader.tsx[22m
[2m10:19:41[22m [36m[1m[vite][22m[39m [90m[2m(client)[22m[39m [32mhmr update [39m[2m/src/index.css, /src/pages/sales/detail/components/mail/TenderCcField.tsx[22m
[2m10:19:41[22m [36m[1m[vite][22m[39m [90m[2m(client)[22m[39m [32mhmr update [39m[2m/src/index.css, /src/pages/sales/detail/components/modals/TenderSettingsModal.tsx[22m
[2m10:19:41[22m [36m[1m[vite][22m[39m [90m[2m(client)[22m[39m [32mhmr update [39m[2m/src/styles/dark.css, /src/index.css[22m
[2m10:19:41[22m [36m[1m[vite][22m[39m [90m[2m(client)[22m[39m [32mhmr update [39m[2m/src/index.css[22m
[2m10:19:41[22m [36m[1m[vite][22m[39m [90m[2m(client)[22m[39m [32mhmr update [39m[2m/src/index.css, /src/pages/project/features/components/detail/tabs/overview/SalesPdfButton.tsx, /src/pages/sales/TenderDetail.tsx, /src/pages/sales/components/QuotePdfButton.tsx, /src/components/billing/OrderBillingSection.tsx, /src/pages/sales/invoices/InvoiceListPage.tsx, /src/pages/sales/detail/components/modals/TenderSettingsModal.tsx, /src/pages/inventory/components/OrderSheet.tsx[22m
[2m10:19:41[22m [36m[1m[vite][22m[39m [32mvite.config.ts changed, restarting server...[39m
[2m10:19:41[22m [36m[1m[vite][22m[39m [90m[2m(client)[22m[39m [32mhmr update [39m[2m/src/index.css, /src/pages/sales/detail/components/payment/TenderPaymentTab.tsx[22m
[2m10:19:41[22m [36m[1m[vite][22m[39m [90m[2m(client)[22m[39m [32mhmr update [39m[2m/src/index.css, /src/pages/sales/detail/components/pdf/TenderPdfContentPanel.tsx[22m
[2m10:19:41[22m [36m[1m[vite][22m[39m [90m[2m(client)[22m[39m [32mhmr update [39m[2m/src/index.css[22m
[2m10:19:41[22m [36m[1m[vite][22m[39m [90m[2m(client)[22m[39m [32mhmr update [39m[2m/src/index.css[22m
[2m10:19:41[22m [36m[1m[vite][22m[39m [90m[2m(client)[22m[39m [32mhmr update [39m[2m/src/index.css, /src/pages/sales/TenderDetail.tsx[22m
[2m10:19:41[22m [36m[1m[vite][22m[39m [90m[2m(client)[22m[39m [32mhmr update [39m[2m/src/index.css, /src/pages/sales/TenderDetail.tsx[22m
[2m10:19:41[22m [36m[1m[vite][22m[39m [90m[2m(client)[22m[39m [32mhmr update [39m[2m/src/index.css, /src/pages/sales/TenderDetail.tsx[22m
[2m10:19:41[22m [36m[1m[vite][22m[39m [90m[2m(client)[22m[39m [32mhmr update [39m[2m/src/index.css, /src/pages/sales/TenderDetail.tsx, /src/pages/sales/detail/components/common/QuoteDatePicker.tsx, /src/pages/sales/detail/components/customer/TenderCustomerCard.tsx, /src/pages/sales/detail/components/customer/TenderCustomerSection.tsx, /src/pages/sales/detail/components/info/TenderCommissionInput.tsx, /src/pages/sales/detail/components/common/QuoteSelect.tsx, /src/pages/sales/detail/components/mail/TenderCcField.tsx[22m
[2m10:19:41[22m [36m[1m[vite][22m[39m [90m[2m(client)[22m[39m [32mhmr update [39m[2m/src/index.css, /src/pages/sales/TenderList.tsx, /src/pages/sales/TenderDetail.tsx, /src/pages/crm/detail/CustomerOffersTable.tsx[22m
[2m10:19:41[22m [36m[1m[vite][22m[39m [90m[2m(client)[22m[39m [32mhmr update [39m[2m/src/index.css[22m
[2m10:19:41[22m [36m[1m[vite][22m[39m [90m[2m(client)[22m[39m [32mhmr update [39m[2m/src/index.css[22m
[2m10:19:41[22m [36m[1m[vite][22m[39m [90m[2m(client)[22m[39m [32mhmr update [39m[2m/src/index.css[22m
[2m10:19:41[22m [36m[1m[vite][22m[39m [90m[2m(client)[22m[39m [32mhmr update [39m[2m/src/routes/AppRouter.tsx, /src/index.css[22m
[2m10:19:41[22m [36m[1m[vite][22m[39m [90m[2m(client)[22m[39m [32mhmr update [39m[2m/src/index.css, /src/routes/appPageRoutes.tsx[22m
[2m10:19:41[22m [36m[1m[vite][22m[39m [90m[2m(client)[22m[39m [32mhmr update [39m[2m/src/index.css, /src/routes/montageRoutes.tsx[22m
[2m10:19:41[22m [36m[1m[vite][22m[39m [90m[2m(client)[22m[39m [32mhmr update [39m[2m/src/App.tsx, /src/routes/ProtectedRoute.tsx, /src/routes/PublicRoute.tsx, /src/components/layout/MainLayout.tsx, /src/pages/crm/activities/ActivitiesPage.tsx, /src/pages/crm/enquiries/EnquiriesPage.tsx, /src/pages/crm/enquiries/EnquiryFormPopup.tsx, /src/pages/crm/enquiries/EnquiryPopup.tsx, /src/pages/crm/enquiries/EnquiryComposePopup.tsx, /src/pages/PublicEnquiryPage.tsx, /src/components/layout/RequestsAppsMenu.tsx, /src/pages/crm/mail/MailPage.tsx, /src/pages/crm/mail/MailCategories.tsx and 87 more[22m
[2m10:19:41[22m [36m[1m[vite][22m[39m [90m[2m(client)[22m[39m [32mhmr update [39m[2m/src/index.css[22m
[2m10:19:41[22m [36m[1m[vite][22m[39m [90m[2m(client)[22m[39m [32mhmr update [39m[2m/src/index.css, /src/pages/project/features/components/detail/tabs/overview/SalesPdfButton.tsx, /src/pages/sales/TenderDetail.tsx, /src/components/billing/OrderBillingSection.tsx, /src/pages/project/ProjectPositionsTab.tsx, /src/pages/sales/components/OrderQuoteTab.tsx, /src/pages/sales/components/QuotePdfButton.tsx, /src/pages/sales/invoices/InvoiceListPage.tsx, /src/pages/inventory/components/OrderSheet.tsx, /src/pages/sales/detail/components/modals/TenderSettingsModal.tsx[22m
[2m10:19:41[22m [36m[1m[vite][22m[39m [90m[2m(client)[22m[39m [32mhmr update [39m[2m/src/styles/dark.css, /src/index.css[22m
[2m10:19:41[22m [36m[1m[vite][22m[39m [90m[2m(client)[22m[39m [32mhmr update [39m[2m/src/styles/fonts.css, /src/index.css[22m
[2m10:19:41[22m [36m[1m[vite][22m[39m [90m[2m(client)[22m[39m [32mhmr update [39m[2m/src/index.css, /src/styles/login.css[22m
[2m10:19:41[22m [36m[1m[vite][22m[39m [90m[2m(client)[22m[39m [32mhmr update [39m[2m/src/index.css[22m
[2m10:19:41[22m [36m[1m[vite][22m[39m [90m[2m(client)[22m[39m [32mhmr update [39m[2m/src/index.css, /src/pages/inventory/detail/ArticleImagePanel.tsx[22m
[2m10:19:41[22m [36m[1m[vite][22m[39m [90m[2m(client)[22m[39m [32mhmr update [39m[2m/src/index.css[22m
[2m10:19:41[22m [36m[1m[vite][22m[39m [90m[2m(client)[22m[39m [32mhmr update [39m[2m/src/index.css[22m
[2m10:19:41[22m [36m[1m[vite][22m[39m [90m[2m(client)[22m[39m [32mhmr update [39m[2m/src/index.css, /src/pages/project/features/components/detail/tabs/overview/SalesPdfButton.tsx, /src/pages/sales/TenderDetail.tsx, /src/pages/sales/components/QuotePdfButton.tsx, /src/components/billing/OrderBillingSection.tsx, /src/pages/sales/invoices/InvoiceListPage.tsx, /src/pages/sales/detail/components/modals/TenderSettingsModal.tsx, /src/pages/inventory/components/OrderSheet.tsx[22m
[2m10:19:41[22m [36m[1m[vite][22m[39m [90m[2m(client)[22m[39m [32mhmr update [39m[2m/src/index.css[22m
[2m10:19:41[22m [36m[1m[vite][22m[39m [90m[2m(client)[22m[39m [32mhmr update [39m[2m/src/index.css[22m
[2m10:19:41[22m [36m[1m[vite][22m[39m [90m[2m(client)[22m[39m [32mhmr update [39m[2m/src/index.css, /src/components/billing/OrderBillingSection.tsx, /src/pages/sales/invoices/InvoiceListPage.tsx[22m
[2m10:19:41[22m [36m[1m[vite][22m[39m [90m[2m(client)[22m[39m [32mhmr update [39m[2m/src/index.css[22m
[2m10:19:41[22m [36m[1m[vite][22m[39m [90m[2m(client)[22m[39m [32mhmr update [39m[2m/src/index.css, /src/pages/inventory/components/OrderSheet.tsx[22m
[2m10:19:41[22m [36m[1m[vite][22m[39m [90m[2m(client)[22m[39m [32mhmr update [39m[2m/src/index.css[22m
[2m10:19:41[22m [36m[1m[vite][22m[39m [90m[2m(client)[22m[39m [32mhmr update [39m[2m/src/index.css[22m
[2m10:19:41[22m [36m[1m[vite][22m[39m [90m[2m(client)[22m[39m [32mhmr update [39m[2m/src/index.css, /src/pages/project/features/components/detail/tabs/overview/SalesPdfButton.tsx, /src/pages/sales/TenderDetail.tsx, /src/pages/sales/components/QuotePdfButton.tsx[22m
[2m10:19:41[22m [36m[1m[vite][22m[39m [90m[2m(client)[22m[39m [32mhmr update [39m[2m/src/index.css, /src/pages/project/features/components/detail/tabs/overview/SalesPdfButton.tsx, /src/pages/sales/TenderDetail.tsx, /src/pages/sales/components/QuotePdfButton.tsx, /src/components/billing/OrderBillingSection.tsx, /src/pages/sales/invoices/InvoiceListPage.tsx, /src/pages/sales/detail/components/modals/TenderSettingsModal.tsx[22m
[2m10:19:41[22m [36m[1m[vite][22m[39m [90m[2m(client)[22m[39m [32mhmr update [39m[2m/src/index.css[22m
[2m10:19:41[22m [36m[1m[vite][22m[39m [90m[2m(client)[22m[39m [32mhmr update [39m[2m/src/index.css, /src/pages/project/features/components/detail/tabs/overview/SalesPdfButton.tsx, /src/pages/sales/TenderDetail.tsx, /src/pages/sales/components/QuotePdfButton.tsx, /src/components/billing/OrderBillingSection.tsx, /src/pages/sales/invoices/InvoiceListPage.tsx, /src/pages/sales/detail/components/modals/TenderSettingsModal.tsx[22m
[2m10:19:41[22m [36m[1m[vite][22m[39m [32mvite.config.ts changed, restarting server...[39m
[2m10:19:42[22m [36m[1m[vite][22m[39m [90m[2m(client)[22m[39m [32mhmr update [39m[2m/src/index.css, /src/components/ui-shared/DangerConfirmDialog.tsx[22m
[2m10:19:42[22m [36m[1m[vite][22m[39m [90m[2m(client)[22m[39m [32mhmr update [39m[2m/src/index.css, /src/components/ui-shared/PersonAvatar.tsx[22m
[2m10:19:42[22m [36m[1m[vite][22m[39m [90m[2m(client)[22m[39m [32mhmr update [39m[2m/src/index.css, /src/components/ui-shared/Switch.tsx[22m
[2m10:19:42[22m [36m[1m[vite][22m[39m [90m[2m(client)[22m[39m [32mhmr update [39m[2m/src/index.css, /src/pages/crm/CommunicationPage.tsx[22m
[2m10:19:42[22m [36m[1m[vite][22m[39m [90m[2m(client)[22m[39m [32mhmr update [39m[2m/src/index.css[22m
[2m10:19:42[22m [36m[1m[vite][22m[39m [90m[2m(client)[22m[39m [32mhmr update [39m[2m/src/index.css, /src/pages/crm/QuickEntryPage.tsx[22m
[2m10:19:42[22m [36m[1m[vite][22m[39m [90m[2m(client)[22m[39m [32mhmr update [39m[2m/src/index.css[22m
[2m10:19:42[22m [36m[1m[vite][22m[39m [90m[2m(client)[22m[39m [32mhmr update [39m[2m/src/index.css, /src/pages/crm/TasksPage.tsx[22m
[2m10:19:42[22m [36m[1m[vite][22m[39m [90m[2m(client)[22m[39m [32mhmr update [39m[2m/src/index.css, /src/pages/crm/components/ContactCell.tsx[22m
[2m10:19:42[22m [36m[1m[vite][22m[39m [90m[2m(client)[22m[39m [32mhmr update [39m[2m/src/index.css, /src/pages/crm/components/CrmFilterBar.tsx[22m
[2m10:19:42[22m [36m[1m[vite][22m[39m [90m[2m(client)[22m[39m [32mhmr update [39m[2m/src/index.css, /src/pages/crm/components/CustomerComboCell.tsx[22m
[2m10:19:42[22m [36m[1m[vite][22m[39m [90m[2m(client)[22m[39m [32mhmr update [39m[2m/src/index.css, /src/pages/crm/components/CustomerContactCombo.tsx[22m
[2m10:19:42[22m [36m[1m[vite][22m[39m [90m[2m(client)[22m[39m [32mhmr update [39m[2m/src/index.css, /src/pages/crm/components/CustomerPicker.tsx[22m
[2m10:19:42[22m [36m[1m[vite][22m[39m [90m[2m(client)[22m[39m [32mhmr update [39m[2m/src/index.css, /src/pages/crm/components/CustomerPickerModal.tsx[22m
[2m10:19:42[22m [36m[1m[vite][22m[39m [90m[2m(client)[22m[39m [32mhmr update [39m[2m/src/index.css, /src/pages/crm/components/InteractionRows.tsx[22m
[2m10:19:42[22m [36m[1m[vite][22m[39m [90m[2m(client)[22m[39m [32mhmr update [39m[2m/src/index.css, /src/pages/crm/components/QuickEntryBulkTable.tsx[22m
[2m10:19:42[22m [36m[1m[vite][22m[39m [90m[2m(client)[22m[39m [32mhmr update [39m[2m/src/index.css, /src/pages/crm/components/QuickEntryForm.tsx[22m
[2m10:19:42[22m [36m[1m[vite][22m[39m [90m[2m(client)[22m[39m [32mhmr update [39m[2m/src/index.css, /src/pages/crm/components/QuickEntrySheet.tsx[22m
[2m10:19:42[22m [36m[1m[vite][22m[39m [90m[2m(client)[22m[39m [32mhmr update [39m[2m/src/index.css, /src/pages/crm/components/ReminderToasts.tsx[22m
[2m10:19:42[22m [36m[1m[vite][22m[39m [90m[2m(client)[22m[39m [32mhmr update [39m[2m/src/index.css[22m
[2m10:19:42[22m [36m[1m[vite][22m[39m [90m[2m(client)[22m[39m [32mhmr update [39m[2m/src/main.tsx, /src/index.css[22m
[2m10:19:42[22m [36m[1m[vite][22m[39m [90m[2m(client)[22m[39m [32mhmr update [39m[2m/src/pages/project/Projects.tsx, /src/pages/sales/TenderList.tsx, /src/pages/sales/detail/components/lines/TenderLineTable.tsx, /src/pages/crm/CustomerList.tsx, /src/pages/project/features/components/detail/reports/FieldReportEditorView.tsx, /src/components/billing/OrderBillingSection.tsx, /src/pages/project/ProjectPositionsTab.tsx, /src/pages/project/features/components/detail/tabs/CostsTab.tsx, /src/pages/crm/detail/CustomerAddressesTable.tsx, /src/pages/sales/MyOrders.tsx and 13 more[22m
[2m10:19:42[22m [36m[1m[vite][22m[39m [90m[2m(client)[22m[39m [32mhmr update [39m[2m/src/pages/project/Projects.tsx, /src/pages/sales/TenderList.tsx, /src/pages/sales/detail/components/lines/TenderLineTable.tsx, /src/pages/crm/CustomerList.tsx, /src/pages/project/features/components/detail/reports/FieldReportEditorView.tsx, /src/components/billing/OrderBillingSection.tsx, /src/pages/project/ProjectPositionsTab.tsx, /src/pages/project/features/components/detail/tabs/CostsTab.tsx, /src/pages/crm/detail/CustomerAddressesTable.tsx, /src/pages/sales/MyOrders.tsx and 13 more[22m
[2m10:19:42[22m [36m[1m[vite][22m[39m [90m[2m(client)[22m[39m [32mpage reload [39m[2msrc/lib/formFields.ts[22m
[2m10:19:42[22m [36m[1m[vite][22m[39m [90m[2m(client)[22m[39m [32mhmr update [39m[2m/src/index.css, /src/App.tsx, /src/pages/sales/TenderList.tsx, /src/pages/sales/TenderDetail.tsx, /src/pages/sales/detail/components/lines/TenderLineTable.tsx, /src/pages/sales/detail/components/info/TenderPriceSummary.tsx, /src/pages/sales/detail/components/payment/TenderPaymentTab.tsx, /src/pages/sales/detail/components/modals/TenderSettingsModal.tsx, /src/pages/project/features/components/detail/tabs/overview/SalesPdfButton.tsx, /src/pages/sales/components/QuotePdfButton.tsx and 16 more[22m
[2m10:19:42[22m [36m[1m[vite][22m[39m [90m[2m(client)[22m[39m [32mhmr update [39m[2m/src/index.css, /src/components/layout/MainLayout.tsx[22m
[2m10:19:42[22m [36m[1m[vite][22m[39m [90m[2m(client)[22m[39m [32mhmr update [39m[2m/src/index.css, /src/components/layout/MainLayout.tsx, /src/routes/montageRoutes.tsx, /src/pages/Home.tsx, /src/pages/calendar/CalendarPage.tsx, /src/pages/personnel/requests/RequestsPage.tsx[22m
[2m10:19:42[22m [36m[1m[vite][22m[39m [90m[2m(client)[22m[39m [32mhmr update [39m[2m/src/index.css, /src/components/layout/MainLayout.tsx, /src/routes/montageRoutes.tsx, /src/pages/Home.tsx, /src/pages/calendar/CalendarPage.tsx[22m
[2m10:19:42[22m [36m[1m[vite][22m[39m [90m[2m(client)[22m[39m [32mhmr update [39m[2m/src/index.css, /src/App.tsx, /src/routes/ProtectedRoute.tsx, /src/routes/PublicRoute.tsx, /src/components/layout/MainLayout.tsx, /src/pages/crm/activities/ActivitiesPage.tsx, /src/pages/crm/enquiries/EnquiriesPage.tsx, /src/pages/crm/enquiries/EnquiryFormPopup.tsx, /src/pages/crm/enquiries/EnquiryPopup.tsx, /src/pages/crm/enquiries/EnquiryComposePopup.tsx, /src/pages/PublicEnquiryPage.tsx, /src/components/layout/RequestsAppsMenu.tsx, /src/pages/crm/mail/MailPage.tsx and 87 more[22m
[2m10:19:42[22m [36m[1m[vite][22m[39m [90m[2m(client)[22m[39m [32mhmr update [39m[2m/src/index.css[22m
[2m10:19:42[22m [36m[1m[vite][22m[39m [90m[2m(client)[22m[39m [32mhmr update [39m[2m/src/index.css, /src/pages/personnel/person/tabs/PersonProfileTab.tsx[22m
[2m10:19:42[22m [36m[1m[vite][22m[39m [90m[2m(client)[22m[39m [32mhmr update [39m[2m/src/index.css, /src/pages/calendar/CalendarPage.tsx, /src/pages/calendar/components/CreatePopup.tsx, /src/pages/crm/tasks/TaskCompletionCard.tsx, /src/pages/crm/tasks/NewTaskCard.tsx, /src/pages/crm/tasks/TaskFilesPane.tsx, /src/components/layout/RequestsAppsMenu.tsx[22m
[2m10:19:42[22m [36m[1m[vite][22m[39m [90m[2m(client)[22m[39m [32mhmr update [39m[2m/src/index.css, /src/pages/calendar/components/InviteSendPanel.tsx[22m
[2m10:19:42[22m [36m[1m[vite][22m[39m [90m[2m(client)[22m[39m [32mhmr update [39m[2m/src/index.css, /src/components/layout/RequestsAppsMenu.tsx, /src/pages/personnel/requests/RequestsPage.tsx, /src/pages/personnel/requests/NewRequestPopup.tsx, /src/pages/personnel/person/tabs/PersonTimeTab.tsx, /src/pages/personnel/person/tabs/PersonAbsencesTab.tsx, /src/pages/personnel/person/tabs/PersonProfileTab.tsx, /src/pages/personnel/person/tabs/PersonLeaveYearTab.tsx, /src/pages/personnel/components/ManualEntryForm.tsx, /src/pages/personnel/timerecords/TimeRecordsPage.tsx and 1 more[22m
[2m10:19:42[22m [36m[1m[vite][22m[39m [90m[2m(client)[22m[39m [32mhmr update [39m[2m/src/index.css[22m
[2m10:19:42[22m [36m[1m[vite][22m[39m [90m[2m(client)[22m[39m [32mhmr update [39m[2m/src/index.css, /src/pages/crm/detail/CustomerCommunicationTable.tsx[22m
[2m10:19:42[22m [36m[1m[vite][22m[39m [90m[2m(client)[22m[39m [32mhmr update [39m[2m/src/index.css[22m
[2m10:19:42[22m [36m[1m[vite][22m[39m [90m[2m(client)[22m[39m [32mhmr update [39m[2m/src/index.css, /src/pages/personnel/PersonnelListPage.tsx[22m
[2m10:19:42[22m [36m[1m[vite][22m[39m [90m[2m(client)[22m[39m [32mhmr update [39m[2m/src/index.css, /src/pages/personnel/TimeClockPage.tsx[22m
[2m10:19:42[22m [36m[1m[vite][22m[39m [90m[2m(client)[22m[39m [32mhmr update [39m[2m/src/index.css, /src/pages/personnel/components/DayEntrySheet.tsx[22m
[2m10:19:42[22m [36m[1m[vite][22m[39m [90m[2m(client)[22m[39m [32mhmr update [39m[2m/src/index.css[22m
[2m10:19:42[22m [36m[1m[vite][22m[39m [90m[2m(client)[22m[39m [32mhmr update [39m[2m/src/index.css, /src/pages/personnel/components/LeaveList.tsx[22m
[2m10:19:42[22m [36m[1m[vite][22m[39m [90m[2m(client)[22m[39m [32mhmr update [39m[2m/src/index.css, /src/pages/personnel/components/PersonnelSheet.tsx[22m
[2m10:19:42[22m [36m[1m[vite][22m[39m [90m[2m(client)[22m[39m [32mhmr update [39m[2m/src/index.css, /src/pages/personnel/components/primitives.tsx[22m
[2m10:19:42[22m [36m[1m[vite][22m[39m [90m[2m(client)[22m[39m [32mhmr update [39m[2m/src/index.css, /src/pages/personnel/components/StaffCreateSheet.tsx[22m
[2m10:19:42[22m [36m[1m[vite][22m[39m [90m[2m(client)[22m[39m [32mhmr update [39m[2m/src/index.css, /src/pages/personnel/components/StaffQrSheet.tsx[22m
[2m10:19:42[22m [36m[1m[vite][22m[39m [90m[2m(client)[22m[39m [32mhmr update [39m[2m/src/index.css, /src/pages/personnel/components/WeekSheet.tsx[22m
[2m10:19:42[22m [36m[1m[vite][22m[39m [90m[2m(client)[22m[39m [32mhmr update [39m[2m/src/index.css, /src/pages/personnel/components/WelcomeOverlay.tsx[22m
[2m10:19:42[22m [36m[1m[vite][22m[39m [90m[2m(client)[22m[39m [32mhmr update [39m[2m/src/index.css, /src/pages/personnel/person/PersonHero.tsx[22m
[2m10:19:42[22m [36m[1m[vite][22m[39m [90m[2m(client)[22m[39m [32mhmr update [39m[2m/src/index.css, /src/pages/personnel/person/PersonJumpSheet.tsx[22m
[2m10:19:42[22m [36m[1m[vite][22m[39m [90m[2m(client)[22m[39m [32mhmr update [39m[2m/src/index.css, /src/pages/personnel/person/PersonPage.tsx[22m
[2m10:19:42[22m [36m[1m[vite][22m[39m [90m[2m(client)[22m[39m [32mhmr update [39m[2m/src/index.css, /src/pages/personnel/person/PersonPhotoSheet.tsx[22m
[2m10:19:42[22m [36m[1m[vite][22m[39m [90m[2m(client)[22m[39m [32mhmr update [39m[2m/src/index.css, /src/pages/personnel/person/tabs/PersonLeavesTab.tsx[22m
[2m10:19:42[22m [36m[1m[vite][22m[39m [90m[2m(client)[22m[39m [32mhmr update [39m[2m/src/index.css, /src/pages/personnel/requests/NewRequestPopup.tsx, /src/pages/personnel/person/tabs/PersonTimeTab.tsx, /src/pages/personnel/person/tabs/PersonAbsencesTab.tsx, /src/pages/personnel/person/tabs/PersonProfileTab.tsx, /src/pages/personnel/person/tabs/PersonLeaveYearTab.tsx, /src/pages/personnel/timerecords/TimeRecordsPage.tsx, /src/pages/personnel/components/ManualEntryForm.tsx, /src/pages/personnel/timerecords/AbsencesPopup.tsx[22m
[2m10:19:42[22m [36m[1m[vite][22m[39m [90m[2m(client)[22m[39m [32mhmr update [39m[2m/src/index.css, /src/components/layout/RequestsAppsMenu.tsx, /src/pages/personnel/requests/RequestsPage.tsx, /src/pages/personnel/requests/NewRequestPopup.tsx, /src/pages/personnel/person/tabs/PersonProfileTab.tsx[22m
[2m10:19:42[22m [36m[1m[vite][22m[39m [90m[2m(client)[22m[39m [32mhmr update [39m[2m/src/index.css[22m
[2m10:19:42[22m [36m[1m[vite][22m[39m [90m[2m(client)[22m[39m [32mhmr update [39m[2m/src/index.css[22m
[2m10:19:42[22m [36m[1m[vite][22m[39m [90m[2m(client)[22m[39m [32mpage reload [39m[2msrc/components/login/loginNotices.ts[22m
[2m10:19:42[22m [36m[1m[vite][22m[39m [90m[2m(client)[22m[39m [32mhmr update [39m[2m/src/index.css, /src/components/login/LoginNotifications.tsx[22m
[2m10:19:42[22m [36m[1m[vite][22m[39m [90m[2m(client)[22m[39m [32mhmr update [39m[2m/src/index.css, /src/components/login/LoginQrDialog.tsx[22m
[2m10:19:42[22m [36m[1m[vite][22m[39m [90m[2m(client)[22m[39m [32mpage reload [39m[2msrc/components/login/loginQrPayload.ts[22m
[2m10:19:42[22m [36m[1m[vite][22m[39m [90m[2m(client)[22m[39m [32mhmr update [39m[2m/src/index.css, /src/components/login/LoginWave.tsx[22m
[2m10:19:42[22m [36m[1m[vite][22m[39m [90m[2m(client)[22m[39m [32mhmr update [39m[2m/src/index.css, /src/pages/project/features/components/detail/reports/SignatureDispatchDialog.tsx[22m
[2m10:19:42[22m [36m[1m[vite][22m[39m [90m[2m(client)[22m[39m [32mhmr update [39m[2m/src/index.css, /src/styles/person.css[22m
[2m10:19:42[22m [36m[1m[vite][22m[39m [90m[2m(client)[22m[39m [32mhmr update [39m[2m/src/styles/refine.css, /src/index.css[22m
[2m10:19:42[22m [36m[1m[vite][22m[39m [90m[2m(client)[22m[39m [32mhmr update [39m[2m/src/index.css[22m
[2m10:19:42[22m [36m[1m[vite][22m[39m [90m[2m(client)[22m[39m [32mhmr update [39m[2m/src/index.css[22m
[2m10:19:42[22m [36m[1m[vite][22m[39m [90m[2m(client)[22m[39m [32mhmr update [39m[2m/src/index.css[22m
[2m10:19:42[22m [36m[1m[vite][22m[39m [90m[2m(client)[22m[39m [32mhmr update [39m[2m/src/index.css[22m
[2m10:19:42[22m [36m[1m[vite][22m[39m [90m[2m(client)[22m[39m [32mhmr update [39m[2m/src/index.css[22m
[2m10:19:42[22m [36m[1m[vite][22m[39m [90m[2m(client)[22m[39m [32mhmr update [39m[2m/src/index.css[22m
[2m10:19:42[22m [36m[1m[vite][22m[39m [90m[2m(client)[22m[39m [32mpage reload [39m[2msrc/pages/crm/forms/ui.ts[22m
[2m10:19:42[22m [36m[1m[vite][22m[39m [90m[2m(client)[22m[39m [32mpage reload [39m[2msrc/pages/crm/hooks/useCrmPagedList.ts[22m
[2m10:19:42[22m [36m[1m[vite][22m[39m [90m[2m(client)[22m[39m [32mhmr update [39m[2m/src/index.css, /src/pages/crm/tasks/TaskCustomerFilter.tsx[22m
[2m10:19:42[22m [36m[1m[vite][22m[39m [90m[2m(client)[22m[39m [32mpage reload [39m[2msrc/pages/crm/hooks/useDebouncedValue.ts[22m
[2m10:19:42[22m [36m[1m[vite][22m[39m [90m[2m(client)[22m[39m [32mhmr update [39m[2m/src/index.css, /src/pages/crm/components/StaffMultiCombo.tsx, /src/pages/crm/enquiries/EnquiryPopup.tsx, /src/pages/crm/tasks/TaskStaffFilter.tsx, /src/pages/sales/osp/OspPage.tsx[22m
[2m10:19:42[22m [36m[1m[vite][22m[39m [90m[2m(client)[22m[39m [32mpage reload [39m[2msrc/pages/crm/types/crm.types.ts[22m
[2m10:19:42[22m [36m[1m[vite][22m[39m [90m[2m(client)[22m[39m [32mhmr update [39m[2m/src/index.css, /src/pages/crm/components/StaffMultiCombo.tsx, /src/pages/calendar/CalendarPage.tsx, /src/pages/crm/tasks/TaskCompletionCard.tsx, /src/pages/crm/tasks/TaskBoard.tsx, /src/pages/crm/tasks/TaskStaffFilter.tsx, /src/pages/crm/tasks/NewTaskCard.tsx[22m
[2m10:19:42[22m [36m[1m[vite][22m[39m [90m[2m(client)[22m[39m [32mhmr update [39m[2m/src/index.css[22m
[2m10:19:42[22m [36m[1m[vite][22m[39m [90m[2m(client)[22m[39m [32mhmr update [39m[2m/src/index.css, /src/pages/personnel/requests/RequestsPage.tsx, /src/pages/personnel/requests/NewRequestPopup.tsx, /src/pages/personnel/timerecords/TimeRecordsPage.tsx[22m
[2m10:19:42[22m [36m[1m[vite][22m[39m [90m[2m(client)[22m[39m [32mpage reload [39m[2msrc/pages/personnel/hooks/useQrScanner.ts[22m
[2m10:19:42[22m [36m[1m[vite][22m[39m [90m[2m(client)[22m[39m [32mhmr update [39m[2m/src/index.css[22m
[2m10:19:42[22m [36m[1m[vite][22m[39m [90m[2m(client)[22m[39m [32mhmr update [39m[2m/src/index.css[22m
[2m10:19:42[22m [36m[1m[vite][22m[39m [90m[2m(client)[22m[39m [32mhmr update [39m[2m/src/index.css, /src/pages/settings/authorization/AuthorizationPage.tsx[22m
[2m10:19:42[22m [36m[1m[vite][22m[39m [90m[2m(client)[22m[39m [32mhmr update [39m[2m/src/index.css[22m
[2m10:19:42[22m [36m[1m[vite][22m[39m [90m[2m(client)[22m[39m [32mhmr update [39m[2m/src/index.css[22m
[2m10:19:42[22m [36m[1m[vite][22m[39m [90m[2m(client)[22m[39m [32mhmr update [39m[2m/src/index.css[22m
[33m(!) Your Vite config uses features that are unsupported by `configLoader: 'native'`, which is planned to become the default in a future major version of Vite:
  - `__dirname` (vite.config.ts:140:25). Use `import.meta.dirname` instead
Set `VITE_CONFIG_NATIVE_IGNORE_WARNING=true` to suppress this warning.[39m
[2m10:19:42[22m [36m[1m[vite][22m[39m [90m[2m(client)[22m[39m [32mhmr update [39m[2m/src/index.css[22m
[2m10:19:42[22m [36m[1m[vite][22m[39m [90m[2m(client)[22m[39m [32mhmr update [39m[2m/src/index.css[22m
[2m10:19:42[22m [36m[1m[vite][22m[39m [90m[2m(client)[22m[39m [32mhmr update [39m[2m/src/index.css[22m
[2m10:19:42[22m [36m[1m[vite][22m[39m [90m[2m(client)[22m[39m [32mhmr update [39m[2m/src/index.css[22m
[2m10:19:42[22m [36m[1m[vite][22m[39m [90m[2m(client)[22m[39m [32mhmr update [39m[2m/src/index.css[22m
[2m10:19:42[22m [36m[1m[vite][22m[39m [90m[2m(client)[22m[39m [32mhmr update [39m[2m/src/index.css[22m
[2m10:19:42[22m [36m[1m[vite][22m[39m [90m[2m(client)[22m[39m [32mhmr update [39m[2m/src/index.css, /src/pages/crm/forms/components/ChecklistLinkSheet.tsx[22m
[2m10:19:42[22m [36m[1m[vite][22m[39m [90m[2m(client)[22m[39m [32mhmr update [39m[2m/src/index.css[22m
[2m10:19:42[22m [36m[1m[vite][22m[39m [90m[2m(client)[22m[39m [32mhmr update [39m[2m/src/index.css, /src/pages/crm/forms/components/CustomerSelectModal.tsx[22m
[2m10:19:42[22m [36m[1m[vite][22m[39m [90m[2m(client)[22m[39m [32mhmr update [39m[2m/src/index.css[22m
[2m10:19:42[22m [36m[1m[vite][22m[39m [90m[2m(client)[22m[39m [32mhmr update [39m[2m/src/index.css, /src/pages/crm/forms/components/DrawingPad.tsx[22m
[2m10:19:42[22m [36m[1m[vite][22m[39m [90m[2m(client)[22m[39m [32mhmr update [39m[2m/src/index.css, /src/pages/crm/forms/components/FormFillSheet.tsx[22m
[2m10:19:42[22m [36m[1m[vite][22m[39m [90m[2m(client)[22m[39m [32mhmr update [39m[2m/src/index.css, /src/pages/crm/forms/components/FormFillView.tsx[22m
[2m10:19:42[22m [36m[1m[vite][22m[39m [90m[2m(client)[22m[39m [32mhmr update [39m[2m/src/index.css, /src/pages/crm/forms/components/FormRenderer.tsx[22m
[2m10:19:42[22m [36m[1m[vite][22m[39m [90m[2m(client)[22m[39m [32mhmr update [39m[2m/src/index.css, /src/pages/crm/forms/components/FormsContextPanel.tsx[22m
[2m10:19:42[22m [36m[1m[vite][22m[39m [90m[2m(client)[22m[39m [32mhmr update [39m[2m/src/index.css, /src/pages/crm/forms/components/SignatureField.tsx[22m
[2m10:19:42[22m [36m[1m[vite][22m[39m [90m[2m(client)[22m[39m [32mhmr update [39m[2m/src/index.css, /src/pages/crm/forms/components/TemplatePickerModal.tsx[22m
[2m10:19:42[22m [36m[1m[vite][22m[39m [90m[2m(client)[22m[39m Re-optimizing dependencies because vite config has changed
[2m10:19:42[22m [36m[1m[vite][22m[39m [90m[2m(client)[22m[39m [32mpage reload [39m[2mindex.html[22m
[2m10:19:43[22m [36m[1m[vite][22m[39m server restarted.
[2m10:19:44[22m [36m[1m[vite][22m[39m [32mvite.config.ts changed, restarting server...[39m
[2m10:19:44[22m [36m[1m[vite][22m[39m [90m[2m(client)[22m[39m [optimizer] scanning dependencies...
[2m10:19:44[22m [36m[1m[vite][22m[39m [32mvite.config.ts changed, restarting server...[39m
[2m10:19:45[22m [36m[1m[vite][22m[39m server restarted.
[2m10:19:46[22m [36m[1m[vite][22m[39m [90m[2m(client)[22m[39m [optimizer] scanning dependencies...
[31m(!) Failed to run dependency scan. Skipping dependency pre-bundling. Error: [31m  Failed to scan for dependencies from entries:
  C:/ERP/ErpFront/offitec-frontend/index.html
C:/ERP/ErpFront/offitec-frontend/android/build/reports/problems/problems-report.html
C:/ERP/ErpFront/offitec-frontend/android/app/src/main/assets/public/index.html
C:/ERP/ErpFront/offitec-frontend/android/app/build/intermediates/assets/debug/mergeDebugAssets/public/index.html

  [31mBuild failed with 32 errors:

[31m[PARSE_ERROR] [0mEncountered diff marker
    [38;5;246m╭[0m[38;5;246m─[0m[38;5;246m[[0m src/lib/autoColumnResize.ts:7:1 [38;5;246m][0m
    [38;5;246m│[0m
 [38;5;246m 7 │[0m <<<<<<<[38;5;249m [0m[38;5;249mU[0m[38;5;249mp[0m[38;5;249md[0m[38;5;249ma[0m[38;5;249mt[0m[38;5;249me[0m[38;5;249md[0m[38;5;249m [0m[38;5;249mu[0m[38;5;249mp[0m[38;5;249ms[0m[38;5;249mt[0m[38;5;249mr[0m[38;5;249me[0m[38;5;249ma[0m[38;5;249mm[0m
 [38;5;240m   │[0m ───┬───  
 [38;5;240m   │[0m    ╰───── between this marker and `=======` is the code that we're merging into
 [38;5;240m   │[0m 
 [38;5;246m13 │[0m =======
 [38;5;240m   │[0m ───┬───  
 [38;5;240m   │[0m    ╰───── between this marker and `>>>>>>>` is the incoming code
 [38;5;240m   │[0m 
 [38;5;246m20 │[0m >>>>>>>[38;5;249m [0m[38;5;249mS[0m[38;5;249mt[0m[38;5;249ma[0m[38;5;249ms[0m[38;5;249mh[0m[38;5;249me[0m[38;5;249md[0m[38;5;249m [0m[38;5;249mc[0m[38;5;249mh[0m[38;5;249ma[0m[38;5;249mn[0m[38;5;249mg[0m[38;5;249me[0m[38;5;249ms[0m
 [38;5;240m   │[0m ───┬───  
 [38;5;240m   │[0m    ╰───── this marker concludes the conflict region
 [38;5;240m   │[0m 
 [38;5;240m   │[0m [38;5;115mHelp[0m: Conflict markers indicate that a merge was started but could not be completed due to merge conflicts.
 [38;5;240m   │[0m       To resolve a conflict, keep only the code you want and then delete the lines containing conflict markers.
 [38;5;240m   │[0m       If you're having merge conflicts after pulling new code, the top section is the code you already had and the bottom section is the remote code.
 [38;5;240m   │[0m       If you're in the middle of a rebase, the top section is the code being rebased onto and the bottom section is the code coming from the current commit being rebased.
 [38;5;240m   │[0m       If you have nested conflicts, resolve the outermost conflict first.
[38;5;246m────╯[0m

[31m[PARSE_ERROR] [0mEncountered diff marker
   [38;5;246m╭[0m[38;5;246m─[0m[38;5;246m[[0m src/components/login/LoginQrDialog.tsx:5:1 [38;5;246m][0m
   [38;5;246m│[0m
 [38;5;246m5 │[0m <<<<<<<[38;5;249m [0m[38;5;249mU[0m[38;5;249mp[0m[38;5;249md[0m[38;5;249ma[0m[38;5;249mt[0m[38;5;249me[0m[38;5;249md[0m[38;5;249m [0m[38;5;249mu[0m[38;5;249mp[0m[38;5;249ms[0m[38;5;249mt[0m[38;5;249mr[0m[38;5;249me[0m[38;5;249ma[0m[38;5;249mm[0m
 [38;5;240m  │[0m ───┬───  
 [38;5;240m  │[0m    ╰───── between this marker and `=======` is the code that we're merging into
 [38;5;246m6 │[0m =======
 [38;5;240m  │[0m ───┬───  
 [38;5;240m  │[0m    ╰───── between this marker and `>>>>>>>` is the incoming code
 [38;5;240m  │[0m 
 [38;5;246m8 │[0m >>>>>>>[38;5;249m [0m[38;5;249mS[0m[38;5;249mt[0m[38;5;249ma[0m[38;5;249ms[0m[38;5;249mh[0m[38;5;249me[0m[38;5;249md[0m[38;5;249m [0m[38;5;249mc[0m[38;5;249mh[0m[38;5;249ma[0m[38;5;249mn[0m[38;5;249mg[0m[38;5;249me[0m[38;5;249ms[0m
 [38;5;240m  │[0m ───┬───  
 [38;5;240m  │[0m    ╰───── this marker concludes the conflict region
 [38;5;240m  │[0m 
 [38;5;240m  │[0m [38;5;115mHelp[0m: Conflict markers indicate that a merge was started but could not be completed due to merge conflicts.
 [38;5;240m  │[0m       To resolve a conflict, keep only the code you want and then delete the lines containing conflict markers.
 [38;5;240m  │[0m       If you're having merge conflicts after pulling new code, the top section is the code you already had and the bottom section is the remote code.
 [38;5;240m  │[0m       If you're in the middle of a rebase, the top section is the code being rebased onto and the bottom section is the code coming from the current commit being rebased.
 [38;5;240m  │[0m       If you have nested conflicts, resolve the outermost conflict first.
[38;5;246m───╯[0m

[31m[PARSE_ERROR] [0mEncountered diff marker
    [38;5;246m╭[0m[38;5;246m─[0m[38;5;246m[[0m src/pages/personnel/TimeClockPage.tsx:51:1 [38;5;246m][0m
    [38;5;246m│[0m
 [38;5;246m51 │[0m <<<<<<<[38;5;249m [0m[38;5;249mU[0m[38;5;249mp[0m[38;5;249md[0m[38;5;249ma[0m[38;5;249mt[0m[38;5;249me[0m[38;5;249md[0m[38;5;249m [0m[38;5;249mu[0m[38;5;249mp[0m[38;5;249ms[0m[38;5;249mt[0m[38;5;249mr[0m[38;5;249me[0m[38;5;249ma[0m[38;5;249mm[0m
 [38;5;240m   │[0m ───┬───  
 [38;5;240m   │[0m    ╰───── between this marker and `=======` is the code that we're merging into
 [38;5;246m52 │[0m =======
 [38;5;240m   │[0m ───┬───  
 [38;5;240m   │[0m    ╰───── between this marker and `>>>>>>>` is the incoming code
 [38;5;240m   │[0m 
 [38;5;246m58 │[0m >>>>>>>[38;5;249m [0m[38;5;249mS[0m[38;5;249mt[0m[38;5;249ma[0m[38;5;249ms[0m[38;5;249mh[0m[38;5;249me[0m[38;5;249md[0m[38;5;249m [0m[38;5;249mc[0m[38;5;249mh[0m[38;5;249ma[0m[38;5;249mn[0m[38;5;249mg[0m[38;5;249me[0m[38;5;249ms[0m
 [38;5;240m   │[0m ───┬───  
 [38;5;240m   │[0m    ╰───── this marker concludes the conflict region
 [38;5;240m   │[0m 
 [38;5;240m   │[0m [38;5;115mHelp[0m: Conflict markers indicate that a merge was started but could not be completed due to merge conflicts.
 [38;5;240m   │[0m       To resolve a conflict, keep only the code you want and then delete the lines containing conflict markers.
 [38;5;240m   │[0m       If you're having merge conflicts after pulling new code, the top section is the code you already had and the bottom section is the remote code.
 [38;5;240m   │[0m       If you're in the middle of a rebase, the top section is the code being rebased onto and the bottom section is the code coming from the current commit being rebased.
 [38;5;240m   │[0m       If you have nested conflicts, resolve the outermost conflict first.
[38;5;246m────╯[0m

[31m[PARSE_ERROR] [0mEncountered diff marker
    [38;5;246m╭[0m[38;5;246m─[0m[38;5;246m[[0m src/pages/crm/CommunicationPage.tsx:1:1 [38;5;246m][0m
    [38;5;246m│[0m
 [38;5;246m 1 │[0m <<<<<<<[38;5;249m [0m[38;5;249mU[0m[38;5;249mp[0m[38;5;249md[0m[38;5;249ma[0m[38;5;249mt[0m[38;5;249me[0m[38;5;249md[0m[38;5;249m [0m[38;5;249mu[0m[38;5;249mp[0m[38;5;249ms[0m[38;5;249mt[0m[38;5;249mr[0m[38;5;249me[0m[38;5;249ma[0m[38;5;249mm[0m
 [38;5;240m   │[0m ───┬───  
 [38;5;240m   │[0m    ╰───── between this marker and `=======` is the code that we're merging into
 [38;5;240m   │[0m 
 [38;5;246m19 │[0m =======
 [38;5;240m   │[0m ───┬───  
 [38;5;240m   │[0m    ╰───── between this marker and `>>>>>>>` is the incoming code
 [38;5;240m   │[0m 
 [38;5;246m38 │[0m >>>>>>>[38;5;249m [0m[38;5;249mS[0m[38;5;249mt[0m[38;5;249ma[0m[38;5;249ms[0m[38;5;249mh[0m[38;5;249me[0m[38;5;249md[0m[38;5;249m [0m[38;5;249mc[0m[38;5;249mh[0m[38;5;249ma[0m[38;5;249mn[0m[38;5;249mg[0m[38;5;249me[0m[38;5;249ms[0m
 [38;5;240m   │[0m ───┬───  
 [38;5;240m   │[0m    ╰───── this marker concludes the conflict region
 [38;5;240m   │[0m 
 [38;5;240m   │[0m [38;5;115mHelp[0m: Conflict markers indicate that a merge was started but could not be completed due to merge conflicts.
 [38;5;240m   │[0m       To resolve a conflict, keep only the code you want and then delete the lines containing conflict markers.
 [38;5;240m   │[0m       If you're having merge conflicts after pulling new code, the top section is the code you already had and the bottom section is the remote code.
 [38;5;240m   │[0m       If you're in the middle of a rebase, the top section is the code being rebased onto and the bottom section is the code coming from the current commit being rebased.
 [38;5;240m   │[0m       If you have nested conflicts, resolve the outermost conflict first.
[38;5;246m────╯[0m

[31m[PARSE_ERROR] [0mEncountered diff marker
    [38;5;246m╭[0m[38;5;246m─[0m[38;5;246m[[0m src/pages/personnel/PersonnelListPage.tsx:13:1 [38;5;246m][0m
    [38;5;246m│[0m
 [38;5;246m13 │[0m <<<<<<<[38;5;249m [0m[38;5;249mU[0m[38;5;249mp[0m[38;5;249md[0m[38;5;249ma[0m[38;5;249mt[0m[38;5;249me[0m[38;5;249md[0m[38;5;249m [0m[38;5;249mu[0m[38;5;249mp[0m[38;5;249ms[0m[38;5;249mt[0m[38;5;249mr[0m[38;5;249me[0m[38;5;249ma[0m[38;5;249mm[0m
 [38;5;240m   │[0m ───┬───  
 [38;5;240m   │[0m    ╰───── between this marker and `=======` is the code that we're merging into
 [38;5;240m   │[0m 
 [38;5;246m15 │[0m =======
 [38;5;240m   │[0m ───┬───  
 [38;5;240m   │[0m    ╰───── between this marker and `>>>>>>>` is the incoming code
 [38;5;240m   │[0m 
 [38;5;246m17 │[0m >>>>>>>[38;5;249m [0m[38;5;249mS[0m[38;5;249mt[0m[38;5;249ma[0m[38;5;249ms[0m[38;5;249mh[0m[38;5;249me[0m[38;5;249md[0m[38;5;249m [0m[38;5;249mc[0m[38;5;249mh[0m[38;5;249ma[0m[38;5;249mn[0m[38;5;249mg[0m[38;5;249me[0m[38;5;249ms[0m
 [38;5;240m   │[0m ───┬───  
 [38;5;240m   │[0m    ╰───── this marker concludes the conflict region
 [38;5;240m   │[0m 
 [38;5;240m   │[0m [38;5;115mHelp[0m: Conflict markers indicate that a merge was started but could not be completed due to merge conflicts.
 [38;5;240m   │[0m       To resolve a conflict, keep only the code you want and then delete the lines containing conflict markers.
 [38;5;240m   │[0m       If you're having merge conflicts after pulling new code, the top section is the code you already had and the bottom section is the remote code.
 [38;5;240m   │[0m       If you're in the middle of a rebase, the top section is the code being rebased onto and the bottom section is the code coming from the current commit being rebased.
 [38;5;240m   │[0m       If you have nested conflicts, resolve the outermost conflict first.
[38;5;246m────╯[0m

...
    at aggregateBindingErrorsIntoJsError (file:///C:/ERP/ErpFront/offitec-frontend/node_modules/rolldown/dist/shared/error-HDibX49O.mjs:48:18)
    at unwrapBindingResult (file:///C:/ERP/ErpFront/offitec-frontend/node_modules/rolldown/dist/shared/error-HDibX49O.mjs:18:128)
    at scan (file:///C:/ERP/ErpFront/offitec-frontend/node_modules/rolldown/dist/experimental-index.mjs:237:3)
    at async Object.build (file:///C:/ERP/ErpFront/offitec-frontend/node_modules/vite/dist/node/chunks/node.js:31493:3)
    at async scan (file:///C:/ERP/ErpFront/offitec-frontend/node_modules/vite/dist/node/chunks/node.js:31432:4)
    at async file:///C:/ERP/ErpFront/offitec-frontend/node_modules/vite/dist/node/chunks/node.js:34462:15[39m
[2m10:20:45[22m [31m[1m[vite][22m[39m [31m[2m(client)[22m[39m Pre-transform error: Transform failed with 1 error:

[31m[PARSE_ERROR] [0mEncountered diff marker
    [38;5;246m╭[0m[38;5;246m─[0m[38;5;246m[[0m src/lib/autoColumnResize.ts:7:1 [38;5;246m][0m
    [38;5;246m│[0m
 [38;5;246m 7 │[0m <<<<<<<[38;5;249m [0m[38;5;249mU[0m[38;5;249mp[0m[38;5;249md[0m[38;5;249ma[0m[38;5;249mt[0m[38;5;249me[0m[38;5;249md[0m[38;5;249m [0m[38;5;249mu[0m[38;5;249mp[0m[38;5;249ms[0m[38;5;249mt[0m[38;5;249mr[0m[38;5;249me[0m[38;5;249ma[0m[38;5;249mm[0m
 [38;5;240m   │[0m ───┬───  
 [38;5;240m   │[0m    ╰───── between this marker and `=======` is the code that we're merging into
 [38;5;240m   │[0m 
 [38;5;246m13 │[0m =======
 [38;5;240m   │[0m ───┬───  
 [38;5;240m   │[0m    ╰───── between this marker and `>>>>>>>` is the incoming code
 [38;5;240m   │[0m 
 [38;5;246m20 │[0m >>>>>>>[38;5;249m [0m[38;5;249mS[0m[38;5;249mt[0m[38;5;249ma[0m[38;5;249ms[0m[38;5;249mh[0m[38;5;249me[0m[38;5;249md[0m[38;5;249m [0m[38;5;249mc[0m[38;5;249mh[0m[38;5;249ma[0m[38;5;249mn[0m[38;5;249mg[0m[38;5;249me[0m[38;5;249ms[0m
 [38;5;240m   │[0m ───┬───  
 [38;5;240m   │[0m    ╰───── this marker concludes the conflict region
 [38;5;240m   │[0m 
 [38;5;240m   │[0m [38;5;115mHelp[0m: Conflict markers indicate that a merge was started but could not be completed due to merge conflicts.
 [38;5;240m   │[0m       To resolve a conflict, keep only the code you want and then delete the lines containing conflict markers.
 [38;5;240m   │[0m       If you're having merge conflicts after pulling new code, the top section is the code you already had and the bottom section is the remote code.
 [38;5;240m   │[0m       If you're in the middle of a rebase, the top section is the code being rebased onto and the bottom section is the code coming from the current commit being rebased.
 [38;5;240m   │[0m       If you have nested conflicts, resolve the outermost conflict first.
[38;5;246m────╯[0m

  Plugin: [35mvite:oxc[39m
  File: [36mC:/ERP/ErpFront/offitec-frontend/src/lib/autoColumnResize.ts[39m
[2m10:20:48[22m [36m[1m[vite][22m[39m [90m[2m(client)[22m[39m [optimizer] bundling dependencies...
[2m10:20:48[22m [31m[1m[vite][22m[39m [31mInternal server error: Transform failed with 1 error:

[31m[PARSE_ERROR] [0mEncountered diff marker
    [38;5;246m╭[0m[38;5;246m─[0m[38;5;246m[[0m src/lib/autoColumnResize.ts:7:1 [38;5;246m][0m
    [38;5;246m│[0m
 [38;5;246m 7 │[0m <<<<<<<[38;5;249m [0m[38;5;249mU[0m[38;5;249mp[0m[38;5;249md[0m[38;5;249ma[0m[38;5;249mt[0m[38;5;249me[0m[38;5;249md[0m[38;5;249m [0m[38;5;249mu[0m[38;5;249mp[0m[38;5;249ms[0m[38;5;249mt[0m[38;5;249mr[0m[38;5;249me[0m[38;5;249ma[0m[38;5;249mm[0m
 [38;5;240m   │[0m ───┬───  
 [38;5;240m   │[0m    ╰───── between this marker and `=======` is the code that we're merging into
 [38;5;240m   │[0m 
 [38;5;246m13 │[0m =======
 [38;5;240m   │[0m ───┬───  
 [38;5;240m   │[0m    ╰───── between this marker and `>>>>>>>` is the incoming code
 [38;5;240m   │[0m 
 [38;5;246m20 │[0m >>>>>>>[38;5;249m [0m[38;5;249mS[0m[38;5;249mt[0m[38;5;249ma[0m[38;5;249ms[0m[38;5;249mh[0m[38;5;249me[0m[38;5;249md[0m[38;5;249m [0m[38;5;249mc[0m[38;5;249mh[0m[38;5;249ma[0m[38;5;249mn[0m[38;5;249mg[0m[38;5;249me[0m[38;5;249ms[0m
 [38;5;240m   │[0m ───┬───  
 [38;5;240m   │[0m    ╰───── this marker concludes the conflict region
 [38;5;240m   │[0m 
 [38;5;240m   │[0m [38;5;115mHelp[0m: Conflict markers indicate that a merge was started but could not be completed due to merge conflicts.
 [38;5;240m   │[0m       To resolve a conflict, keep only the code you want and then delete the lines containing conflict markers.
 [38;5;240m   │[0m       If you're having merge conflicts after pulling new code, the top section is the code you already had and the bottom section is the remote code.
 [38;5;240m   │[0m       If you're in the middle of a rebase, the top section is the code being rebased onto and the bottom section is the code coming from the current commit being rebased.
 [38;5;240m   │[0m       If you have nested conflicts, resolve the outermost conflict first.
[38;5;246m────╯[0m
[39m
  Plugin: [35mvite:oxc[39m
  File: [36mC:/ERP/ErpFront/offitec-frontend/src/lib/autoColumnResize.ts[39m
      at transformWithOxc (file:///C:/ERP/ErpFront/offitec-frontend/node_modules/vite/dist/node/chunks/node.js:4103:19)
      at TransformPluginContext.transform (file:///C:/ERP/ErpFront/offitec-frontend/node_modules/vite/dist/node/chunks/node.js:4174:26)
      at EnvironmentPluginContainer.transform (file:///C:/ERP/ErpFront/offitec-frontend/node_modules/vite/dist/node/chunks/node.js:30932:51)
      at async loadAndTransform (file:///C:/ERP/ErpFront/offitec-frontend/node_modules/vite/dist/node/chunks/node.js:20671:26)
      at async viteTransformMiddleware (file:///C:/ERP/ErpFront/offitec-frontend/node_modules/vite/dist/node/chunks/node.js:25205:20)
[2m10:20:48[22m [31m[1m[vite][22m[39m [31m[2m(client)[22m[39m Pre-transform error: Transform failed with 1 error:

[31m[PARSE_ERROR] [0mEncountered diff marker
    [38;5;246m╭[0m[38;5;246m─[0m[38;5;246m[[0m src/lib/pageAccess.ts:27:1 [38;5;246m][0m
    [38;5;246m│[0m
 [38;5;246m27 │[0m <<<<<<<[38;5;249m [0m[38;5;249mU[0m[38;5;249mp[0m[38;5;249md[0m[38;5;249ma[0m[38;5;249mt[0m[38;5;249me[0m[38;5;249md[0m[38;5;249m [0m[38;5;249mu[0m[38;5;249mp[0m[38;5;249ms[0m[38;5;249mt[0m[38;5;249mr[0m[38;5;249me[0m[38;5;249ma[0m[38;5;249mm[0m
 [38;5;240m   │[0m ───┬───  
 [38;5;240m   │[0m    ╰───── between this marker and `=======` is the code that we're merging into
 [38;5;246m28 │[0m =======
 [38;5;240m   │[0m ───┬───  
 [38;5;240m   │[0m    ╰───── between this marker and `>>>>>>>` is the incoming code
 [38;5;240m   │[0m 
 [38;5;246m98 │[0m >>>>>>>[38;5;249m [0m[38;5;249mS[0m[38;5;249mt[0m[38;5;249ma[0m[38;5;249ms[0m[38;5;249mh[0m[38;5;249me[0m[38;5;249md[0m[38;5;249m [0m[38;5;249mc[0m[38;5;249mh[0m[38;5;249ma[0m[38;5;249mn[0m[38;5;249mg[0m[38;5;249me[0m[38;5;249ms[0m
 [38;5;240m   │[0m ───┬───  
 [38;5;240m   │[0m    ╰───── this marker concludes the conflict region
 [38;5;240m   │[0m 
 [38;5;240m   │[0m [38;5;115mHelp[0m: Conflict markers indicate that a merge was started but could not be completed due to merge conflicts.
 [38;5;240m   │[0m       To resolve a conflict, keep only the code you want and then delete the lines containing conflict markers.
 [38;5;240m   │[0m       If you're having merge conflicts after pulling new code, the top section is the code you already had and the bottom section is the remote code.
 [38;5;240m   │[0m       If you're in the middle of a rebase, the top section is the code being rebased onto and the bottom section is the code coming from the current commit being rebased.
 [38;5;240m   │[0m       If you have nested conflicts, resolve the outermost conflict first.
[38;5;246m────╯[0m

  Plugin: [35mvite:oxc[39m
  File: [36mC:/ERP/ErpFront/offitec-frontend/src/lib/pageAccess.ts[39m
[2m10:20:49[22m [31m[1m[vite][22m[39m [31m[2m(client)[22m[39m Pre-transform error: Transform failed with 1 error:

[31m[PARSE_ERROR] [0mEncountered diff marker
     [38;5;246m╭[0m[38;5;246m─[0m[38;5;246m[[0m src/lib/api/crm.ts:116:1 [38;5;246m][0m
     [38;5;246m│[0m
 [38;5;246m116 │[0m <<<<<<<[38;5;249m [0m[38;5;249mU[0m[38;5;249mp[0m[38;5;249md[0m[38;5;249ma[0m[38;5;249mt[0m[38;5;249me[0m[38;5;249md[0m[38;5;249m [0m[38;5;249mu[0m[38;5;249mp[0m[38;5;249ms[0m[38;5;249mt[0m[38;5;249mr[0m[38;5;249me[0m[38;5;249ma[0m[38;5;249mm[0m
 [38;5;240m    │[0m ───┬───  
 [38;5;240m    │[0m    ╰───── between this marker and `=======` is the code that we're merging into
 [38;5;246m117 │[0m =======
 [38;5;240m    │[0m ───┬───  
 [38;5;240m    │[0m    ╰───── between this marker and `>>>>>>>` is the incoming code
 [38;5;240m    │[0m 
 [38;5;246m120 │[0m >>>>>>>[38;5;249m [0m[38;5;249mS[0m[38;5;249mt[0m[38;5;249ma[0m[38;5;249ms[0m[38;5;249mh[0m[38;5;249me[0m[38;5;249md[0m[38;5;249m [0m[38;5;249mc[0m[38;5;249mh[0m[38;5;249ma[0m[38;5;249mn[0m[38;5;249mg[0m[38;5;249me[0m[38;5;249ms[0m
 [38;5;240m    │[0m ───┬───  
 [38;5;240m    │[0m    ╰───── this marker concludes the conflict region
 [38;5;240m    │[0m 
 [38;5;240m    │[0m [38;5;115mHelp[0m: Conflict markers indicate that a merge was started but could not be completed due to merge conflicts.
 [38;5;240m    │[0m       To resolve a conflict, keep only the code you want and then delete the lines containing conflict markers.
 [38;5;240m    │[0m       If you're having merge conflicts after pulling new code, the top section is the code you already had and the bottom section is the remote code.
 [38;5;240m    │[0m       If you're in the middle of a rebase, the top section is the code being rebased onto and the bottom section is the code coming from the current commit being rebased.
 [38;5;240m    │[0m       If you have nested conflicts, resolve the outermost conflict first.
[38;5;246m─────╯[0m

  Plugin: [35mvite:oxc[39m
  File: [36mC:/ERP/ErpFront/offitec-frontend/src/lib/api/crm.ts[39m
[2m10:20:49[22m [31m[1m[vite][22m[39m [31m[2m(client)[22m[39m Pre-transform error: Transform failed with 1 error:

[31m[PARSE_ERROR] [0mEncountered diff marker
     [38;5;246m╭[0m[38;5;246m─[0m[38;5;246m[[0m src/pages/personnel/utils/personnel.ts:335:1 [38;5;246m][0m
     [38;5;246m│[0m
 [38;5;246m335 │[0m =======
 [38;5;240m    │[0m ───┬───  
 [38;5;240m    │[0m    ╰───── between this marker and `=======` is the code that we're merging into
 [38;5;240m    │[0m 
 [38;5;246m359 │[0m >>>>>>>[38;5;249m [0m[38;5;249mS[0m[38;5;249mt[0m[38;5;249ma[0m[38;5;249ms[0m[38;5;249mh[0m[38;5;249me[0m[38;5;249md[0m[38;5;249m [0m[38;5;249mc[0m[38;5;249mh[0m[38;5;249ma[0m[38;5;249mn[0m[38;5;249mg[0m[38;5;249me[0m[38;5;249ms[0m
 [38;5;240m    │[0m ───┬───  
 [38;5;240m    │[0m    ╰───── this marker concludes the conflict region
 [38;5;240m    │[0m 
 [38;5;240m    │[0m [38;5;115mHelp[0m: This conflict marker appears to be incomplete (missing `=======` or `>>>>>>>`).
 [38;5;240m    │[0m       Check if the conflict markers were accidentally modified or partially deleted.
[38;5;246m─────╯[0m

  Plugin: [35mvite:oxc[39m
  File: [36mC:/ERP/ErpFront/offitec-frontend/src/pages/personnel/utils/personnel.ts[39m
[2m10:20:49[22m [31m[1m[vite][22m[39m [31m[2m(client)[22m[39m Pre-transform error: Transform failed with 1 error:

[31m[PARSE_ERROR] [0mEncountered diff marker
    [38;5;246m╭[0m[38;5;246m─[0m[38;5;246m[[0m src/lib/api/personnel.ts:8:1 [38;5;246m][0m
    [38;5;246m│[0m
 [38;5;246m 8 │[0m <<<<<<<[38;5;249m [0m[38;5;249mU[0m[38;5;249mp[0m[38;5;249md[0m[38;5;249ma[0m[38;5;249mt[0m[38;5;249me[0m[38;5;249md[0m[38;5;249m [0m[38;5;249mu[0m[38;5;249mp[0m[38;5;249ms[0m[38;5;249mt[0m[38;5;249mr[0m[38;5;249me[0m[38;5;249ma[0m[38;5;249mm[0m
 [38;5;240m   │[0m ───┬───  
 [38;5;240m   │[0m    ╰───── between this marker and `=======` is the code that we're merging into
 [38;5;240m   │[0m 
 [38;5;246m26 │[0m =======
 [38;5;240m   │[0m ───┬───  
 [38;5;240m   │[0m    ╰───── between this marker and `>>>>>>>` is the incoming code
 [38;5;240m   │[0m 
 [38;5;246m53 │[0m >>>>>>>[38;5;249m [0m[38;5;249mS[0m[38;5;249mt[0m[38;5;249ma[0m[38;5;249ms[0m[38;5;249mh[0m[38;5;249me[0m[38;5;249md[0m[38;5;249m [0m[38;5;249mc[0m[38;5;249mh[0m[38;5;249ma[0m[38;5;249mn[0m[38;5;249mg[0m[38;5;249me[0m[38;5;249ms[0m
 [38;5;240m   │[0m ───┬───  
 [38;5;240m   │[0m    ╰───── this marker concludes the conflict region
 [38;5;240m   │[0m 
 [38;5;240m   │[0m [38;5;115mHelp[0m: Conflict markers indicate that a merge was started but could not be completed due to merge conflicts.
 [38;5;240m   │[0m       To resolve a conflict, keep only the code you want and then delete the lines containing conflict markers.
 [38;5;240m   │[0m       If you're having merge conflicts after pulling new code, the top section is the code you already had and the bottom section is the remote code.
 [38;5;240m   │[0m       If you're in the middle of a rebase, the top section is the code being rebased onto and the bottom section is the code coming from the current commit being rebased.
 [38;5;240m   │[0m       If you have nested conflicts, resolve the outermost conflict first.
[38;5;246m────╯[0m

  Plugin: [35mvite:oxc[39m
  File: [36mC:/ERP/ErpFront/offitec-frontend/src/lib/api/personnel.ts[39m
[2m10:20:49[22m [36m[1m[vite][22m[39m [90m[2m(client)[22m[39m [32mdependency optimized: [33mreact-dom/client[32m[39m
[2m10:20:49[22m [31m[1m[vite][22m[39m [31m[2m(client)[22m[39m Pre-transform error: Transform failed with 1 error:

[31m[PARSE_ERROR] [0mEncountered diff marker
    [38;5;246m╭[0m[38;5;246m─[0m[38;5;246m[[0m src/lib/pageAccess.ts:27:1 [38;5;246m][0m
    [38;5;246m│[0m
 [38;5;246m27 │[0m <<<<<<<[38;5;249m [0m[38;5;249mU[0m[38;5;249mp[0m[38;5;249md[0m[38;5;249ma[0m[38;5;249mt[0m[38;5;249me[0m[38;5;249md[0m[38;5;249m [0m[38;5;249mu[0m[38;5;249mp[0m[38;5;249ms[0m[38;5;249mt[0m[38;5;249mr[0m[38;5;249me[0m[38;5;249ma[0m[38;5;249mm[0m
 [38;5;240m   │[0m ───┬───  
 [38;5;240m   │[0m    ╰───── between this marker and `=======` is the code that we're merging into
 [38;5;246m28 │[0m =======
 [38;5;240m   │[0m ───┬───  
 [38;5;240m   │[0m    ╰───── between this marker and `>>>>>>>` is the incoming code
 [38;5;240m   │[0m 
 [38;5;246m98 │[0m >>>>>>>[38;5;249m [0m[38;5;249mS[0m[38;5;249mt[0m[38;5;249ma[0m[38;5;249ms[0m[38;5;249mh[0m[38;5;249me[0m[38;5;249md[0m[38;5;249m [0m[38;5;249mc[0m[38;5;249mh[0m[38;5;249ma[0m[38;5;249mn[0m[38;5;249mg[0m[38;5;249me[0m[38;5;249ms[0m
 [38;5;240m   │[0m ───┬───  
 [38;5;240m   │[0m    ╰───── this marker concludes the conflict region
 [38;5;240m   │[0m 
 [38;5;240m   │[0m [38;5;115mHelp[0m: Conflict markers indicate that a merge was started but could not be completed due to merge conflicts.
 [38;5;240m   │[0m       To resolve a conflict, keep only the code you want and then delete the lines containing conflict markers.
 [38;5;240m   │[0m       If you're having merge conflicts after pulling new code, the top section is the code you already had and the bottom section is the remote code.
 [38;5;240m   │[0m       If you're in the middle of a rebase, the top section is the code being rebased onto and the bottom section is the code coming from the current commit being rebased.
 [38;5;240m   │[0m       If you have nested conflicts, resolve the outermost conflict first.
[38;5;246m────╯[0m

  Plugin: [35mvite:oxc[39m
  File: [36mC:/ERP/ErpFront/offitec-frontend/src/lib/pageAccess.ts[39m
[2m10:20:49[22m [31m[1m[vite][22m[39m [31m[2m(client)[22m[39m Pre-transform error: Transform failed with 1 error:

[31m[PARSE_ERROR] [0mEncountered diff marker
    [38;5;246m╭[0m[38;5;246m─[0m[38;5;246m[[0m src/lib/pageCatalog.ts:46:1 [38;5;246m][0m
    [38;5;246m│[0m
 [38;5;246m46 │[0m <<<<<<<[38;5;249m [0m[38;5;249mU[0m[38;5;249mp[0m[38;5;249md[0m[38;5;249ma[0m[38;5;249mt[0m[38;5;249me[0m[38;5;249md[0m[38;5;249m [0m[38;5;249mu[0m[38;5;249mp[0m[38;5;249ms[0m[38;5;249mt[0m[38;5;249mr[0m[38;5;249me[0m[38;5;249ma[0m[38;5;249mm[0m
 [38;5;240m   │[0m ───┬───  
 [38;5;240m   │[0m    ╰───── between this marker and `=======` is the code that we're merging into
 [38;5;240m   │[0m 
 [38;5;246m53 │[0m =======
 [38;5;240m   │[0m ───┬───  
 [38;5;240m   │[0m    ╰───── between this marker and `>>>>>>>` is the incoming code
 [38;5;240m   │[0m 
 [38;5;246m72 │[0m >>>>>>>[38;5;249m [0m[38;5;249mS[0m[38;5;249mt[0m[38;5;249ma[0m[38;5;249ms[0m[38;5;249mh[0m[38;5;249me[0m[38;5;249md[0m[38;5;249m [0m[38;5;249mc[0m[38;5;249mh[0m[38;5;249ma[0m[38;5;249mn[0m[38;5;249mg[0m[38;5;249me[0m[38;5;249ms[0m
 [38;5;240m   │[0m ───┬───  
 [38;5;240m   │[0m    ╰───── this marker concludes the conflict region
 [38;5;240m   │[0m 
 [38;5;240m   │[0m [38;5;115mHelp[0m: Conflict markers indicate that a merge was started but could not be completed due to merge conflicts.
 [38;5;240m   │[0m       To resolve a conflict, keep only the code you want and then delete the lines containing conflict markers.
 [38;5;240m   │[0m       If you're having merge conflicts after pulling new code, the top section is the code you already had and the bottom section is the remote code.
 [38;5;240m   │[0m       If you're in the middle of a rebase, the top section is the code being rebased onto and the bottom section is the code coming from the current commit being rebased.
 [38;5;240m   │[0m       If you have nested conflicts, resolve the outermost conflict first.
[38;5;246m────╯[0m

  Plugin: [35mvite:oxc[39m
  File: [36mC:/ERP/ErpFront/offitec-frontend/src/lib/pageCatalog.ts[39m
[2m10:20:50[22m [36m[1m[vite][22m[39m [90m[2m(client)[22m[39m [optimizer] bundling dependencies...
[2m10:20:50[22m [36m[1m[vite][22m[39m [90m[2m(client)[22m[39m [32mdependencies optimized: [33m@capacitor/core, antd/es/config-provider, antd/es/theme, axios, i18next-browser-languagedetector, i18next, react-i18next, react-router-dom, sonner, zustand[32m[39m
[2m10:20:50[22m [36m[1m[vite][22m[39m [90m[2m(client)[22m[39m [32moptimized dependencies changed. reloading[39m
[2m10:20:51[22m [31m[1m[vite][22m[39m [31m[2m(client)[22m[39m Pre-transform error: Transform failed with 1 error:

[31m[PARSE_ERROR] [0mEncountered diff marker
    [38;5;246m╭[0m[38;5;246m─[0m[38;5;246m[[0m src/lib/autoColumnResize.ts:7:1 [38;5;246m][0m
    [38;5;246m│[0m
 [38;5;246m 7 │[0m <<<<<<<[38;5;249m [0m[38;5;249mU[0m[38;5;249mp[0m[38;5;249md[0m[38;5;249ma[0m[38;5;249mt[0m[38;5;249me[0m[38;5;249md[0m[38;5;249m [0m[38;5;249mu[0m[38;5;249mp[0m[38;5;249ms[0m[38;5;249mt[0m[38;5;249mr[0m[38;5;249me[0m[38;5;249ma[0m[38;5;249mm[0m
 [38;5;240m   │[0m ───┬───  
 [38;5;240m   │[0m    ╰───── between this marker and `=======` is the code that we're merging into
 [38;5;240m   │[0m 
 [38;5;246m13 │[0m =======
 [38;5;240m   │[0m ───┬───  
 [38;5;240m   │[0m    ╰───── between this marker and `>>>>>>>` is the incoming code
 [38;5;240m   │[0m 
 [38;5;246m20 │[0m >>>>>>>[38;5;249m [0m[38;5;249mS[0m[38;5;249mt[0m[38;5;249ma[0m[38;5;249ms[0m[38;5;249mh[0m[38;5;249me[0m[38;5;249md[0m[38;5;249m [0m[38;5;249mc[0m[38;5;249mh[0m[38;5;249ma[0m[38;5;249mn[0m[38;5;249mg[0m[38;5;249me[0m[38;5;249ms[0m
 [38;5;240m   │[0m ───┬───  
 [38;5;240m   │[0m    ╰───── this marker concludes the conflict region
 [38;5;240m   │[0m 
 [38;5;240m   │[0m [38;5;115mHelp[0m: Conflict markers indicate that a merge was started but could not be completed due to merge conflicts.
 [38;5;240m   │[0m       To resolve a conflict, keep only the code you want and then delete the lines containing conflict markers.
 [38;5;240m   │[0m       If you're having merge conflicts after pulling new code, the top section is the code you already had and the bottom section is the remote code.
 [38;5;240m   │[0m       If you're in the middle of a rebase, the top section is the code being rebased onto and the bottom section is the code coming from the current commit being rebased.
 [38;5;240m   │[0m       If you have nested conflicts, resolve the outermost conflict first.
[38;5;246m────╯[0m

  Plugin: [35mvite:oxc[39m
  File: [36mC:/ERP/ErpFront/offitec-frontend/src/lib/autoColumnResize.ts[39m
[2m10:20:52[22m [31m[1m[vite][22m[39m [31m[2m(client)[22m[39m Pre-transform error: Transform failed with 1 error:

[31m[PARSE_ERROR] [0mEncountered diff marker
    [38;5;246m╭[0m[38;5;246m─[0m[38;5;246m[[0m src/lib/pageAccess.ts:27:1 [38;5;246m][0m
    [38;5;246m│[0m
 [38;5;246m27 │[0m <<<<<<<[38;5;249m [0m[38;5;249mU[0m[38;5;249mp[0m[38;5;249md[0m[38;5;249ma[0m[38;5;249mt[0m[38;5;249me[0m[38;5;249md[0m[38;5;249m [0m[38;5;249mu[0m[38;5;249mp[0m[38;5;249ms[0m[38;5;249mt[0m[38;5;249mr[0m[38;5;249me[0m[38;5;249ma[0m[38;5;249mm[0m
 [38;5;240m   │[0m ───┬───  
 [38;5;240m   │[0m    ╰───── between this marker and `=======` is the code that we're merging into
 [38;5;246m28 │[0m =======
 [38;5;240m   │[0m ───┬───  
 [38;5;240m   │[0m    ╰───── between this marker and `>>>>>>>` is the incoming code
 [38;5;240m   │[0m 
 [38;5;246m98 │[0m >>>>>>>[38;5;249m [0m[38;5;249mS[0m[38;5;249mt[0m[38;5;249ma[0m[38;5;249ms[0m[38;5;249mh[0m[38;5;249me[0m[38;5;249md[0m[38;5;249m [0m[38;5;249mc[0m[38;5;249mh[0m[38;5;249ma[0m[38;5;249mn[0m[38;5;249mg[0m[38;5;249me[0m[38;5;249ms[0m
 [38;5;240m   │[0m ───┬───  
 [38;5;240m   │[0m    ╰───── this marker concludes the conflict region
 [38;5;240m   │[0m 
 [38;5;240m   │[0m [38;5;115mHelp[0m: Conflict markers indicate that a merge was started but could not be completed due to merge conflicts.
 [38;5;240m   │[0m       To resolve a conflict, keep only the code you want and then delete the lines containing conflict markers.
 [38;5;240m   │[0m       If you're having merge conflicts after pulling new code, the top section is the code you already had and the bottom section is the remote code.
 [38;5;240m   │[0m       If you're in the middle of a rebase, the top section is the code being rebased onto and the bottom section is the code coming from the current commit being rebased.
 [38;5;240m   │[0m       If you have nested conflicts, resolve the outermost conflict first.
[38;5;246m────╯[0m

  Plugin: [35mvite:oxc[39m
  File: [36mC:/ERP/ErpFront/offitec-frontend/src/lib/pageAccess.ts[39m
[2m10:20:52[22m [31m[1m[vite][22m[39m [31mInternal server error: Transform failed with 1 error:

[31m[PARSE_ERROR] [0mEncountered diff marker
    [38;5;246m╭[0m[38;5;246m─[0m[38;5;246m[[0m src/lib/autoColumnResize.ts:7:1 [38;5;246m][0m
    [38;5;246m│[0m
 [38;5;246m 7 │[0m <<<<<<<[38;5;249m [0m[38;5;249mU[0m[38;5;249mp[0m[38;5;249md[0m[38;5;249ma[0m[38;5;249mt[0m[38;5;249me[0m[38;5;249md[0m[38;5;249m [0m[38;5;249mu[0m[38;5;249mp[0m[38;5;249ms[0m[38;5;249mt[0m[38;5;249mr[0m[38;5;249me[0m[38;5;249ma[0m[38;5;249mm[0m
 [38;5;240m   │[0m ───┬───  
 [38;5;240m   │[0m    ╰───── between this marker and `=======` is the code that we're merging into
 [38;5;240m   │[0m 
 [38;5;246m13 │[0m =======
 [38;5;240m   │[0m ───┬───  
 [38;5;240m   │[0m    ╰───── between this marker and `>>>>>>>` is the incoming code
 [38;5;240m   │[0m 
 [38;5;246m20 │[0m >>>>>>>[38;5;249m [0m[38;5;249mS[0m[38;5;249mt[0m[38;5;249ma[0m[38;5;249ms[0m[38;5;249mh[0m[38;5;249me[0m[38;5;249md[0m[38;5;249m [0m[38;5;249mc[0m[38;5;249mh[0m[38;5;249ma[0m[38;5;249mn[0m[38;5;249mg[0m[38;5;249me[0m[38;5;249ms[0m
 [38;5;240m   │[0m ───┬───  
 [38;5;240m   │[0m    ╰───── this marker concludes the conflict region
 [38;5;240m   │[0m 
 [38;5;240m   │[0m [38;5;115mHelp[0m: Conflict markers indicate that a merge was started but could not be completed due to merge conflicts.
 [38;5;240m   │[0m       To resolve a conflict, keep only the code you want and then delete the lines containing conflict markers.
 [38;5;240m   │[0m       If you're having merge conflicts after pulling new code, the top section is the code you already had and the bottom section is the remote code.
 [38;5;240m   │[0m       If you're in the middle of a rebase, the top section is the code being rebased onto and the bottom section is the code coming from the current commit being rebased.
 [38;5;240m   │[0m       If you have nested conflicts, resolve the outermost conflict first.
[38;5;246m────╯[0m
[39m
  Plugin: [35mvite:oxc[39m
  File: [36mC:/ERP/ErpFront/offitec-frontend/src/lib/autoColumnResize.ts[39m
      at transformWithOxc (file:///C:/ERP/ErpFront/offitec-frontend/node_modules/vite/dist/node/chunks/node.js:4103:19)
      at TransformPluginContext.transform (file:///C:/ERP/ErpFront/offitec-frontend/node_modules/vite/dist/node/chunks/node.js:4174:26)
      at EnvironmentPluginContainer.transform (file:///C:/ERP/ErpFront/offitec-frontend/node_modules/vite/dist/node/chunks/node.js:30932:51)
      at async loadAndTransform (file:///C:/ERP/ErpFront/offitec-frontend/node_modules/vite/dist/node/chunks/node.js:20671:26)
      at async viteTransformMiddleware (file:///C:/ERP/ErpFront/offitec-frontend/node_modules/vite/dist/node/chunks/node.js:25205:20)
[2m10:20:52[22m [31m[1m[vite][22m[39m [31m[2m(client)[22m[39m Pre-transform error: Transform failed with 1 error:

[31m[PARSE_ERROR] [0mEncountered diff marker
     [38;5;246m╭[0m[38;5;246m─[0m[38;5;246m[[0m src/pages/personnel/utils/personnel.ts:335:1 [38;5;246m][0m
     [38;5;246m│[0m
 [38;5;246m335 │[0m =======
 [38;5;240m    │[0m ───┬───  
 [38;5;240m    │[0m    ╰───── between this marker and `=======` is the code that we're merging into
 [38;5;240m    │[0m 
 [38;5;246m359 │[0m >>>>>>>[38;5;249m [0m[38;5;249mS[0m[38;5;249mt[0m[38;5;249ma[0m[38;5;249ms[0m[38;5;249mh[0m[38;5;249me[0m[38;5;249md[0m[38;5;249m [0m[38;5;249mc[0m[38;5;249mh[0m[38;5;249ma[0m[38;5;249mn[0m[38;5;249mg[0m[38;5;249me[0m[38;5;249ms[0m
 [38;5;240m    │[0m ───┬───  
 [38;5;240m    │[0m    ╰───── this marker concludes the conflict region
 [38;5;240m    │[0m 
 [38;5;240m    │[0m [38;5;115mHelp[0m: This conflict marker appears to be incomplete (missing `=======` or `>>>>>>>`).
 [38;5;240m    │[0m       Check if the conflict markers were accidentally modified or partially deleted.
[38;5;246m─────╯[0m

  Plugin: [35mvite:oxc[39m
  File: [36mC:/ERP/ErpFront/offitec-frontend/src/pages/personnel/utils/personnel.ts[39m
[2m10:20:52[22m [31m[1m[vite][22m[39m [31m[2m(client)[22m[39m Pre-transform error: Transform failed with 1 error:

[31m[PARSE_ERROR] [0mEncountered diff marker
    [38;5;246m╭[0m[38;5;246m─[0m[38;5;246m[[0m src/lib/api/personnel.ts:8:1 [38;5;246m][0m
    [38;5;246m│[0m
 [38;5;246m 8 │[0m <<<<<<<[38;5;249m [0m[38;5;249mU[0m[38;5;249mp[0m[38;5;249md[0m[38;5;249ma[0m[38;5;249mt[0m[38;5;249me[0m[38;5;249md[0m[38;5;249m [0m[38;5;249mu[0m[38;5;249mp[0m[38;5;249ms[0m[38;5;249mt[0m[38;5;249mr[0m[38;5;249me[0m[38;5;249ma[0m[38;5;249mm[0m
 [38;5;240m   │[0m ───┬───  
 [38;5;240m   │[0m    ╰───── between this marker and `=======` is the code that we're merging into
 [38;5;240m   │[0m 
 [38;5;246m26 │[0m =======
 [38;5;240m   │[0m ───┬───  
 [38;5;240m   │[0m    ╰───── between this marker and `>>>>>>>` is the incoming code
 [38;5;240m   │[0m 
 [38;5;246m53 │[0m >>>>>>>[38;5;249m [0m[38;5;249mS[0m[38;5;249mt[0m[38;5;249ma[0m[38;5;249ms[0m[38;5;249mh[0m[38;5;249me[0m[38;5;249md[0m[38;5;249m [0m[38;5;249mc[0m[38;5;249mh[0m[38;5;249ma[0m[38;5;249mn[0m[38;5;249mg[0m[38;5;249me[0m[38;5;249ms[0m
 [38;5;240m   │[0m ───┬───  
 [38;5;240m   │[0m    ╰───── this marker concludes the conflict region
 [38;5;240m   │[0m 
 [38;5;240m   │[0m [38;5;115mHelp[0m: Conflict markers indicate that a merge was started but could not be completed due to merge conflicts.
 [38;5;240m   │[0m       To resolve a conflict, keep only the code you want and then delete the lines containing conflict markers.
 [38;5;240m   │[0m       If you're having merge conflicts after pulling new code, the top section is the code you already had and the bottom section is the remote code.
 [38;5;240m   │[0m       If you're in the middle of a rebase, the top section is the code being rebased onto and the bottom section is the code coming from the current commit being rebased.
 [38;5;240m   │[0m       If you have nested conflicts, resolve the outermost conflict first.
[38;5;246m────╯[0m

  Plugin: [35mvite:oxc[39m
  File: [36mC:/ERP/ErpFront/offitec-frontend/src/lib/api/personnel.ts[39m
[2m10:20:52[22m [31m[1m[vite][22m[39m [31m[2m(client)[22m[39m Pre-transform error: Transform failed with 1 error:

[31m[PARSE_ERROR] [0mEncountered diff marker
     [38;5;246m╭[0m[38;5;246m─[0m[38;5;246m[[0m src/lib/api/crm.ts:116:1 [38;5;246m][0m
     [38;5;246m│[0m
 [38;5;246m116 │[0m <<<<<<<[38;5;249m [0m[38;5;249mU[0m[38;5;249mp[0m[38;5;249md[0m[38;5;249ma[0m[38;5;249mt[0m[38;5;249me[0m[38;5;249md[0m[38;5;249m [0m[38;5;249mu[0m[38;5;249mp[0m[38;5;249ms[0m[38;5;249mt[0m[38;5;249mr[0m[38;5;249me[0m[38;5;249ma[0m[38;5;249mm[0m
 [38;5;240m    │[0m ───┬───  
 [38;5;240m    │[0m    ╰───── between this marker and `=======` is the code that we're merging into
 [38;5;246m117 │[0m =======
 [38;5;240m    │[0m ───┬───  
 [38;5;240m    │[0m    ╰───── between this marker and `>>>>>>>` is the incoming code
 [38;5;240m    │[0m 
 [38;5;246m120 │[0m >>>>>>>[38;5;249m [0m[38;5;249mS[0m[38;5;249mt[0m[38;5;249ma[0m[38;5;249ms[0m[38;5;249mh[0m[38;5;249me[0m[38;5;249md[0m[38;5;249m [0m[38;5;249mc[0m[38;5;249mh[0m[38;5;249ma[0m[38;5;249mn[0m[38;5;249mg[0m[38;5;249me[0m[38;5;249ms[0m
 [38;5;240m    │[0m ───┬───  
 [38;5;240m    │[0m    ╰───── this marker concludes the conflict region
 [38;5;240m    │[0m 
 [38;5;240m    │[0m [38;5;115mHelp[0m: Conflict markers indicate that a merge was started but could not be completed due to merge conflicts.
 [38;5;240m    │[0m       To resolve a conflict, keep only the code you want and then delete the lines containing conflict markers.
 [38;5;240m    │[0m       If you're having merge conflicts after pulling new code, the top section is the code you already had and the bottom section is the remote code.
 [38;5;240m    │[0m       If you're in the middle of a rebase, the top section is the code being rebased onto and the bottom section is the code coming from the current commit being rebased.
 [38;5;240m    │[0m       If you have nested conflicts, resolve the outermost conflict first.
[38;5;246m─────╯[0m

  Plugin: [35mvite:oxc[39m
  File: [36mC:/ERP/ErpFront/offitec-frontend/src/lib/api/crm.ts[39m
[2m10:20:52[22m [31m[1m[vite][22m[39m [31m[2m(client)[22m[39m Pre-transform error: Transform failed with 1 error:

[31m[PARSE_ERROR] [0mEncountered diff marker
    [38;5;246m╭[0m[38;5;246m─[0m[38;5;246m[[0m src/lib/pageAccess.ts:27:1 [38;5;246m][0m
    [38;5;246m│[0m
 [38;5;246m27 │[0m <<<<<<<[38;5;249m [0m[38;5;249mU[0m[38;5;249mp[0m[38;5;249md[0m[38;5;249ma[0m[38;5;249mt[0m[38;5;249me[0m[38;5;249md[0m[38;5;249m [0m[38;5;249mu[0m[38;5;249mp[0m[38;5;249ms[0m[38;5;249mt[0m[38;5;249mr[0m[38;5;249me[0m[38;5;249ma[0m[38;5;249mm[0m
 [38;5;240m   │[0m ───┬───  
 [38;5;240m   │[0m    ╰───── between this marker and `=======` is the code that we're merging into
 [38;5;246m28 │[0m =======
 [38;5;240m   │[0m ───┬───  
 [38;5;240m   │[0m    ╰───── between this marker and `>>>>>>>` is the incoming code
 [38;5;240m   │[0m 
 [38;5;246m98 │[0m >>>>>>>[38;5;249m [0m[38;5;249mS[0m[38;5;249mt[0m[38;5;249ma[0m[38;5;249ms[0m[38;5;249mh[0m[38;5;249me[0m[38;5;249md[0m[38;5;249m [0m[38;5;249mc[0m[38;5;249mh[0m[38;5;249ma[0m[38;5;249mn[0m[38;5;249mg[0m[38;5;249me[0m[38;5;249ms[0m
 [38;5;240m   │[0m ───┬───  
 [38;5;240m   │[0m    ╰───── this marker concludes the conflict region
 [38;5;240m   │[0m 
 [38;5;240m   │[0m [38;5;115mHelp[0m: Conflict markers indicate that a merge was started but could not be completed due to merge conflicts.
 [38;5;240m   │[0m       To resolve a conflict, keep only the code you want and then delete the lines containing conflict markers.
 [38;5;240m   │[0m       If you're having merge conflicts after pulling new code, the top section is the code you already had and the bottom section is the remote code.
 [38;5;240m   │[0m       If you're in the middle of a rebase, the top section is the code being rebased onto and the bottom section is the code coming from the current commit being rebased.
 [38;5;240m   │[0m       If you have nested conflicts, resolve the outermost conflict first.
[38;5;246m────╯[0m

  Plugin: [35mvite:oxc[39m
  File: [36mC:/ERP/ErpFront/offitec-frontend/src/lib/pageAccess.ts[39m
[2m10:20:52[22m [31m[1m[vite][22m[39m [31m[2m(client)[22m[39m Pre-transform error: Transform failed with 1 error:

[31m[PARSE_ERROR] [0mEncountered diff marker
    [38;5;246m╭[0m[38;5;246m─[0m[38;5;246m[[0m src/lib/pageCatalog.ts:46:1 [38;5;246m][0m
    [38;5;246m│[0m
 [38;5;246m46 │[0m <<<<<<<[38;5;249m [0m[38;5;249mU[0m[38;5;249mp[0m[38;5;249md[0m[38;5;249ma[0m[38;5;249mt[0m[38;5;249me[0m[38;5;249md[0m[38;5;249m [0m[38;5;249mu[0m[38;5;249mp[0m[38;5;249ms[0m[38;5;249mt[0m[38;5;249mr[0m[38;5;249me[0m[38;5;249ma[0m[38;5;249mm[0m
 [38;5;240m   │[0m ───┬───  
 [38;5;240m   │[0m    ╰───── between this marker and `=======` is the code that we're merging into
 [38;5;240m   │[0m 
 [38;5;246m53 │[0m =======
 [38;5;240m   │[0m ───┬───  
 [38;5;240m   │[0m    ╰───── between this marker and `>>>>>>>` is the incoming code
 [38;5;240m   │[0m 
 [38;5;246m72 │[0m >>>>>>>[38;5;249m [0m[38;5;249mS[0m[38;5;249mt[0m[38;5;249ma[0m[38;5;249ms[0m[38;5;249mh[0m[38;5;249me[0m[38;5;249md[0m[38;5;249m [0m[38;5;249mc[0m[38;5;249mh[0m[38;5;249ma[0m[38;5;249mn[0m[38;5;249mg[0m[38;5;249me[0m[38;5;249ms[0m
 [38;5;240m   │[0m ───┬───  
 [38;5;240m   │[0m    ╰───── this marker concludes the conflict region
 [38;5;240m   │[0m 
 [38;5;240m   │[0m [38;5;115mHelp[0m: Conflict markers indicate that a merge was started but could not be completed due to merge conflicts.
 [38;5;240m   │[0m       To resolve a conflict, keep only the code you want and then delete the lines containing conflict markers.
 [38;5;240m   │[0m       If you're having merge conflicts after pulling new code, the top section is the code you already had and the bottom section is the remote code.
 [38;5;240m   │[0m       If you're in the middle of a rebase, the top section is the code being rebased onto and the bottom section is the code coming from the current commit being rebased.
 [38;5;240m   │[0m       If you have nested conflicts, resolve the outermost conflict first.
[38;5;246m────╯[0m

  Plugin: [35mvite:oxc[39m
  File: [36mC:/ERP/ErpFront/offitec-frontend/src/lib/pageCatalog.ts[39m
[2m10:20:52[22m [36m[1m[vite][22m[39m [90m[2m(client)[22m[39m [32mhmr update [39m[2m/src/index.css[22m
[2m10:20:52[22m [36m[1m[vite][22m[39m [90m[2m(client)[22m[39m [32mhmr update [39m[2m/src/index.css[22m
[2m10:20:52[22m [36m[1m[vite][22m[39m [90m[2m(client)[22m[39m [32mhmr update [39m[2m/src/index.css[22m
[2m10:20:52[22m [36m[1m[vite][22m[39m [90m[2m(client)[22m[39m [32mhmr update [39m[2m/src/index.css[22m
[2m10:20:52[22m [36m[1m[vite][22m[39m [90m[2m(client)[22m[39m [32mhmr update [39m[2m/src/index.css[22m
[2m10:20:52[22m [36m[1m[vite][22m[39m [90m[2m(client)[22m[39m [32mhmr update [39m[2m/src/index.css[22m
[2m10:20:52[22m [36m[1m[vite][22m[39m [90m[2m(client)[22m[39m [32mhmr update [39m[2m/src/index.css[22m
[2m10:20:52[22m [36m[1m[vite][22m[39m [90m[2m(client)[22m[39m [32mhmr update [39m[2m/src/index.css[22m
[2m10:20:52[22m [36m[1m[vite][22m[39m [90m[2m(client)[22m[39m [32mhmr update [39m[2m/src/index.css[22m
[2m10:20:52[22m [36m[1m[vite][22m[39m [90m[2m(client)[22m[39m [32mhmr update [39m[2m/src/index.css[22m
[2m10:20:52[22m [36m[1m[vite][22m[39m [90m[2m(client)[22m[39m [32mhmr update [39m[2m/src/index.css[22m
[2m10:20:52[22m [36m[1m[vite][22m[39m [90m[2m(client)[22m[39m [32mhmr update [39m[2m/src/index.css[22m
[2m10:20:52[22m [36m[1m[vite][22m[39m [90m[2m(client)[22m[39m [32mhmr update [39m[2m/src/index.css[22m
[2m10:20:52[22m [36m[1m[vite][22m[39m [90m[2m(client)[22m[39m [32mhmr update [39m[2m/src/index.css[22m
[2m10:20:52[22m [36m[1m[vite][22m[39m [90m[2m(client)[22m[39m [32mhmr update [39m[2m/src/index.css[22m
[2m10:20:52[22m [36m[1m[vite][22m[39m [90m[2m(client)[22m[39m [32mhmr update [39m[2m/src/index.css[22m
[2m10:20:52[22m [36m[1m[vite][22m[39m [90m[2m(client)[22m[39m [32mhmr update [39m[2m/src/index.css[22m
[2m10:20:52[22m [36m[1m[vite][22m[39m [90m[2m(client)[22m[39m [32mhmr update [39m[2m/src/index.css[22m
[2m10:20:52[22m [36m[1m[vite][22m[39m [90m[2m(client)[22m[39m [32mhmr update [39m[2m/src/index.css[22m
[2m10:20:52[22m [36m[1m[vite][22m[39m [90m[2m(client)[22m[39m [32mhmr update [39m[2m/src/index.css[22m
[2m10:20:52[22m [36m[1m[vite][22m[39m [90m[2m(client)[22m[39m [32mhmr update [39m[2m/src/index.css[22m
[2m10:20:52[22m [36m[1m[vite][22m[39m [90m[2m(client)[22m[39m [32mhmr update [39m[2m/src/index.css[22m
[2m10:20:52[22m [36m[1m[vite][22m[39m [90m[2m(client)[22m[39m [32mhmr update [39m[2m/src/index.css[22m
[2m10:20:52[22m [36m[1m[vite][22m[39m [90m[2m(client)[22m[39m [32mhmr update [39m[2m/src/index.css[22m
[2m10:20:52[22m [36m[1m[vite][22m[39m [90m[2m(client)[22m[39m [32mhmr update [39m[2m/src/index.css[22m
[2m10:20:52[22m [36m[1m[vite][22m[39m [90m[2m(client)[22m[39m [32mhmr update [39m[2m/src/index.css[22m
[2m10:20:52[22m [36m[1m[vite][22m[39m [90m[2m(client)[22m[39m [32mhmr update [39m[2m/src/index.css[22m
[2m10:20:52[22m [36m[1m[vite][22m[39m [90m[2m(client)[22m[39m [32mhmr update [39m[2m/src/index.css[22m
[2m10:20:52[22m [36m[1m[vite][22m[39m [90m[2m(client)[22m[39m [32mhmr update [39m[2m/src/index.css[22m
[2m10:20:52[22m [36m[1m[vite][22m[39m [90m[2m(client)[22m[39m [32mhmr update [39m[2m/src/index.css[22m
[2m10:20:52[22m [36m[1m[vite][22m[39m [90m[2m(client)[22m[39m [32mhmr update [39m[2m/src/index.css[22m
[2m10:20:52[22m [36m[1m[vite][22m[39m [90m[2m(client)[22m[39m [32mhmr update [39m[2m/src/index.css[22m
[2m10:20:52[22m [36m[1m[vite][22m[39m [90m[2m(client)[22m[39m [32mhmr update [39m[2m/src/index.css[22m
[2m10:20:52[22m [36m[1m[vite][22m[39m [90m[2m(client)[22m[39m [32mhmr update [39m[2m/src/index.css[22m
[2m10:20:52[22m [36m[1m[vite][22m[39m [90m[2m(client)[22m[39m [32mhmr update [39m[2m/src/index.css[22m
[2m10:20:52[22m [36m[1m[vite][22m[39m [90m[2m(client)[22m[39m [32mhmr update [39m[2m/src/index.css[22m
[2m10:20:52[22m [36m[1m[vite][22m[39m [90m[2m(client)[22m[39m [32mhmr update [39m[2m/src/index.css[22m
[2m10:20:52[22m [36m[1m[vite][22m[39m [90m[2m(client)[22m[39m [32mhmr update [39m[2m/src/index.css[22m
[2m10:20:52[22m [36m[1m[vite][22m[39m [90m[2m(client)[22m[39m [32mhmr update [39m[2m/src/index.css[22m
[2m10:20:52[22m [36m[1m[vite][22m[39m [90m[2m(client)[22m[39m [32mhmr update [39m[2m/src/index.css[22m
[2m10:20:52[22m [36m[1m[vite][22m[39m [90m[2m(client)[22m[39m [32mhmr update [39m[2m/src/styles/refine.css, /src/index.css[22m
[2m10:22:03[22m [36m[1m[vite][22m[39m [90m[2m(client)[22m[39m [optimizer] bundling dependencies...
[2m10:22:03[22m [36m[1m[vite][22m[39m [90m[2m(client)[22m[39m [32mdependencies optimized: [33mdayjs, react-icons/lu[32m[39m
[2m10:22:03[22m [36m[1m[vite][22m[39m [90m[2m(client)[22m[39m [32moptimized dependencies changed. reloading[39m
[2m10:22:12[22m [36m[1m[vite][22m[39m [90m[2m(client)[22m[39m [optimizer] bundling dependencies...
[2m10:22:12[22m [36m[1m[vite][22m[39m [90m[2m(client)[22m[39m [32mdependencies optimized: [33mantd/es/button, antd/es/drawer, antd/es/input, antd/es/modal, antd/es/select, tailwind-merge[32m[39m
[2m10:22:12[22m [36m[1m[vite][22m[39m [90m[2m(client)[22m[39m [32moptimized dependencies changed. reloading[39m
[2m10:22:17[22m [36m[1m[vite][22m[39m [90m[2m(client)[22m[39m [optimizer] bundling dependencies...
[2m10:22:20[22m [36m[1m[vite][22m[39m [90m[2m(client)[22m[39m [optimizer] bundling dependencies...
[2m10:22:22[22m [36m[1m[vite][22m[39m [90m[2m(client)[22m[39m [32mdependencies optimized: [33mdayjs/locale/de, dayjs/locale/tr, dayjs/plugin/isoWeek[32m[39m
[2m10:22:22[22m [36m[1m[vite][22m[39m [90m[2m(client)[22m[39m [32moptimized dependencies changed. reloading[39m
[2m10:22:35[22m [36m[1m[vite][22m[39m [90m[2m(client)[22m[39m [optimizer] bundling dependencies...
[2m10:22:35[22m [36m[1m[vite][22m[39m [90m[2m(client)[22m[39m [32mdependency optimized: [33mqrcode.react[32m[39m
[2m10:22:42[22m [36m[1m[vite][22m[39m [90m[2m(client)[22m[39m [optimizer] bundling dependencies...
[2m10:22:43[22m [36m[1m[vite][22m[39m [90m[2m(client)[22m[39m [32mdependencies optimized: [33mantd/es/card, antd/es/empty[32m[39m
[2m10:22:43[22m [36m[1m[vite][22m[39m [90m[2m(client)[22m[39m [32moptimized dependencies changed. reloading[39m
[2m10:22:55[22m [36m[1m[vite][22m[39m [90m[2m(client)[22m[39m [optimizer] bundling dependencies...
[2m10:22:57[22m [36m[1m[vite][22m[39m [90m[2m(client)[22m[39m [32mdependency optimized: [33mantd/es/spin[32m[39m
[2m10:22:57[22m [36m[1m[vite][22m[39m [90m[2m(client)[22m[39m [32moptimized dependencies changed. reloading[39m
[2m10:23:14[22m [36m[1m[vite][22m[39m [90m[2m(client)[22m[39m [optimizer] bundling dependencies...
[2m10:23:17[22m [36m[1m[vite][22m[39m [90m[2m(client)[22m[39m [32mdependencies optimized: [33mclsx, zustand/middleware[32m[39m
[2m10:23:17[22m [36m[1m[vite][22m[39m [90m[2m(client)[22m[39m [32moptimized dependencies changed. reloading[39m
[2m10:23:57[22m [31m[1m[vite][22m[39m [31m[2m(client)[22m[39m [2m[console.error] [22mCannot update a component (`BrowserRouter`) while rendering a different component (`WorkspaceTabsProvider`). To locate the bad setState() call inside `WorkspaceTabsProvider`, follow the stack trace as described in https://react.dev/link/setstate-in-render
[2m10:24:11[22m [36m[1m[vite][22m[39m [90m[2m(client)[22m[39m [optimizer] bundling dependencies...
[2m10:24:12[22m [36m[1m[vite][22m[39m [90m[2m(client)[22m[39m [32mdependencies optimized: [33mjspdf, qrcode[32m[39m
[2m10:24:12[22m [36m[1m[vite][22m[39m [90m[2m(client)[22m[39m [32moptimized dependencies changed. reloading[39m
[2m10:26:48[22m [36m[1m[vite][22m[39m [90m[2m(client)[22m[39m [32mhmr update [39m[2m/src/index.css[22m
[2m10:26:48[22m [36m[1m[vite][22m[39m [90m[2m(client)[22m[39m [32mhmr update [39m[2m/src/index.css[22m
[2m10:26:48[22m [36m[1m[vite][22m[39m [90m[2m(client)[22m[39m [32mhmr update [39m[2m/src/index.css[22m
[2m10:26:48[22m [36m[1m[vite][22m[39m [90m[2m(client)[22m[39m [32mhmr update [39m[2m/src/index.css[22m
[2m10:26:48[22m [36m[1m[vite][22m[39m [90m[2m(client)[22m[39m [32mhmr update [39m[2m/src/index.css[22m
[2m10:26:48[22m [36m[1m[vite][22m[39m [90m[2m(client)[22m[39m [32mhmr update [39m[2m/src/index.css[22m
[2m10:27:30[22m [36m[1m[vite][22m[39m [90m[2m(client)[22m[39m [32mhmr update [39m[2m/src/pages/sales/TenderDetail.tsx, /src/index.css[22m
[2m10:27:51[22m [36m[1m[vite][22m[39m [90m[2m(client)[22m[39m [32mhmr update [39m[2m/src/index.css, /src/pages/sales/detail/popups/ExportPopup.tsx[22m
[2m10:28:05[22m [36m[1m[vite][22m[39m [90m[2m(client)[22m[39m [32mhmr update [39m[2m/src/index.css, /src/pages/sales/detail/popups/ExportPopup.tsx[22m
[2m10:28:34[22m [36m[1m[vite][22m[39m [90m[2m(client)[22m[39m [32mhmr update [39m[2m/src/index.css, /src/pages/sales/detail/popups/ExportPopup.tsx[22m
[2m10:31:33[22m [36m[1m[vite][22m[39m [90m[2m(client)[22m[39m [32mhmr update [39m[2m/src/index.css, /src/main.tsx, /src/App.tsx, /src/components/layout/SplitViewContext.tsx, /src/components/layout/TenantSwitcher.tsx, /src/components/ui-shared/Loader.tsx, /src/components/layout/MainLayout.tsx, /src/pages/crm/components/ReminderToasts.tsx, /src/components/layout/PaneErrorBoundary.tsx, /src/components/ui-shared/LanguageSwitcher.tsx, /src/components/layout/RequestsAppsMenu.tsx, /src/pages/personnel/person/PersonPage.tsx, /src/pages/personnel/person/tabs/PersonAbsencesTab.tsx and 88 more[22m
[2m10:31:33[22m [36m[1m[vite][22m[39m [90m[2m(client)[22m[39m [32mhmr update [39m[2m/src/index.css, /src/main.tsx, /src/App.tsx, /src/components/layout/SplitViewContext.tsx, /src/components/layout/TenantSwitcher.tsx, /src/components/ui-shared/Loader.tsx, /src/components/layout/MainLayout.tsx, /src/pages/crm/components/ReminderToasts.tsx, /src/components/layout/PaneErrorBoundary.tsx, /src/components/ui-shared/LanguageSwitcher.tsx, /src/components/layout/RequestsAppsMenu.tsx, /src/pages/personnel/person/PersonPage.tsx, /src/pages/personnel/person/tabs/PersonAbsencesTab.tsx and 88 more[22m
[2m10:31:33[22m [36m[1m[vite][22m[39m [90m[2m(client)[22m[39m [32mhmr update [39m[2m/src/index.css, /src/main.tsx, /src/App.tsx, /src/components/layout/SplitViewContext.tsx, /src/components/layout/TenantSwitcher.tsx, /src/components/ui-shared/Loader.tsx, /src/components/layout/MainLayout.tsx, /src/pages/crm/components/ReminderToasts.tsx, /src/components/layout/PaneErrorBoundary.tsx, /src/components/ui-shared/LanguageSwitcher.tsx, /src/components/layout/RequestsAppsMenu.tsx, /src/pages/personnel/person/PersonPage.tsx, /src/pages/personnel/person/tabs/PersonAbsencesTab.tsx and 88 more[22m
[2m10:31:34[22m [36m[1m[vite][22m[39m [90m[2m(client)[22m[39m [33mhmr invalidate [39m[2m/src/main.tsx[22m Could not Fast Refresh ("true" export is incompatible). Learn more at https://github.com/vitejs/vite-plugin-react/tree/main/packages/plugin-react#consistent-components-exports
[2m10:31:34[22m [36m[1m[vite][22m[39m [90m[2m(client)[22m[39m [32mpage reload [39m[2msrc/main.tsx[22m
[2m10:31:34[22m [36m[1m[vite][22m[39m [90m[2m(client)[22m[39m [33mhmr invalidate [39m[2m/src/components/layout/SplitViewContext.tsx[22m Could not Fast Refresh ("SPLITABLE_ROUTES" export is incompatible). Learn more at https://github.com/vitejs/vite-plugin-react/tree/main/packages/plugin-react#consistent-components-exports
[2m10:31:34[22m [36m[1m[vite][22m[39m [90m[2m(client)[22m[39m [32mhmr update [39m[2m/src/components/layout/MainLayout.tsx, /src/components/layout/SplitViewToggle.tsx, /src/components/layout/PrimaryPane.tsx, /src/components/layout/SecondaryPane.tsx[22m
[2m10:31:35[22m [36m[1m[vite][22m[39m [90m[2m(client)[22m[39m [33mhmr invalidate [39m[2m/src/main.tsx[22m Could not Fast Refresh ("true" export is incompatible). Learn more at https://github.com/vitejs/vite-plugin-react/tree/main/packages/plugin-react#consistent-components-exports
[2m10:31:35[22m [36m[1m[vite][22m[39m [90m[2m(client)[22m[39m [32mpage reload [39m[2msrc/main.tsx[22m
[2m10:31:35[22m [31m[1m[vite][22m[39m [31m[2m(client)[22m[39m [31m[Unhandled error] [1mError[22m: Usesplitview Must Be Used Within Splitviewprovid
[39m > useSplitView src/components/layout/SplitViewContext.tsx:126:20
    124 |  export const useSplitView = () => {
    125 |      const ctx = useContext(SplitViewContext);
    126 |      if (!ctx) throw new Error(t('auto.usesplitview_must_be_used_within_splitviewprovid'));
        |                      ^
    127 |      return ctx;
    128 |  };
 > MainLayoutInner src/components/layout/MainLayout.tsx:523:98
 > Object.react_stack_bottom_frame node_modules/react-dom/cjs/react-dom-client.development.js:25904:19
 > renderWithHooks node_modules/react-dom/cjs/react-dom-client.development.js:7662:21
 > updateFunctionComponent node_modules/react-dom/cjs/react-dom-client.development.js:10166:18
 > beginWork node_modules/react-dom/cjs/react-dom-client.development.js:11778:17
 > runWithFiberInDEV node_modules/react-dom/cjs/react-dom-client.development.js:871:29
 > performUnitOfWork node_modules/react-dom/cjs/react-dom-client.development.js:17641:21
 > workLoopSync node_modules/react-dom/cjs/react-dom-client.development.js:17469:40
 > renderRootSync node_modules/react-dom/cjs/react-dom-client.development.js:17450:10

[2m10:31:35[22m [33m[1m[vite][22m[39m [33m[2m(client)[22m[39m [2m[console.warn] [22mAn error occurred in the <MainLayoutInner> component.

Consider adding an error boundary to your tree to customize error handling behavior.
Visit https://react.dev/link/error-boundaries to learn more about error boundaries.

[2m10:32:58[22m [36m[1m[vite][22m[39m [90m[2m(client)[22m[39m [32mhmr update [39m[2m/src/index.css, /src/pages/sales/detail/popups/ExportPopup.tsx[22m
[2m10:33:13[22m [36m[1m[vite][22m[39m [90m[2m(client)[22m[39m [32mhmr update [39m[2m/src/pages/sales/TenderDetail.tsx, /src/index.css[22m
[2m10:33:21[22m [36m[1m[vite][22m[39m [90m[2m(client)[22m[39m [32mhmr update [39m[2m/src/pages/sales/TenderDetail.tsx, /src/index.css[22m
[2m10:52:00[22m [36m[1m[vite][22m[39m [90m[2m(client)[22m[39m [32mhmr update [39m[2m/src/index.css, /src/pages/sales/detail/popups/ExportPopup.tsx[22m
[2m10:52:07[22m [36m[1m[vite][22m[39m [90m[2m(client)[22m[39m [32mhmr update [39m[2m/src/index.css, /src/pages/sales/detail/popups/ExportPopup.tsx[22m
[2m10:52:14[22m [36m[1m[vite][22m[39m [90m[2m(client)[22m[39m [32mhmr update [39m[2m/src/index.css, /src/pages/sales/detail/popups/ExportPopup.tsx[22m
[2m10:52:19[22m [36m[1m[vite][22m[39m [90m[2m(client)[22m[39m [32mhmr update [39m[2m/src/index.css, /src/pages/sales/detail/popups/ExportPopup.tsx[22m
[2m11:04:49[22m [36m[1m[vite][22m[39m [90m[2m(client)[22m[39m [32mhmr update [39m[2m/src/index.css, /src/pages/crm/tasks/NewTaskCard.tsx[22m
[2m11:05:06[22m [36m[1m[vite][22m[39m [90m[2m(client)[22m[39m [32mhmr update [39m[2m/src/index.css, /src/pages/crm/tasks/TaskStepsEditor.tsx[22m
[2m11:05:53[22m [36m[1m[vite][22m[39m [90m[2m(client)[22m[39m [32mhmr update [39m[2m/src/index.css[22m
[2m11:06:03[22m [36m[1m[vite][22m[39m [90m[2m(client)[22m[39m [32mhmr update [39m[2m/src/index.css, /src/main.tsx, /src/App.tsx, /src/components/layout/SplitViewContext.tsx, /src/components/layout/TenantSwitcher.tsx, /src/components/ui-shared/Loader.tsx, /src/components/layout/MainLayout.tsx, /src/pages/crm/components/ReminderToasts.tsx, /src/components/layout/PaneErrorBoundary.tsx, /src/components/ui-shared/LanguageSwitcher.tsx, /src/components/layout/RequestsAppsMenu.tsx, /src/pages/personnel/person/PersonPage.tsx, /src/pages/personnel/person/tabs/PersonAbsencesTab.tsx and 94 more[22m
[2m11:06:03[22m [36m[1m[vite][22m[39m [90m[2m(client)[22m[39m [32mhmr update [39m[2m/src/index.css, /src/main.tsx, /src/App.tsx, /src/components/layout/SplitViewContext.tsx, /src/components/layout/TenantSwitcher.tsx, /src/components/ui-shared/Loader.tsx, /src/components/layout/MainLayout.tsx, /src/pages/crm/components/ReminderToasts.tsx, /src/components/layout/PaneErrorBoundary.tsx, /src/components/ui-shared/LanguageSwitcher.tsx, /src/components/layout/RequestsAppsMenu.tsx, /src/pages/personnel/person/PersonPage.tsx, /src/pages/personnel/person/tabs/PersonAbsencesTab.tsx and 94 more[22m
[2m11:06:03[22m [36m[1m[vite][22m[39m [90m[2m(client)[22m[39m [32mhmr update [39m[2m/src/index.css, /src/main.tsx, /src/App.tsx, /src/components/layout/SplitViewContext.tsx, /src/components/layout/TenantSwitcher.tsx, /src/components/ui-shared/Loader.tsx, /src/components/layout/MainLayout.tsx, /src/pages/crm/components/ReminderToasts.tsx, /src/components/layout/PaneErrorBoundary.tsx, /src/components/ui-shared/LanguageSwitcher.tsx, /src/components/layout/RequestsAppsMenu.tsx, /src/pages/personnel/person/PersonPage.tsx, /src/pages/personnel/person/tabs/PersonAbsencesTab.tsx and 94 more[22m
[2m11:06:07[22m [36m[1m[vite][22m[39m [90m[2m(client)[22m[39m [33mhmr invalidate [39m[2m/src/main.tsx[22m Could not Fast Refresh ("true" export is incompatible). Learn more at https://github.com/vitejs/vite-plugin-react/tree/main/packages/plugin-react#consistent-components-exports
[2m11:06:07[22m [36m[1m[vite][22m[39m [90m[2m(client)[22m[39m [32mpage reload [39m[2msrc/main.tsx[22m
[2m11:06:07[22m [36m[1m[vite][22m[39m [90m[2m(client)[22m[39m [33mhmr invalidate [39m[2m/src/components/layout/SplitViewContext.tsx[22m Could not Fast Refresh ("SPLITABLE_ROUTES" export is incompatible). Learn more at https://github.com/vitejs/vite-plugin-react/tree/main/packages/plugin-react#consistent-components-exports
[2m11:06:07[22m [36m[1m[vite][22m[39m [90m[2m(client)[22m[39m [32mhmr update [39m[2m/src/components/layout/MainLayout.tsx, /src/components/layout/SplitViewToggle.tsx, /src/components/layout/PrimaryPane.tsx, /src/components/layout/SecondaryPane.tsx[22m
[2m11:06:07[22m [36m[1m[vite][22m[39m [90m[2m(client)[22m[39m [33mhmr invalidate [39m[2m/src/pages/calendar/components/DayPlanRows.tsx[22m Could not Fast Refresh ("appendDay" export is incompatible). Learn more at https://github.com/vitejs/vite-plugin-react/tree/main/packages/plugin-react#consistent-components-exports
[2m11:06:07[22m [36m[1m[vite][22m[39m [90m[2m(client)[22m[39m [32mhmr update [39m[2m/src/pages/calendar/CalendarPage.tsx, /src/pages/calendar/components/CreatePopup.tsx, /src/pages/calendar/components/AppointmentDaysPane.tsx[22m
[2m11:06:07[22m [36m[1m[vite][22m[39m [90m[2m(client)[22m[39m [33mhmr invalidate [39m[2m/src/pages/maintenance/MaintenanceShared.tsx[22m Could not Fast Refresh ("STATUS_VARIANT" export is incompatible). Learn more at https://github.com/vitejs/vite-plugin-react/tree/main/packages/plugin-react#consistent-components-exports
[2m11:06:07[22m [36m[1m[vite][22m[39m [90m[2m(client)[22m[39m [32mhmr update [39m[2m/src/pages/calendar/CalendarPage.tsx, /src/pages/crm/TasksPage.tsx[22m
[2m11:06:07[22m [36m[1m[vite][22m[39m [90m[2m(client)[22m[39m [33mhmr invalidate [39m[2m/src/components/ui-shared/AppointmentDocuments.tsx[22m Could not Fast Refresh ("acceptableFiles" export is incompatible). Learn more at https://github.com/vitejs/vite-plugin-react/tree/main/packages/plugin-react#consistent-components-exports
[2m11:06:07[22m [36m[1m[vite][22m[39m [90m[2m(client)[22m[39m [32mhmr update [39m[2m/src/pages/calendar/components/DetailPopup.tsx, /src/pages/calendar/components/CreatePopup.tsx, /src/pages/calendar/components/AppointmentDaysPane.tsx[22m
[2m11:06:07[22m [31m[1m[vite][22m[39m [31m[2m(client)[22m[39m [31m[Unhandled error] [1mError[22m: Usesplitview Must Be Used Within Splitviewprovid
[39m > useSplitView src/components/layout/SplitViewContext.tsx:126:20
    124 |  export const useSplitView = () => {
    125 |      const ctx = useContext(SplitViewContext);
    126 |      if (!ctx) throw new Error(t('auto.usesplitview_must_be_used_within_splitviewprovid'));
        |                      ^
    127 |      return ctx;
    128 |  };
 > MainLayoutInner src/components/layout/MainLayout.tsx:523:98
 > Object.react_stack_bottom_frame node_modules/react-dom/cjs/react-dom-client.development.js:25904:19
 > renderWithHooks node_modules/react-dom/cjs/react-dom-client.development.js:7662:21
 > updateFunctionComponent node_modules/react-dom/cjs/react-dom-client.development.js:10166:18
 > beginWork node_modules/react-dom/cjs/react-dom-client.development.js:11778:17
 > runWithFiberInDEV node_modules/react-dom/cjs/react-dom-client.development.js:871:29
 > performUnitOfWork node_modules/react-dom/cjs/react-dom-client.development.js:17641:21
 > workLoopSync node_modules/react-dom/cjs/react-dom-client.development.js:17469:40
 > renderRootSync node_modules/react-dom/cjs/react-dom-client.development.js:17450:10

[2m11:06:07[22m [33m[1m[vite][22m[39m [33m[2m(client)[22m[39m [2m[console.warn] [22mAn error occurred in the <MainLayoutInner> component.

Consider adding an error boundary to your tree to customize error handling behavior.
Visit https://react.dev/link/error-boundaries to learn more about error boundaries.

[2m11:06:08[22m [36m[1m[vite][22m[39m [90m[2m(client)[22m[39m [33mhmr invalidate [39m[2m/src/main.tsx[22m Could not Fast Refresh ("true" export is incompatible). Learn more at https://github.com/vitejs/vite-plugin-react/tree/main/packages/plugin-react#consistent-components-exports
[2m11:06:08[22m [36m[1m[vite][22m[39m [90m[2m(client)[22m[39m [32mpage reload [39m[2msrc/main.tsx[22m
[2m11:06:08[22m [31m[1m[vite][22m[39m [31m[2m(client)[22m[39m [31m[Unhandled error] [1mError[22m: Usesplitview Must Be Used Within Splitviewprovid
[39m > useSplitView src/components/layout/SplitViewContext.tsx:126:20
    124 |  export const useSplitView = () => {
    125 |      const ctx = useContext(SplitViewContext);
    126 |      if (!ctx) throw new Error(t('auto.usesplitview_must_be_used_within_splitviewprovid'));
        |                      ^
    127 |      return ctx;
    128 |  };
 > MainLayoutInner src/components/layout/MainLayout.tsx:523:98
 > Object.react_stack_bottom_frame node_modules/react-dom/cjs/react-dom-client.development.js:25904:19
 > renderWithHooks node_modules/react-dom/cjs/react-dom-client.development.js:7662:21
 > updateFunctionComponent node_modules/react-dom/cjs/react-dom-client.development.js:10166:18
 > beginWork node_modules/react-dom/cjs/react-dom-client.development.js:11778:17
 > runWithFiberInDEV node_modules/react-dom/cjs/react-dom-client.development.js:871:29
 > performUnitOfWork node_modules/react-dom/cjs/react-dom-client.development.js:17641:21
 > workLoopSync node_modules/react-dom/cjs/react-dom-client.development.js:17469:40
 > renderRootSync node_modules/react-dom/cjs/react-dom-client.development.js:17450:10

[2m11:06:08[22m [33m[1m[vite][22m[39m [33m[2m(client)[22m[39m [2m[console.warn] [22mAn error occurred in the <MainLayoutInner> component.

Consider adding an error boundary to your tree to customize error handling behavior.
Visit https://react.dev/link/error-boundaries to learn more about error boundaries.

[2m11:08:22[22m [36m[1m[vite][22m[39m [90m[2m(client)[22m[39m [32mhmr update [39m[2m/src/index.css, /src/pages/calendar/CalendarPage.tsx[22m
[2m11:09:04[22m [36m[1m[vite][22m[39m [90m[2m(client)[22m[39m [32mhmr update [39m[2m/src/index.css, /src/pages/calendar/CalendarPage.tsx[22m
[2m11:09:16[22m [36m[1m[vite][22m[39m [90m[2m(client)[22m[39m [32mhmr update [39m[2m/src/index.css, /src/pages/calendar/CalendarPage.tsx[22m
[2m11:09:17[22m [36m[1m[vite][22m[39m [90m[2m(client)[22m[39m [32mhmr update [39m[2m/src/index.css[22m
[2m11:11:03[22m [36m[1m[vite][22m[39m [90m[2m(client)[22m[39m [32mhmr update [39m[2m/src/index.css, /src/pages/crm/components/CustomerContactCombo.tsx[22m
[2m11:11:04[22m [36m[1m[vite][22m[39m [90m[2m(client)[22m[39m [32mhmr update [39m[2m/src/index.css, /src/pages/crm/tasks/NewTaskCard.tsx[22m
[2m11:11:32[22m [36m[1m[vite][22m[39m [90m[2m(client)[22m[39m [32mhmr update [39m[2m/src/index.css, /src/pages/calendar/components/DetailPopup.tsx[22m
[2m11:12:01[22m [36m[1m[vite][22m[39m [90m[2m(client)[22m[39m [32mhmr update [39m[2m/src/index.css, /src/pages/calendar/components/DetailPopup.tsx[22m
[2m11:13:10[22m [36m[1m[vite][22m[39m [90m[2m(client)[22m[39m [32mhmr update [39m[2m/src/index.css[22m
[2m11:20:49[22m [36m[1m[vite][22m[39m [90m[2m(client)[22m[39m [32mhmr update [39m[2m/src/index.css[22m
[2m11:20:49[22m [36m[1m[vite][22m[39m [90m[2m(client)[22m[39m [32mhmr update [39m[2m/src/index.css, /src/pages/crm/tasks/TaskCompletionCard.tsx[22m
[2m11:22:36[22m [36m[1m[vite][22m[39m [90m[2m(client)[22m[39m [32mhmr update [39m[2m/src/index.css[22m
[2m11:22:44[22m [36m[1m[vite][22m[39m [90m[2m(client)[22m[39m [32mhmr update [39m[2m/src/index.css[22m
[2m11:25:11[22m [36m[1m[vite][22m[39m [90m[2m(client)[22m[39m [32mhmr update [39m[2m/src/index.css, /src/pages/calendar/CalendarPage.tsx[22m
[2m11:47:55[22m [36m[1m[vite][22m[39m [90m[2m(client)[22m[39m [optimizer] bundling dependencies...
[2m11:47:58[22m [36m[1m[vite][22m[39m [90m[2m(client)[22m[39m [32mdependency optimized: [33mlucide-react[32m[39m
[2m11:47:58[22m [36m[1m[vite][22m[39m [90m[2m(client)[22m[39m [32moptimized dependencies changed. reloading[39m
[2m11:48:13[22m [36m[1m[vite][22m[39m [90m[2m(client)[22m[39m [32mhmr update [39m[2m/src/index.css, /src/main.tsx, /src/App.tsx, /src/components/layout/SplitViewContext.tsx, /src/components/layout/TenantSwitcher.tsx, /src/components/ui-shared/Loader.tsx, /src/components/layout/MainLayout.tsx, /src/pages/crm/components/ReminderToasts.tsx, /src/components/layout/PaneErrorBoundary.tsx, /src/components/ui-shared/LanguageSwitcher.tsx, /src/components/layout/RequestsAppsMenu.tsx, /src/pages/personnel/person/PersonPage.tsx, /src/pages/personnel/person/tabs/PersonAbsencesTab.tsx and 106 more[22m
[2m11:48:13[22m [36m[1m[vite][22m[39m [90m[2m(client)[22m[39m [32mhmr update [39m[2m/src/index.css, /src/main.tsx, /src/App.tsx, /src/components/layout/SplitViewContext.tsx, /src/components/layout/TenantSwitcher.tsx, /src/components/ui-shared/Loader.tsx, /src/components/layout/MainLayout.tsx, /src/pages/crm/components/ReminderToasts.tsx, /src/components/layout/PaneErrorBoundary.tsx, /src/components/ui-shared/LanguageSwitcher.tsx, /src/components/layout/RequestsAppsMenu.tsx, /src/pages/personnel/person/PersonPage.tsx, /src/pages/personnel/person/tabs/PersonAbsencesTab.tsx and 106 more[22m
[2m11:48:13[22m [36m[1m[vite][22m[39m [90m[2m(client)[22m[39m [32mhmr update [39m[2m/src/index.css, /src/main.tsx, /src/App.tsx, /src/components/layout/SplitViewContext.tsx, /src/components/layout/TenantSwitcher.tsx, /src/components/ui-shared/Loader.tsx, /src/components/layout/MainLayout.tsx, /src/pages/crm/components/ReminderToasts.tsx, /src/components/layout/PaneErrorBoundary.tsx, /src/components/ui-shared/LanguageSwitcher.tsx, /src/components/layout/RequestsAppsMenu.tsx, /src/pages/personnel/person/PersonPage.tsx, /src/pages/personnel/person/tabs/PersonAbsencesTab.tsx and 106 more[22m
[2m11:48:19[22m [36m[1m[vite][22m[39m [90m[2m(client)[22m[39m [33mhmr invalidate [39m[2m/src/main.tsx[22m Could not Fast Refresh ("true" export is incompatible). Learn more at https://github.com/vitejs/vite-plugin-react/tree/main/packages/plugin-react#consistent-components-exports
[2m11:48:19[22m [36m[1m[vite][22m[39m [90m[2m(client)[22m[39m [32mpage reload [39m[2msrc/main.tsx[22m
[2m11:48:19[22m [36m[1m[vite][22m[39m [90m[2m(client)[22m[39m [33mhmr invalidate [39m[2m/src/components/layout/SplitViewContext.tsx[22m Could not Fast Refresh ("SPLITABLE_ROUTES" export is incompatible). Learn more at https://github.com/vitejs/vite-plugin-react/tree/main/packages/plugin-react#consistent-components-exports
[2m11:48:19[22m [36m[1m[vite][22m[39m [90m[2m(client)[22m[39m [32mhmr update [39m[2m/src/components/layout/MainLayout.tsx, /src/components/layout/SplitViewToggle.tsx, /src/components/layout/PrimaryPane.tsx, /src/components/layout/SecondaryPane.tsx[22m
[2m11:48:19[22m [31m[1m[vite][22m[39m [31m[2m(client)[22m[39m [2m[console.error] [22mYou are calling ReactDOMClient.createRoot() on a container that has already been passed to createRoot() before. Instead, call root.render() on the existing root instead if you want to update it.
[2m11:48:19[22m [31m[1m[vite][22m[39m [31m[2m(client)[22m[39m [2m[console.error] [22mYou are calling ReactDOMClient.createRoot() on a container that has already been passed to createRoot() before. Instead, call root.render() on the existing root instead if you want to update it.
[2m11:48:19[22m [31m[1m[vite][22m[39m [31m[2m(client)[22m[39m [2m[console.error] [22mYou are calling ReactDOMClient.createRoot() on a container that has already been passed to createRoot() before. Instead, call root.render() on the existing root instead if you want to update it.
[2m11:48:19[22m [31m[1m[vite][22m[39m [31m[2m(client)[22m[39m [31m[Unhandled error] [1mError[22m: Usesplitview Must Be Used Within Splitviewprovid
[39m > useSplitView src/components/layout/SplitViewContext.tsx:126:20
    124 |  export const useSplitView = () => {
    125 |      const ctx = useContext(SplitViewContext);
    126 |      if (!ctx) throw new Error(t('auto.usesplitview_must_be_used_within_splitviewprovid'));
        |                      ^
    127 |      return ctx;
    128 |  };
 > MainLayoutInner src/components/layout/MainLayout.tsx?t=1787993293395:601:96
 > Object.react_stack_bottom_frame node_modules/react-dom/cjs/react-dom-client.development.js:25904:19
 > renderWithHooks node_modules/react-dom/cjs/react-dom-client.development.js:7662:21
 > updateFunctionComponent node_modules/react-dom/cjs/react-dom-client.development.js:10166:18
 > beginWork node_modules/react-dom/cjs/react-dom-client.development.js:11778:17
 > runWithFiberInDEV node_modules/react-dom/cjs/react-dom-client.development.js:871:29
 > performUnitOfWork node_modules/react-dom/cjs/react-dom-client.development.js:17641:21
 > workLoopSync node_modules/react-dom/cjs/react-dom-client.development.js:17469:40
 > renderRootSync node_modules/react-dom/cjs/react-dom-client.development.js:17450:10

[2m11:48:19[22m [33m[1m[vite][22m[39m [33m[2m(client)[22m[39m [2m[console.warn] [22mAn error occurred in the <MainLayoutInner> component.

Consider adding an error boundary to your tree to customize error handling behavior.
Visit https://react.dev/link/error-boundaries to learn more about error boundaries.

[2m11:48:19[22m [31m[1m[vite][22m[39m [31m[2m(client)[22m[39m [31m[Unhandled error] [1mError[22m: Usesplitview Must Be Used Within Splitviewprovid
[39m > useSplitView src/components/layout/SplitViewContext.tsx:126:20
    124 |  export const useSplitView = () => {
    125 |      const ctx = useContext(SplitViewContext);
    126 |      if (!ctx) throw new Error(t('auto.usesplitview_must_be_used_within_splitviewprovid'));
        |                      ^
    127 |      return ctx;
    128 |  };
 > MainLayoutInner src/components/layout/MainLayout.tsx?t=1787993293395:601:96
 > Object.react_stack_bottom_frame node_modules/react-dom/cjs/react-dom-client.development.js:25904:19
 > renderWithHooks node_modules/react-dom/cjs/react-dom-client.development.js:7662:21
 > updateFunctionComponent node_modules/react-dom/cjs/react-dom-client.development.js:10166:18
 > beginWork node_modules/react-dom/cjs/react-dom-client.development.js:11778:17
 > runWithFiberInDEV node_modules/react-dom/cjs/react-dom-client.development.js:871:29
 > performUnitOfWork node_modules/react-dom/cjs/react-dom-client.development.js:17641:21
 > workLoopSync node_modules/react-dom/cjs/react-dom-client.development.js:17469:40
 > renderRootSync node_modules/react-dom/cjs/react-dom-client.development.js:17450:10

[2m11:48:19[22m [33m[1m[vite][22m[39m [33m[2m(client)[22m[39m [2m[console.warn] [22mAn error occurred in the <MainLayoutInner> component.

Consider adding an error boundary to your tree to customize error handling behavior.
Visit https://react.dev/link/error-boundaries to learn more about error boundaries.

[2m11:48:19[22m [31m[1m[vite][22m[39m [31m[2m(client)[22m[39m [31m[Unhandled error] [1mError[22m: Usesplitview Must Be Used Within Splitviewprovid
[39m > useSplitView src/components/layout/SplitViewContext.tsx:126:20
    124 |  export const useSplitView = () => {
    125 |      const ctx = useContext(SplitViewContext);
    126 |      if (!ctx) throw new Error(t('auto.usesplitview_must_be_used_within_splitviewprovid'));
        |                      ^
    127 |      return ctx;
    128 |  };
 > MainLayoutInner src/components/layout/MainLayout.tsx?t=1787993293395:601:96
 > Object.react_stack_bottom_frame node_modules/react-dom/cjs/react-dom-client.development.js:25904:19
 > renderWithHooks node_modules/react-dom/cjs/react-dom-client.development.js:7662:21
 > updateFunctionComponent node_modules/react-dom/cjs/react-dom-client.development.js:10166:18
 > beginWork node_modules/react-dom/cjs/react-dom-client.development.js:11778:17
 > runWithFiberInDEV node_modules/react-dom/cjs/react-dom-client.development.js:871:29
 > performUnitOfWork node_modules/react-dom/cjs/react-dom-client.development.js:17641:21
 > workLoopSync node_modules/react-dom/cjs/react-dom-client.development.js:17469:40
 > renderRootSync node_modules/react-dom/cjs/react-dom-client.development.js:17450:10

[2m11:48:19[22m [33m[1m[vite][22m[39m [33m[2m(client)[22m[39m [2m[console.warn] [22mAn error occurred in the <MainLayoutInner> component.

Consider adding an error boundary to your tree to customize error handling behavior.
Visit https://react.dev/link/error-boundaries to learn more about error boundaries.

[2m11:48:19[22m [31m[1m[vite][22m[39m [31m[2m(client)[22m[39m [31m[Unhandled error] [1mError[22m: Usesplitview Must Be Used Within Splitviewprovid
[39m > useSplitView src/components/layout/SplitViewContext.tsx:126:20
    124 |  export const useSplitView = () => {
    125 |      const ctx = useContext(SplitViewContext);
    126 |      if (!ctx) throw new Error(t('auto.usesplitview_must_be_used_within_splitviewprovid'));
        |                      ^
    127 |      return ctx;
    128 |  };
 > MainLayoutInner src/components/layout/MainLayout.tsx?t=1787993293395:601:96
 > Object.react_stack_bottom_frame node_modules/react-dom/cjs/react-dom-client.development.js:25904:19
 > renderWithHooks node_modules/react-dom/cjs/react-dom-client.development.js:7662:21
 > updateFunctionComponent node_modules/react-dom/cjs/react-dom-client.development.js:10166:18
 > beginWork node_modules/react-dom/cjs/react-dom-client.development.js:11778:17
 > runWithFiberInDEV node_modules/react-dom/cjs/react-dom-client.development.js:871:29
 > performUnitOfWork node_modules/react-dom/cjs/react-dom-client.development.js:17641:21
 > workLoopSync node_modules/react-dom/cjs/react-dom-client.development.js:17469:40
 > renderRootSync node_modules/react-dom/cjs/react-dom-client.development.js:17450:10

[2m11:48:19[22m [33m[1m[vite][22m[39m [33m[2m(client)[22m[39m [2m[console.warn] [22mAn error occurred in the <MainLayoutInner> component.

Consider adding an error boundary to your tree to customize error handling behavior.
Visit https://react.dev/link/error-boundaries to learn more about error boundaries.

[2m11:48:19[22m [36m[1m[vite][22m[39m [90m[2m(client)[22m[39m [33mhmr invalidate [39m[2m/src/main.tsx[22m Could not Fast Refresh ("true" export is incompatible). Learn more at https://github.com/vitejs/vite-plugin-react/tree/main/packages/plugin-react#consistent-components-exports
[2m11:48:19[22m [36m[1m[vite][22m[39m [90m[2m(client)[22m[39m [32mpage reload [39m[2msrc/main.tsx[22m
[2m11:48:20[22m [31m[1m[vite][22m[39m [31m[2m(client)[22m[39m [31m[Unhandled error] [1mError[22m: Usesplitview Must Be Used Within Splitviewprovid
[39m > useSplitView src/components/layout/SplitViewContext.tsx:126:20
    124 |  export const useSplitView = () => {
    125 |      const ctx = useContext(SplitViewContext);
    126 |      if (!ctx) throw new Error(t('auto.usesplitview_must_be_used_within_splitviewprovid'));
        |                      ^
    127 |      return ctx;
    128 |  };
 > MainLayoutInner src/components/layout/MainLayout.tsx:523:98
 > Object.react_stack_bottom_frame node_modules/react-dom/cjs/react-dom-client.development.js:25904:19
 > renderWithHooks node_modules/react-dom/cjs/react-dom-client.development.js:7662:21
 > updateFunctionComponent node_modules/react-dom/cjs/react-dom-client.development.js:10166:18
 > beginWork node_modules/react-dom/cjs/react-dom-client.development.js:11778:17
 > runWithFiberInDEV node_modules/react-dom/cjs/react-dom-client.development.js:871:29
 > performUnitOfWork node_modules/react-dom/cjs/react-dom-client.development.js:17641:21
 > workLoopSync node_modules/react-dom/cjs/react-dom-client.development.js:17469:40
 > renderRootSync node_modules/react-dom/cjs/react-dom-client.development.js:17450:10

[2m11:48:20[22m [33m[1m[vite][22m[39m [33m[2m(client)[22m[39m [2m[console.warn] [22mAn error occurred in the <MainLayoutInner> component.

Consider adding an error boundary to your tree to customize error handling behavior.
Visit https://react.dev/link/error-boundaries to learn more about error boundaries.

[2m11:48:20[22m [31m[1m[vite][22m[39m [31m[2m(client)[22m[39m [31m[Unhandled error] [1mError[22m: Usesplitview Must Be Used Within Splitviewprovid
[39m > useSplitView src/components/layout/SplitViewContext.tsx:126:20
    124 |  export const useSplitView = () => {
    125 |      const ctx = useContext(SplitViewContext);
    126 |      if (!ctx) throw new Error(t('auto.usesplitview_must_be_used_within_splitviewprovid'));
        |                      ^
    127 |      return ctx;
    128 |  };
 > MainLayoutInner src/components/layout/MainLayout.tsx:523:98
 > Object.react_stack_bottom_frame node_modules/react-dom/cjs/react-dom-client.development.js:25904:19
 > renderWithHooks node_modules/react-dom/cjs/react-dom-client.development.js:7662:21
 > updateFunctionComponent node_modules/react-dom/cjs/react-dom-client.development.js:10166:18
 > beginWork node_modules/react-dom/cjs/react-dom-client.development.js:11778:17
 > runWithFiberInDEV node_modules/react-dom/cjs/react-dom-client.development.js:871:29
 > performUnitOfWork node_modules/react-dom/cjs/react-dom-client.development.js:17641:21
 > workLoopSync node_modules/react-dom/cjs/react-dom-client.development.js:17469:40
 > renderRootSync node_modules/react-dom/cjs/react-dom-client.development.js:17450:10

[2m11:48:20[22m [33m[1m[vite][22m[39m [33m[2m(client)[22m[39m [2m[console.warn] [22mAn error occurred in the <MainLayoutInner> component.

Consider adding an error boundary to your tree to customize error handling behavior.
Visit https://react.dev/link/error-boundaries to learn more about error boundaries.

[2m11:48:20[22m [31m[1m[vite][22m[39m [31m[2m(client)[22m[39m [31m[Unhandled error] [1mError[22m: Usesplitview Must Be Used Within Splitviewprovid
[39m > useSplitView src/components/layout/SplitViewContext.tsx:126:20
    124 |  export const useSplitView = () => {
    125 |      const ctx = useContext(SplitViewContext);
    126 |      if (!ctx) throw new Error(t('auto.usesplitview_must_be_used_within_splitviewprovid'));
        |                      ^
    127 |      return ctx;
    128 |  };
 > MainLayoutInner src/components/layout/MainLayout.tsx:523:98
 > Object.react_stack_bottom_frame node_modules/react-dom/cjs/react-dom-client.development.js:25904:19
 > renderWithHooks node_modules/react-dom/cjs/react-dom-client.development.js:7662:21
 > updateFunctionComponent node_modules/react-dom/cjs/react-dom-client.development.js:10166:18
 > beginWork node_modules/react-dom/cjs/react-dom-client.development.js:11778:17
 > runWithFiberInDEV node_modules/react-dom/cjs/react-dom-client.development.js:871:29
 > performUnitOfWork node_modules/react-dom/cjs/react-dom-client.development.js:17641:21
 > workLoopSync node_modules/react-dom/cjs/react-dom-client.development.js:17469:40
 > renderRootSync node_modules/react-dom/cjs/react-dom-client.development.js:17450:10

[2m11:48:20[22m [33m[1m[vite][22m[39m [33m[2m(client)[22m[39m [2m[console.warn] [22mAn error occurred in the <MainLayoutInner> component.

Consider adding an error boundary to your tree to customize error handling behavior.
Visit https://react.dev/link/error-boundaries to learn more about error boundaries.

[2m11:48:20[22m [31m[1m[vite][22m[39m [31m[2m(client)[22m[39m [31m[Unhandled error] [1mError[22m: Usesplitview Must Be Used Within Splitviewprovid
[39m > useSplitView src/components/layout/SplitViewContext.tsx:126:20
    124 |  export const useSplitView = () => {
    125 |      const ctx = useContext(SplitViewContext);
    126 |      if (!ctx) throw new Error(t('auto.usesplitview_must_be_used_within_splitviewprovid'));
        |                      ^
    127 |      return ctx;
    128 |  };
 > MainLayoutInner src/components/layout/MainLayout.tsx:523:98
 > Object.react_stack_bottom_frame node_modules/react-dom/cjs/react-dom-client.development.js:25904:19
 > renderWithHooks node_modules/react-dom/cjs/react-dom-client.development.js:7662:21
 > updateFunctionComponent node_modules/react-dom/cjs/react-dom-client.development.js:10166:18
 > beginWork node_modules/react-dom/cjs/react-dom-client.development.js:11778:17
 > runWithFiberInDEV node_modules/react-dom/cjs/react-dom-client.development.js:871:29
 > performUnitOfWork node_modules/react-dom/cjs/react-dom-client.development.js:17641:21
 > workLoopSync node_modules/react-dom/cjs/react-dom-client.development.js:17469:40
 > renderRootSync node_modules/react-dom/cjs/react-dom-client.development.js:17450:10

[2m11:48:20[22m [33m[1m[vite][22m[39m [33m[2m(client)[22m[39m [2m[console.warn] [22mAn error occurred in the <MainLayoutInner> component.

Consider adding an error boundary to your tree to customize error handling behavior.
Visit https://react.dev/link/error-boundaries to learn more about error boundaries.

[2m11:48:27[22m [36m[1m[vite][22m[39m [90m[2m(client)[22m[39m [32mhmr update [39m[2m/src/index.css, /src/pages/sales/detail/popups/ExportPopup.tsx[22m
[2m11:48:32[22m [36m[1m[vite][22m[39m [90m[2m(client)[22m[39m [32mhmr update [39m[2m/src/index.css, /src/pages/sales/detail/popups/ExportPopup.tsx[22m
